{"name":"source_trace_36","package":"U_RAM","end":{"x":0.4400000000000013,"y":-36.8},"expanded":41147,"newVias":0,"reusedBootstrapLayer":"top","length":6.762497901916504}
{"name":"source_trace_33","package":"U_RAM","end":{"x":-5.8,"y":-36.8},"expanded":153170,"newVias":0,"reusedBootstrapLayer":"top","length":13.578174591064453}
{"name":"source_trace_34","package":"U_RAM","end":{"x":-5.4799999999999995,"y":-36.8},"expanded":242701,"newVias":1,"reusedBootstrapLayer":"bottom","length":11.88576889038086}
{"name":"source_trace_19","package":"U_RAM","end":{"x":-2.4399999999999995,"y":-36.8},"expanded":102818,"newVias":1,"reusedBootstrapLayer":"bottom","length":9.906905174255371}
{"name":"source_trace_25","package":"U_RAM","end":{"x":1.4000000000000004,"y":-36.8},"expanded":62329,"newVias":1,"reusedBootstrapLayer":"bottom","length":4.476955413818359}
{"name":"source_trace_5","package":"U_RAM","end":{"x":-0.03999999999999915,"y":-36.8},"expanded":174003,"newVias":1,"reusedBootstrapLayer":"bottom","length":10.809016227722168}
{"name":"source_trace_37","package":"U_RAM","end":{"x":-0.5199999999999996,"y":-36.8},"expanded":51782,"newVias":1,"reusedBootstrapLayer":"bottom","length":6.043818473815918}
{"name":"source_trace_20","package":"U_RAM","end":{"x":-7.239999999999999,"y":-36.8},"expanded":123547,"newVias":1,"reusedBootstrapLayer":"bottom","length":11.029890060424805}
{"name":"source_trace_9","package":"U_RAM","end":{"x":-3.4000000000000004,"y":-36.8},"expanded":119575,"newVias":2,"reusedBootstrapLayer":"top","length":4.779898643493652}
{"name":"source_trace_22","package":"U_RAM","end":{"x":-8.2,"y":-36.8},"expanded":83261,"newVias":1,"reusedBootstrapLayer":"bottom","length":9.589890480041504}
{"name":"source_trace_7","package":"U_RAM","end":{"x":-1.959999999999999,"y":-36.8},"expanded":193370,"newVias":3,"reusedBootstrapLayer":"bottom","length":9.021564483642578}
{"name":"source_trace_21","package":"U_RAM","end":{"x":-7.72,"y":-36.8},"expanded":140162,"newVias":2,"reusedBootstrapLayer":"top","length":14.67474365234375}
{"name":"source_trace_45","package":"U_RAM","end":{"x":-4.359999999999999,"y":-36.8},"expanded":186743,"newVias":1,"reusedBootstrapLayer":"bottom","length":12.079310417175293}
{"name":"source_trace_38","package":"U_RAM","end":{"x":-2.92,"y":-36.8},"expanded":40941,"newVias":1,"reusedBootstrapLayer":"bottom","length":10.882152557373047}
{"name":"source_trace_46","package":"U_RAM","end":{"x":-10.12,"y":-36.8},"expanded":189267,"newVias":1,"reusedBootstrapLayer":"bottom","length":17.82038688659668}
{"name":"source_trace_39","package":"U_RAM","end":{"x":2.84,"y":-36.8},"expanded":7609,"newVias":0,"reusedBootstrapLayer":"top","length":3.747939348220825}
{"name":"source_trace_18","package":"U_RAM","end":{"x":3.3200000000000003,"y":-36.8},"expanded":236405,"newVias":1,"reusedBootstrapLayer":"bottom","length":13.356955528259277}
{"name":"source_trace_35","package":"U_RAM","end":{"x":1.8800000000000008,"y":-36.8},"expanded":214437,"newVias":0,"reusedBootstrapLayer":"top","length":12.860386848449707}
{"name":"source_trace_23","package":"U_RAM","end":{"x":-9.64,"y":-36.8},"expanded":45253,"newVias":1,"reusedBootstrapLayer":"bottom","length":11.289301872253418}
{"name":"source_trace_47","package":"U_RAM","end":{"x":-9.16,"y":-36.8},"expanded":71724,"newVias":2,"reusedBootstrapLayer":"top","length":16.713624954223633}
{"name":"source_trace_6","package":"U_RAM","end":{"x":-8.68,"y":-36.8},"expanded":72778,"newVias":0,"reusedBootstrapLayer":"top","length":11.52444839477539}
{"name":"source_trace_48","package":"U_RAM","end":{"x":-1,"y":-36.8},"expanded":5973770,"newVias":4,"reusedBootstrapLayer":"top","length":28.31307601928711}
{"package":"U_RAM","trial":0,"order":["source_trace_36","source_trace_33","source_trace_34","source_trace_19","source_trace_25","source_trace_5","source_trace_37","source_trace_20","source_trace_9","source_trace_22","source_trace_7","source_trace_21","source_trace_45","source_trace_38","source_trace_46","source_trace_39","source_trace_18","source_trace_35","source_trace_23","source_trace_47","source_trace_6","source_trace_48","source_trace_0","source_trace_44","source_trace_24","source_trace_8"],"failedName":"source_trace_0"}
{"name":"source_trace_0","package":"U_RAM","end":{"x":-1.4799999999999986,"y":-36.8},"expanded":67057,"newVias":0,"reusedBootstrapLayer":"top","length":9.556955337524414}
{"name":"source_trace_36","package":"U_RAM","end":{"x":0.4400000000000013,"y":-36.8},"expanded":41147,"newVias":0,"reusedBootstrapLayer":"top","length":6.762497901916504}
{"name":"source_trace_33","package":"U_RAM","end":{"x":-5.8,"y":-36.8},"expanded":230727,"newVias":1,"reusedBootstrapLayer":"bottom","length":12.512042999267578}
{"name":"source_trace_34","package":"U_RAM","end":{"x":-5.4799999999999995,"y":-36.8},"expanded":155743,"newVias":1,"reusedBootstrapLayer":"bottom","length":11.766946792602539}
{"name":"source_trace_19","package":"U_RAM","end":{"x":-2.4399999999999995,"y":-36.8},"expanded":183314,"newVias":1,"reusedBootstrapLayer":"bottom","length":9.836955070495605}
{"name":"source_trace_25","package":"U_RAM","end":{"x":1.4000000000000004,"y":-36.8},"expanded":93205,"newVias":1,"reusedBootstrapLayer":"bottom","length":4.476955413818359}
{"name":"source_trace_5","package":"U_RAM","end":{"x":-0.03999999999999915,"y":-36.8},"expanded":18907,"newVias":1,"reusedBootstrapLayer":"bottom","length":8.422741889953613}
{"name":"source_trace_37","package":"U_RAM","end":{"x":-0.5199999999999996,"y":-36.8},"expanded":128469,"newVias":1,"reusedBootstrapLayer":"bottom","length":8.153624534606934}
{"name":"source_trace_20","package":"U_RAM","end":{"x":-7.239999999999999,"y":-36.8},"expanded":240155,"newVias":1,"reusedBootstrapLayer":"bottom","length":13.289301872253418}
{"name":"source_trace_9","package":"U_RAM","end":{"x":-3.4000000000000004,"y":-36.8},"expanded":44024,"newVias":2,"reusedBootstrapLayer":"top","length":4.779898643493652}
{"name":"source_trace_22","package":"U_RAM","end":{"x":-8.2,"y":-36.8},"expanded":189019,"newVias":0,"reusedBootstrapLayer":"top","length":18.30960464477539}
{"package":"U_RAM","trial":1,"order":["source_trace_0","source_trace_36","source_trace_33","source_trace_34","source_trace_19","source_trace_25","source_trace_5","source_trace_37","source_trace_20","source_trace_9","source_trace_22","source_trace_7","source_trace_21","source_trace_45","source_trace_38","source_trace_46","source_trace_39","source_trace_18","source_trace_35","source_trace_23","source_trace_47","source_trace_6","source_trace_48","source_trace_44","source_trace_24","source_trace_8"],"failedName":"source_trace_7"}
{"name":"source_trace_7","package":"U_RAM","end":{"x":-1.959999999999999,"y":-36.8},"expanded":72153,"newVias":1,"reusedBootstrapLayer":"bottom","length":6.114802360534668}
{"name":"source_trace_0","package":"U_RAM","end":{"x":-1.4799999999999986,"y":-36.8},"expanded":75322,"newVias":0,"reusedBootstrapLayer":"top","length":9.788914680480957}
{"name":"source_trace_36","package":"U_RAM","end":{"x":0.4400000000000013,"y":-36.8},"expanded":41147,"newVias":0,"reusedBootstrapLayer":"top","length":6.762497901916504}
{"name":"source_trace_33","package":"U_RAM","end":{"x":-5.8,"y":-36.8},"expanded":371712,"newVias":1,"reusedBootstrapLayer":"bottom","length":13.519596099853516}
{"name":"source_trace_34","package":"U_RAM","end":{"x":-5.4799999999999995,"y":-36.8},"expanded":357706,"newVias":1,"reusedBootstrapLayer":"bottom","length":13.430580139160156}
{"name":"source_trace_19","package":"U_RAM","end":{"x":-2.4399999999999995,"y":-36.8},"expanded":163063,"newVias":1,"reusedBootstrapLayer":"bottom","length":9.836955070495605}
{"name":"source_trace_25","package":"U_RAM","end":{"x":1.4000000000000004,"y":-36.8},"expanded":57522,"newVias":0,"reusedBootstrapLayer":"top","length":7.434112548828125}
{"package":"U_RAM","trial":2,"order":["source_trace_7","source_trace_0","source_trace_36","source_trace_33","source_trace_34","source_trace_19","source_trace_25","source_trace_5","source_trace_37","source_trace_20","source_trace_9","source_trace_22","source_trace_21","source_trace_45","source_trace_38","source_trace_46","source_trace_39","source_trace_18","source_trace_35","source_trace_23","source_trace_47","source_trace_6","source_trace_48","source_trace_44","source_trace_24","source_trace_8"],"failedName":"source_trace_5"}
{"name":"source_trace_5","package":"U_RAM","end":{"x":-0.03999999999999915,"y":-36.8},"expanded":106512,"newVias":1,"reusedBootstrapLayer":"bottom","length":8.211858749389648}
{"name":"source_trace_7","package":"U_RAM","end":{"x":-1.959999999999999,"y":-36.8},"expanded":47671,"newVias":1,"reusedBootstrapLayer":"bottom","length":6.147939682006836}
{"name":"source_trace_0","package":"U_RAM","end":{"x":-1.4799999999999986,"y":-36.8},"expanded":44867,"newVias":0,"reusedBootstrapLayer":"top","length":9.556955337524414}
{"name":"source_trace_36","package":"U_RAM","end":{"x":0.4400000000000013,"y":-36.8},"expanded":41138,"newVias":0,"reusedBootstrapLayer":"top","length":6.762497901916504}
{"name":"source_trace_33","package":"U_RAM","end":{"x":-5.8,"y":-36.8},"expanded":404211,"newVias":1,"reusedBootstrapLayer":"bottom","length":13.96479320526123}
{"name":"source_trace_34","package":"U_RAM","end":{"x":-5.4799999999999995,"y":-36.8},"expanded":422850,"newVias":1,"reusedBootstrapLayer":"bottom","length":14.133523941040039}
{"name":"source_trace_19","package":"U_RAM","end":{"x":-2.4399999999999995,"y":-36.8},"expanded":146954,"newVias":0,"reusedBootstrapLayer":"top","length":12.283330917358398}
{"name":"source_trace_25","package":"U_RAM","end":{"x":1.4000000000000004,"y":-36.8},"expanded":62978,"newVias":1,"reusedBootstrapLayer":"bottom","length":7.434112548828125}
{"name":"source_trace_37","package":"U_RAM","end":{"x":-0.5199999999999996,"y":-36.8},"expanded":60255,"newVias":1,"reusedBootstrapLayer":"bottom","length":6.320975303649902}
{"name":"source_trace_20","package":"U_RAM","end":{"x":-7.239999999999999,"y":-36.8},"expanded":318368,"newVias":3,"reusedBootstrapLayer":"bottom","length":16.676408767700195}
{"package":"U_RAM","trial":3,"order":["source_trace_5","source_trace_7","source_trace_0","source_trace_36","source_trace_33","source_trace_34","source_trace_19","source_trace_25","source_trace_37","source_trace_20","source_trace_9","source_trace_22","source_trace_21","source_trace_45","source_trace_38","source_trace_46","source_trace_39","source_trace_18","source_trace_35","source_trace_23","source_trace_47","source_trace_6","source_trace_48","source_trace_44","source_trace_24","source_trace_8"],"failedName":"source_trace_9"}
{"name":"source_trace_9","package":"U_RAM","end":{"x":-3.4000000000000004,"y":-36.8},"expanded":20746,"newVias":0,"reusedBootstrapLayer":"top","length":4.7798991203308105}
{"name":"source_trace_5","package":"U_RAM","end":{"x":-0.03999999999999915,"y":-36.8},"expanded":106337,"newVias":1,"reusedBootstrapLayer":"bottom","length":8.211858749389648}
{"name":"source_trace_7","package":"U_RAM","end":{"x":-1.959999999999999,"y":-36.8},"expanded":45179,"newVias":1,"reusedBootstrapLayer":"bottom","length":6.147939682006836}
{"name":"source_trace_0","package":"U_RAM","end":{"x":-1.4799999999999986,"y":-36.8},"expanded":167716,"newVias":1,"reusedBootstrapLayer":"bottom","length":9.406172752380371}
{"name":"source_trace_36","package":"U_RAM","end":{"x":0.4400000000000013,"y":-36.8},"expanded":41138,"newVias":0,"reusedBootstrapLayer":"top","length":6.762497901916504}
{"name":"source_trace_33","package":"U_RAM","end":{"x":-5.8,"y":-36.8},"expanded":532003,"newVias":1,"reusedBootstrapLayer":"bottom","length":14.90205192565918}
{"name":"source_trace_34","package":"U_RAM","end":{"x":-5.4799999999999995,"y":-36.8},"expanded":427406,"newVias":1,"reusedBootstrapLayer":"bottom","length":14.369503021240234}
{"name":"source_trace_19","package":"U_RAM","end":{"x":-2.4399999999999995,"y":-36.8},"expanded":144703,"newVias":0,"reusedBootstrapLayer":"top","length":12.283330917358398}
{"name":"source_trace_25","package":"U_RAM","end":{"x":1.4000000000000004,"y":-36.8},"expanded":62195,"newVias":1,"reusedBootstrapLayer":"bottom","length":7.434112548828125}
{"name":"source_trace_37","package":"U_RAM","end":{"x":-0.5199999999999996,"y":-36.8},"expanded":59470,"newVias":1,"reusedBootstrapLayer":"bottom","length":6.320975303649902}
{"name":"source_trace_20","package":"U_RAM","end":{"x":-7.239999999999999,"y":-36.8},"expanded":330637,"newVias":3,"reusedBootstrapLayer":"bottom","length":15.265871047973633}
{"name":"source_trace_22","package":"U_RAM","end":{"x":-8.2,"y":-36.8},"expanded":205633,"newVias":3,"reusedBootstrapLayer":"bottom","length":15.656854629516602}
{"name":"source_trace_21","package":"U_RAM","end":{"x":-7.72,"y":-36.8},"expanded":425095,"newVias":3,"reusedBootstrapLayer":"bottom","length":19.519107818603516}
{"name":"source_trace_45","package":"U_RAM","end":{"x":-4.359999999999999,"y":-36.8},"expanded":151846,"newVias":1,"reusedBootstrapLayer":"bottom","length":12.979697227478027}
{"package":"U_RAM","trial":4,"order":["source_trace_9","source_trace_5","source_trace_7","source_trace_0","source_trace_36","source_trace_33","source_trace_34","source_trace_19","source_trace_25","source_trace_37","source_trace_20","source_trace_22","source_trace_21","source_trace_45","source_trace_38","source_trace_46","source_trace_39","source_trace_18","source_trace_35","source_trace_23","source_trace_47","source_trace_6","source_trace_48","source_trace_44","source_trace_24","source_trace_8"],"failedName":"source_trace_38"}
{"name":"source_trace_38","package":"U_RAM","end":{"x":-2.92,"y":-36.8},"expanded":15146,"newVias":0,"reusedBootstrapLayer":"top","length":6.65969705581665}
{"name":"source_trace_9","package":"U_RAM","end":{"x":-3.4000000000000004,"y":-36.8},"expanded":20746,"newVias":0,"reusedBootstrapLayer":"top","length":4.7798991203308105}
{"name":"source_trace_5","package":"U_RAM","end":{"x":-0.03999999999999915,"y":-36.8},"expanded":104368,"newVias":1,"reusedBootstrapLayer":"bottom","length":8.211858749389648}
{"name":"source_trace_7","package":"U_RAM","end":{"x":-1.959999999999999,"y":-36.8},"expanded":44505,"newVias":1,"reusedBootstrapLayer":"bottom","length":6.147939682006836}
{"name":"source_trace_0","package":"U_RAM","end":{"x":-1.4799999999999986,"y":-36.8},"expanded":212324,"newVias":1,"reusedBootstrapLayer":"bottom","length":9.919310569763184}
{"name":"source_trace_36","package":"U_RAM","end":{"x":0.4400000000000013,"y":-36.8},"expanded":98379,"newVias":1,"reusedBootstrapLayer":"bottom","length":6.446172714233398}
{"name":"source_trace_33","package":"U_RAM","end":{"x":-5.8,"y":-36.8},"expanded":510306,"newVias":1,"reusedBootstrapLayer":"bottom","length":14.90205192565918}
{"name":"source_trace_34","package":"U_RAM","end":{"x":-5.4799999999999995,"y":-36.8},"expanded":414380,"newVias":1,"reusedBootstrapLayer":"bottom","length":14.5517578125}
{"name":"source_trace_19","package":"U_RAM","end":{"x":-2.4399999999999995,"y":-36.8},"expanded":343930,"newVias":1,"reusedBootstrapLayer":"bottom","length":13.442985534667969}
{"name":"source_trace_25","package":"U_RAM","end":{"x":1.4000000000000004,"y":-36.8},"expanded":110811,"newVias":2,"reusedBootstrapLayer":"top","length":5.9798994064331055}
{"name":"source_trace_37","package":"U_RAM","end":{"x":-0.5199999999999996,"y":-36.8},"expanded":201358,"newVias":1,"reusedBootstrapLayer":"bottom","length":9.175189018249512}
{"name":"source_trace_20","package":"U_RAM","end":{"x":-7.239999999999999,"y":-36.8},"expanded":317347,"newVias":2,"reusedBootstrapLayer":"top","length":15.217342376708984}
{"name":"source_trace_22","package":"U_RAM","end":{"x":-8.2,"y":-36.8},"expanded":322112,"newVias":2,"reusedBootstrapLayer":"top","length":15.619697570800781}
{"name":"source_trace_21","package":"U_RAM","end":{"x":-7.72,"y":-36.8},"expanded":740140,"newVias":2,"reusedBootstrapLayer":"top","length":19.41949462890625}
{"name":"source_trace_45","package":"U_RAM","end":{"x":-4.359999999999999,"y":-36.8},"expanded":976089,"newVias":1,"reusedBootstrapLayer":"bottom","length":22.678762435913086}
{"name":"source_trace_46","package":"U_RAM","end":{"x":-10.12,"y":-36.8},"expanded":1134794,"newVias":1,"reusedBootstrapLayer":"bottom","length":27.901445388793945}
{"name":"source_trace_39","package":"U_RAM","end":{"x":2.84,"y":-36.8},"expanded":7495,"newVias":0,"reusedBootstrapLayer":"top","length":3.747939348220825}
{"name":"source_trace_18","package":"U_RAM","end":{"x":3.3200000000000003,"y":-36.8},"expanded":71131,"newVias":1,"reusedBootstrapLayer":"bottom","length":14.51376724243164}
{"name":"source_trace_35","package":"U_RAM","end":{"x":1.8800000000000008,"y":-36.8},"expanded":23483,"newVias":1,"reusedBootstrapLayer":"bottom","length":8.013035774230957}
{"package":"U_RAM","trial":5,"order":["source_trace_38","source_trace_9","source_trace_5","source_trace_7","source_trace_0","source_trace_36","source_trace_33","source_trace_34","source_trace_19","source_trace_25","source_trace_37","source_trace_20","source_trace_22","source_trace_21","source_trace_45","source_trace_46","source_trace_39","source_trace_18","source_trace_35","source_trace_23","source_trace_47","source_trace_6","source_trace_48","source_trace_44","source_trace_24","source_trace_8"],"failedName":"source_trace_23"}
{"name":"source_trace_23","package":"U_RAM","end":{"x":-9.64,"y":-36.8},"expanded":183169,"newVias":0,"reusedBootstrapLayer":"top","length":12.10773754119873}
{"name":"source_trace_38","package":"U_RAM","end":{"x":-2.92,"y":-36.8},"expanded":15146,"newVias":0,"reusedBootstrapLayer":"top","length":6.65969705581665}
{"name":"source_trace_9","package":"U_RAM","end":{"x":-3.4000000000000004,"y":-36.8},"expanded":71951,"newVias":1,"reusedBootstrapLayer":"bottom","length":4.7798991203308105}
{"name":"source_trace_5","package":"U_RAM","end":{"x":-0.03999999999999915,"y":-36.8},"expanded":98147,"newVias":1,"reusedBootstrapLayer":"bottom","length":8.211858749389648}
{"name":"source_trace_7","package":"U_RAM","end":{"x":-1.959999999999999,"y":-36.8},"expanded":106313,"newVias":1,"reusedBootstrapLayer":"bottom","length":8.810681343078613}
{"name":"source_trace_0","package":"U_RAM","end":{"x":-1.4799999999999986,"y":-36.8},"expanded":328781,"newVias":1,"reusedBootstrapLayer":"bottom","length":11.109259605407715}
{"name":"source_trace_36","package":"U_RAM","end":{"x":0.4400000000000013,"y":-36.8},"expanded":85701,"newVias":1,"reusedBootstrapLayer":"bottom","length":6.446172714233398}
{"name":"source_trace_33","package":"U_RAM","end":{"x":-5.8,"y":-36.8},"expanded":89641,"newVias":0,"reusedBootstrapLayer":"top","length":13.765625953674316}
{"name":"source_trace_34","package":"U_RAM","end":{"x":-5.4799999999999995,"y":-36.8},"expanded":243183,"newVias":0,"reusedBootstrapLayer":"top","length":15.321605682373047}
{"name":"source_trace_19","package":"U_RAM","end":{"x":-2.4399999999999995,"y":-36.8},"expanded":455352,"newVias":1,"reusedBootstrapLayer":"bottom","length":13.25719928741455}
{"package":"U_RAM","trial":6,"order":["source_trace_23","source_trace_38","source_trace_9","source_trace_5","source_trace_7","source_trace_0","source_trace_36","source_trace_33","source_trace_34","source_trace_19","source_trace_25","source_trace_37","source_trace_20","source_trace_22","source_trace_21","source_trace_45","source_trace_46","source_trace_39","source_trace_18","source_trace_35","source_trace_47","source_trace_6","source_trace_48","source_trace_44","source_trace_24","source_trace_8"],"failedName":"source_trace_25"}
{"name":"source_trace_25","package":"U_RAM","end":{"x":1.4000000000000004,"y":-36.8},"expanded":14789,"newVias":0,"reusedBootstrapLayer":"top","length":4.476955413818359}
{"name":"source_trace_23","package":"U_RAM","end":{"x":-9.64,"y":-36.8},"expanded":189037,"newVias":1,"reusedBootstrapLayer":"bottom","length":10.511067390441895}
{"name":"source_trace_38","package":"U_RAM","end":{"x":-2.92,"y":-36.8},"expanded":111487,"newVias":1,"reusedBootstrapLayer":"bottom","length":6.659696578979492}
{"name":"source_trace_9","package":"U_RAM","end":{"x":-3.4000000000000004,"y":-36.8},"expanded":20746,"newVias":0,"reusedBootstrapLayer":"top","length":4.7798991203308105}
{"name":"source_trace_5","package":"U_RAM","end":{"x":-0.03999999999999915,"y":-36.8},"expanded":73851,"newVias":1,"reusedBootstrapLayer":"bottom","length":8.399310111999512}
{"name":"source_trace_7","package":"U_RAM","end":{"x":-1.959999999999999,"y":-36.8},"expanded":161111,"newVias":1,"reusedBootstrapLayer":"bottom","length":11.146761894226074}
{"name":"source_trace_0","package":"U_RAM","end":{"x":-1.4799999999999986,"y":-36.8},"expanded":428816,"newVias":2,"reusedBootstrapLayer":"top","length":10.111757278442383}
{"name":"source_trace_36","package":"U_RAM","end":{"x":0.4400000000000013,"y":-36.8},"expanded":134526,"newVias":1,"reusedBootstrapLayer":"bottom","length":6.777544021606445}
{"name":"source_trace_33","package":"U_RAM","end":{"x":-5.8,"y":-36.8},"expanded":308108,"newVias":1,"reusedBootstrapLayer":"bottom","length":14.222539901733398}
{"name":"source_trace_34","package":"U_RAM","end":{"x":-5.4799999999999995,"y":-36.8},"expanded":703904,"newVias":1,"reusedBootstrapLayer":"bottom","length":16.349403381347656}
{"package":"U_RAM","trial":7,"order":["source_trace_25","source_trace_23","source_trace_38","source_trace_9","source_trace_5","source_trace_7","source_trace_0","source_trace_36","source_trace_33","source_trace_34","source_trace_19","source_trace_37","source_trace_20","source_trace_22","source_trace_21","source_trace_45","source_trace_46","source_trace_39","source_trace_18","source_trace_35","source_trace_47","source_trace_6","source_trace_48","source_trace_44","source_trace_24","source_trace_8"],"failedName":"source_trace_19"}
{"name":"source_trace_19","package":"U_RAM","end":{"x":-2.4399999999999995,"y":-36.8},"expanded":38444,"newVias":0,"reusedBootstrapLayer":"top","length":9.044995307922363}
{"name":"source_trace_25","package":"U_RAM","end":{"x":1.4000000000000004,"y":-36.8},"expanded":67255,"newVias":1,"reusedBootstrapLayer":"bottom","length":4.476955413818359}
{"name":"source_trace_23","package":"U_RAM","end":{"x":-9.64,"y":-36.8},"expanded":179260,"newVias":1,"reusedBootstrapLayer":"bottom","length":10.511067390441895}
{"name":"source_trace_38","package":"U_RAM","end":{"x":-2.92,"y":-36.8},"expanded":217040,"newVias":0,"reusedBootstrapLayer":"top","length":9.792590141296387}
{"name":"source_trace_9","package":"U_RAM","end":{"x":-3.4000000000000004,"y":-36.8},"expanded":20723,"newVias":0,"reusedBootstrapLayer":"top","length":4.7798991203308105}
{"name":"source_trace_5","package":"U_RAM","end":{"x":-0.03999999999999915,"y":-36.8},"expanded":111795,"newVias":1,"reusedBootstrapLayer":"bottom","length":8.76381778717041}
{"package":"U_RAM","trial":8,"order":["source_trace_19","source_trace_25","source_trace_23","source_trace_38","source_trace_9","source_trace_5","source_trace_7","source_trace_0","source_trace_36","source_trace_33","source_trace_34","source_trace_37","source_trace_20","source_trace_22","source_trace_21","source_trace_45","source_trace_46","source_trace_39","source_trace_18","source_trace_35","source_trace_47","source_trace_6","source_trace_48","source_trace_44","source_trace_24","source_trace_8"],"failedName":"source_trace_7"}
{"name":"source_trace_7","package":"U_RAM","end":{"x":-1.959999999999999,"y":-36.8},"expanded":72153,"newVias":1,"reusedBootstrapLayer":"bottom","length":6.114802360534668}
{"name":"source_trace_19","package":"U_RAM","end":{"x":-2.4399999999999995,"y":-36.8},"expanded":26962,"newVias":0,"reusedBootstrapLayer":"top","length":9.044995307922363}
{"name":"source_trace_25","package":"U_RAM","end":{"x":1.4000000000000004,"y":-36.8},"expanded":58380,"newVias":1,"reusedBootstrapLayer":"bottom","length":4.476955413818359}
{"name":"source_trace_23","package":"U_RAM","end":{"x":-9.64,"y":-36.8},"expanded":147027,"newVias":1,"reusedBootstrapLayer":"bottom","length":11.833220481872559}
{"name":"source_trace_38","package":"U_RAM","end":{"x":-2.92,"y":-36.8},"expanded":189362,"newVias":0,"reusedBootstrapLayer":"top","length":10.07376766204834}
{"name":"source_trace_9","package":"U_RAM","end":{"x":-3.4000000000000004,"y":-36.8},"expanded":20111,"newVias":0,"reusedBootstrapLayer":"top","length":4.7798991203308105}
{"name":"source_trace_5","package":"U_RAM","end":{"x":-0.03999999999999915,"y":-36.8},"expanded":75925,"newVias":1,"reusedBootstrapLayer":"bottom","length":8.76381778717041}
{"package":"U_RAM","trial":9,"order":["source_trace_7","source_trace_19","source_trace_25","source_trace_23","source_trace_38","source_trace_9","source_trace_5","source_trace_0","source_trace_36","source_trace_33","source_trace_34","source_trace_37","source_trace_20","source_trace_22","source_trace_21","source_trace_45","source_trace_46","source_trace_39","source_trace_18","source_trace_35","source_trace_47","source_trace_6","source_trace_48","source_trace_44","source_trace_24","source_trace_8"],"failedName":"source_trace_0"}
{"name":"source_trace_0","package":"U_RAM","end":{"x":-1.4799999999999986,"y":-36.8},"expanded":67057,"newVias":0,"reusedBootstrapLayer":"top","length":9.556955337524414}
{"name":"source_trace_7","package":"U_RAM","end":{"x":-1.959999999999999,"y":-36.8},"expanded":71508,"newVias":1,"reusedBootstrapLayer":"bottom","length":6.147939682006836}
{"name":"source_trace_19","package":"U_RAM","end":{"x":-2.4399999999999995,"y":-36.8},"expanded":146314,"newVias":1,"reusedBootstrapLayer":"bottom","length":8.737056732177734}
{"name":"source_trace_25","package":"U_RAM","end":{"x":1.4000000000000004,"y":-36.8},"expanded":14789,"newVias":0,"reusedBootstrapLayer":"top","length":4.476955413818359}
{"name":"source_trace_23","package":"U_RAM","end":{"x":-9.64,"y":-36.8},"expanded":245635,"newVias":1,"reusedBootstrapLayer":"bottom","length":13.727838516235352}
{"name":"source_trace_38","package":"U_RAM","end":{"x":-2.92,"y":-36.8},"expanded":199519,"newVias":1,"reusedBootstrapLayer":"bottom","length":8.302539825439453}
{"name":"source_trace_9","package":"U_RAM","end":{"x":-3.4000000000000004,"y":-36.8},"expanded":51496,"newVias":0,"reusedBootstrapLayer":"top","length":9.193624496459961}
{"name":"source_trace_5","package":"U_RAM","end":{"x":-0.03999999999999915,"y":-36.8},"expanded":167020,"newVias":1,"reusedBootstrapLayer":"bottom","length":11.296366691589355}
{"name":"source_trace_36","package":"U_RAM","end":{"x":0.4400000000000013,"y":-36.8},"expanded":126284,"newVias":1,"reusedBootstrapLayer":"bottom","length":6.777544021606445}
{"name":"source_trace_33","package":"U_RAM","end":{"x":-5.8,"y":-36.8},"expanded":427973,"newVias":1,"reusedBootstrapLayer":"bottom","length":14.952245712280273}
{"name":"source_trace_34","package":"U_RAM","end":{"x":-5.4799999999999995,"y":-36.8},"expanded":757801,"newVias":1,"reusedBootstrapLayer":"bottom","length":17.363616943359375}
{"name":"source_trace_37","package":"U_RAM","end":{"x":-0.5199999999999996,"y":-36.8},"expanded":169236,"newVias":0,"reusedBootstrapLayer":"top","length":10.492203712463379}
{"name":"source_trace_20","package":"U_RAM","end":{"x":-7.239999999999999,"y":-36.8},"expanded":435972,"newVias":2,"reusedBootstrapLayer":"top","length":17.948713302612305}
{"name":"source_trace_22","package":"U_RAM","end":{"x":-8.2,"y":-36.8},"expanded":755156,"newVias":4,"reusedBootstrapLayer":"top","length":17.156265258789062}
{"name":"source_trace_21","package":"U_RAM","end":{"x":-7.72,"y":-36.8},"expanded":733507,"newVias":2,"reusedBootstrapLayer":"top","length":20.87890625}
{"name":"source_trace_45","package":"U_RAM","end":{"x":-4.359999999999999,"y":-36.8},"expanded":868086,"newVias":1,"reusedBootstrapLayer":"bottom","length":24.765769958496094}
{"package":"U_RAM","trial":10,"order":["source_trace_0","source_trace_7","source_trace_19","source_trace_25","source_trace_23","source_trace_38","source_trace_9","source_trace_5","source_trace_36","source_trace_33","source_trace_34","source_trace_37","source_trace_20","source_trace_22","source_trace_21","source_trace_45","source_trace_46","source_trace_39","source_trace_18","source_trace_35","source_trace_47","source_trace_6","source_trace_48","source_trace_44","source_trace_24","source_trace_8"],"failedName":"source_trace_46"}
{"name":"source_trace_46","package":"U_RAM","end":{"x":-10.12,"y":-36.8},"expanded":310571,"newVias":1,"reusedBootstrapLayer":"bottom","length":14.659696578979492}
{"name":"source_trace_0","package":"U_RAM","end":{"x":-1.4799999999999986,"y":-36.8},"expanded":40744,"newVias":0,"reusedBootstrapLayer":"top","length":9.556955337524414}
{"name":"source_trace_7","package":"U_RAM","end":{"x":-1.959999999999999,"y":-36.8},"expanded":63234,"newVias":1,"reusedBootstrapLayer":"bottom","length":7.660874366760254}
{"name":"source_trace_19","package":"U_RAM","end":{"x":-2.4399999999999995,"y":-36.8},"expanded":239354,"newVias":0,"reusedBootstrapLayer":"top","length":12.283330917358398}
{"name":"source_trace_25","package":"U_RAM","end":{"x":1.4000000000000004,"y":-36.8},"expanded":61252,"newVias":1,"reusedBootstrapLayer":"bottom","length":4.476955413818359}
{"name":"source_trace_23","package":"U_RAM","end":{"x":-9.64,"y":-36.8},"expanded":177302,"newVias":1,"reusedBootstrapLayer":"bottom","length":12.83072280883789}
{"name":"source_trace_38","package":"U_RAM","end":{"x":-2.92,"y":-36.8},"expanded":196129,"newVias":2,"reusedBootstrapLayer":"top","length":6.706560134887695}
{"name":"source_trace_9","package":"U_RAM","end":{"x":-3.4000000000000004,"y":-36.8},"expanded":42959,"newVias":2,"reusedBootstrapLayer":"top","length":4.779898643493652}
{"name":"source_trace_5","package":"U_RAM","end":{"x":-0.03999999999999915,"y":-36.8},"expanded":223803,"newVias":1,"reusedBootstrapLayer":"bottom","length":12.512733459472656}
{"name":"source_trace_36","package":"U_RAM","end":{"x":0.4400000000000013,"y":-36.8},"expanded":143058,"newVias":1,"reusedBootstrapLayer":"bottom","length":8.805971145629883}
{"name":"source_trace_33","package":"U_RAM","end":{"x":-5.8,"y":-36.8},"expanded":239499,"newVias":1,"reusedBootstrapLayer":"bottom","length":14.222539901733398}
{"name":"source_trace_34","package":"U_RAM","end":{"x":-5.4799999999999995,"y":-36.8},"expanded":1343400,"newVias":1,"reusedBootstrapLayer":"bottom","length":19.389545440673828}
{"name":"source_trace_37","package":"U_RAM","end":{"x":-0.5199999999999996,"y":-36.8},"expanded":90656,"newVias":2,"reusedBootstrapLayer":"top","length":6.691514015197754}
{"name":"source_trace_20","package":"U_RAM","end":{"x":-7.239999999999999,"y":-36.8},"expanded":254531,"newVias":3,"reusedBootstrapLayer":"bottom","length":16.922439575195312}
{"name":"source_trace_22","package":"U_RAM","end":{"x":-8.2,"y":-36.8},"expanded":524981,"newVias":3,"reusedBootstrapLayer":"bottom","length":24.152185440063477}
{"name":"source_trace_21","package":"U_RAM","end":{"x":-7.72,"y":-36.8},"expanded":380768,"newVias":3,"reusedBootstrapLayer":"bottom","length":22.74822425842285}
{"package":"U_RAM","trial":11,"order":["source_trace_46","source_trace_0","source_trace_7","source_trace_19","source_trace_25","source_trace_23","source_trace_38","source_trace_9","source_trace_5","source_trace_36","source_trace_33","source_trace_34","source_trace_37","source_trace_20","source_trace_22","source_trace_21","source_trace_45","source_trace_39","source_trace_18","source_trace_35","source_trace_47","source_trace_6","source_trace_48","source_trace_44","source_trace_24","source_trace_8"],"failedName":"source_trace_45"}
{"name":"source_trace_45","package":"U_RAM","end":{"x":-4.359999999999999,"y":-36.8},"expanded":139215,"newVias":1,"reusedBootstrapLayer":"bottom","length":9.231067657470703}
{"name":"source_trace_46","package":"U_RAM","end":{"x":-10.12,"y":-36.8},"expanded":256556,"newVias":1,"reusedBootstrapLayer":"bottom","length":14.659696578979492}
{"name":"source_trace_0","package":"U_RAM","end":{"x":-1.4799999999999986,"y":-36.8},"expanded":112926,"newVias":1,"reusedBootstrapLayer":"bottom","length":8.7467622756958}
{"name":"source_trace_7","package":"U_RAM","end":{"x":-1.959999999999999,"y":-36.8},"expanded":30141,"newVias":1,"reusedBootstrapLayer":"bottom","length":6.64499568939209}
{"name":"source_trace_19","package":"U_RAM","end":{"x":-2.4399999999999995,"y":-36.8},"expanded":243116,"newVias":1,"reusedBootstrapLayer":"bottom","length":10.996467590332031}
{"name":"source_trace_25","package":"U_RAM","end":{"x":1.4000000000000004,"y":-36.8},"expanded":21703,"newVias":1,"reusedBootstrapLayer":"bottom","length":4.476955413818359}
{"name":"source_trace_23","package":"U_RAM","end":{"x":-9.64,"y":-36.8},"expanded":747203,"newVias":1,"reusedBootstrapLayer":"bottom","length":19.5185604095459}
{"name":"source_trace_38","package":"U_RAM","end":{"x":-2.92,"y":-36.8},"expanded":238238,"newVias":2,"reusedBootstrapLayer":"top","length":12.988712310791016}
{"package":"U_RAM","trial":12,"order":["source_trace_45","source_trace_46","source_trace_0","source_trace_7","source_trace_19","source_trace_25","source_trace_23","source_trace_38","source_trace_9","source_trace_5","source_trace_36","source_trace_33","source_trace_34","source_trace_37","source_trace_20","source_trace_22","source_trace_21","source_trace_39","source_trace_18","source_trace_35","source_trace_47","source_trace_6","source_trace_48","source_trace_44","source_trace_24","source_trace_8"],"failedName":"source_trace_9"}
{"name":"source_trace_9","package":"U_RAM","end":{"x":-3.4000000000000004,"y":-36.8},"expanded":20746,"newVias":0,"reusedBootstrapLayer":"top","length":4.7798991203308105}
{"name":"source_trace_45","package":"U_RAM","end":{"x":-4.359999999999999,"y":-36.8},"expanded":136659,"newVias":1,"reusedBootstrapLayer":"bottom","length":9.231067657470703}
{"name":"source_trace_46","package":"U_RAM","end":{"x":-10.12,"y":-36.8},"expanded":219391,"newVias":1,"reusedBootstrapLayer":"bottom","length":14.819696426391602}
{"name":"source_trace_0","package":"U_RAM","end":{"x":-1.4799999999999986,"y":-36.8},"expanded":111370,"newVias":1,"reusedBootstrapLayer":"bottom","length":8.7467622756958}
{"name":"source_trace_7","package":"U_RAM","end":{"x":-1.959999999999999,"y":-36.8},"expanded":90910,"newVias":1,"reusedBootstrapLayer":"bottom","length":9.35362434387207}
{"name":"source_trace_19","package":"U_RAM","end":{"x":-2.4399999999999995,"y":-36.8},"expanded":342719,"newVias":2,"reusedBootstrapLayer":"top","length":9.419898986816406}
{"name":"source_trace_25","package":"U_RAM","end":{"x":1.4000000000000004,"y":-36.8},"expanded":17434,"newVias":1,"reusedBootstrapLayer":"bottom","length":4.476955413818359}
{"name":"source_trace_23","package":"U_RAM","end":{"x":-9.64,"y":-36.8},"expanded":250125,"newVias":1,"reusedBootstrapLayer":"bottom","length":16.070865631103516}
{"name":"source_trace_38","package":"U_RAM","end":{"x":-2.92,"y":-36.8},"expanded":139074,"newVias":2,"reusedBootstrapLayer":"top","length":8.100041389465332}
{"name":"source_trace_5","package":"U_RAM","end":{"x":-0.03999999999999915,"y":-36.8},"expanded":296047,"newVias":1,"reusedBootstrapLayer":"bottom","length":13.172143936157227}
{"name":"source_trace_36","package":"U_RAM","end":{"x":0.4400000000000013,"y":-36.8},"expanded":321805,"newVias":2,"reusedBootstrapLayer":"top","length":10.417686462402344}
{"name":"source_trace_33","package":"U_RAM","end":{"x":-5.8,"y":-36.8},"expanded":329850,"newVias":1,"reusedBootstrapLayer":"bottom","length":15.459209442138672}
{"name":"source_trace_34","package":"U_RAM","end":{"x":-5.4799999999999995,"y":-36.8},"expanded":823110,"newVias":1,"reusedBootstrapLayer":"bottom","length":18.495878219604492}
{"name":"source_trace_37","package":"U_RAM","end":{"x":-0.5199999999999996,"y":-36.8},"expanded":592415,"newVias":2,"reusedBootstrapLayer":"top","length":18.07571792602539}
{"package":"U_RAM","trial":13,"order":["source_trace_9","source_trace_45","source_trace_46","source_trace_0","source_trace_7","source_trace_19","source_trace_25","source_trace_23","source_trace_38","source_trace_5","source_trace_36","source_trace_33","source_trace_34","source_trace_37","source_trace_20","source_trace_22","source_trace_21","source_trace_39","source_trace_18","source_trace_35","source_trace_47","source_trace_6","source_trace_48","source_trace_44","source_trace_24","source_trace_8"],"failedName":"source_trace_20"}
{"name":"source_trace_20","package":"U_RAM","end":{"x":-7.239999999999999,"y":-36.8},"expanded":157471,"newVias":0,"reusedBootstrapLayer":"top","length":12.10773754119873}
{"name":"source_trace_9","package":"U_RAM","end":{"x":-3.4000000000000004,"y":-36.8},"expanded":81407,"newVias":1,"reusedBootstrapLayer":"bottom","length":4.7798991203308105}
{"name":"source_trace_45","package":"U_RAM","end":{"x":-4.359999999999999,"y":-36.8},"expanded":130067,"newVias":1,"reusedBootstrapLayer":"bottom","length":9.231067657470703}
{"name":"source_trace_46","package":"U_RAM","end":{"x":-10.12,"y":-36.8},"expanded":235914,"newVias":1,"reusedBootstrapLayer":"bottom","length":15.151067733764648}
{"name":"source_trace_0","package":"U_RAM","end":{"x":-1.4799999999999986,"y":-36.8},"expanded":113148,"newVias":1,"reusedBootstrapLayer":"bottom","length":8.934213638305664}
{"name":"source_trace_7","package":"U_RAM","end":{"x":-1.959999999999999,"y":-36.8},"expanded":29704,"newVias":1,"reusedBootstrapLayer":"bottom","length":7.326172828674316}
{"name":"source_trace_19","package":"U_RAM","end":{"x":-2.4399999999999995,"y":-36.8},"expanded":209089,"newVias":0,"reusedBootstrapLayer":"top","length":12.465584754943848}
{"name":"source_trace_25","package":"U_RAM","end":{"x":1.4000000000000004,"y":-36.8},"expanded":527732,"newVias":4,"reusedBootstrapLayer":"top","length":13.335676193237305}
{"name":"source_trace_23","package":"U_RAM","end":{"x":-9.64,"y":-36.8},"expanded":260253,"newVias":1,"reusedBootstrapLayer":"bottom","length":16.070865631103516}
{"name":"source_trace_38","package":"U_RAM","end":{"x":-2.92,"y":-36.8},"expanded":158571,"newVias":2,"reusedBootstrapLayer":"top","length":8.45484447479248}
{"name":"source_trace_5","package":"U_RAM","end":{"x":-0.03999999999999915,"y":-36.8},"expanded":277466,"newVias":1,"reusedBootstrapLayer":"bottom","length":13.172143936157227}
{"name":"source_trace_36","package":"U_RAM","end":{"x":0.4400000000000013,"y":-36.8},"expanded":121540,"newVias":0,"reusedBootstrapLayer":"top","length":11.813666343688965}
{"name":"source_trace_33","package":"U_RAM","end":{"x":-5.8,"y":-36.8},"expanded":573066,"newVias":1,"reusedBootstrapLayer":"bottom","length":16.920488357543945}
{"name":"source_trace_34","package":"U_RAM","end":{"x":-5.4799999999999995,"y":-36.8},"expanded":770299,"newVias":1,"reusedBootstrapLayer":"bottom","length":18.213809967041016}
{"name":"source_trace_37","package":"U_RAM","end":{"x":-0.5199999999999996,"y":-36.8},"expanded":942963,"newVias":2,"reusedBootstrapLayer":"top","length":20.827678680419922}
{"name":"source_trace_22","package":"U_RAM","end":{"x":-8.2,"y":-36.8},"expanded":180397,"newVias":3,"reusedBootstrapLayer":"bottom","length":17.326946258544922}
{"package":"U_RAM","trial":14,"order":["source_trace_20","source_trace_9","source_trace_45","source_trace_46","source_trace_0","source_trace_7","source_trace_19","source_trace_25","source_trace_23","source_trace_38","source_trace_5","source_trace_36","source_trace_33","source_trace_34","source_trace_37","source_trace_22","source_trace_21","source_trace_39","source_trace_18","source_trace_35","source_trace_47","source_trace_6","source_trace_48","source_trace_44","source_trace_24","source_trace_8"],"failedName":"source_trace_21"}
{"name":"source_trace_21","package":"U_RAM","end":{"x":-7.72,"y":-36.8},"expanded":160815,"newVias":1,"reusedBootstrapLayer":"bottom","length":9.769301414489746}
{"name":"source_trace_20","package":"U_RAM","end":{"x":-7.239999999999999,"y":-36.8},"expanded":102771,"newVias":0,"reusedBootstrapLayer":"top","length":12.10773754119873}
{"name":"source_trace_9","package":"U_RAM","end":{"x":-3.4000000000000004,"y":-36.8},"expanded":76444,"newVias":1,"reusedBootstrapLayer":"bottom","length":4.7798991203308105}
{"name":"source_trace_45","package":"U_RAM","end":{"x":-4.359999999999999,"y":-36.8},"expanded":126679,"newVias":1,"reusedBootstrapLayer":"bottom","length":9.231067657470703}
{"name":"source_trace_46","package":"U_RAM","end":{"x":-10.12,"y":-36.8},"expanded":203228,"newVias":1,"reusedBootstrapLayer":"bottom","length":15.151067733764648}
{"name":"source_trace_0","package":"U_RAM","end":{"x":-1.4799999999999986,"y":-36.8},"expanded":206070,"newVias":1,"reusedBootstrapLayer":"bottom","length":10.429604530334473}
{"name":"source_trace_7","package":"U_RAM","end":{"x":-1.959999999999999,"y":-36.8},"expanded":161003,"newVias":3,"reusedBootstrapLayer":"bottom","length":7.938721656799316}
{"name":"source_trace_19","package":"U_RAM","end":{"x":-2.4399999999999995,"y":-36.8},"expanded":257748,"newVias":0,"reusedBootstrapLayer":"top","length":13.25705623626709}
{"name":"source_trace_25","package":"U_RAM","end":{"x":1.4000000000000004,"y":-36.8},"expanded":40246,"newVias":1,"reusedBootstrapLayer":"bottom","length":5.579898834228516}
{"name":"source_trace_23","package":"U_RAM","end":{"x":-9.64,"y":-36.8},"expanded":74703,"newVias":1,"reusedBootstrapLayer":"bottom","length":10.698519706726074}
{"name":"source_trace_38","package":"U_RAM","end":{"x":-2.92,"y":-36.8},"expanded":152690,"newVias":2,"reusedBootstrapLayer":"top","length":8.45484447479248}
{"name":"source_trace_5","package":"U_RAM","end":{"x":-0.03999999999999915,"y":-36.8},"expanded":841109,"newVias":1,"reusedBootstrapLayer":"bottom","length":16.422338485717773}
{"name":"source_trace_36","package":"U_RAM","end":{"x":0.4400000000000013,"y":-36.8},"expanded":321674,"newVias":2,"reusedBootstrapLayer":"top","length":10.417686462402344}
{"name":"source_trace_33","package":"U_RAM","end":{"x":-5.8,"y":-36.8},"expanded":1268584,"newVias":1,"reusedBootstrapLayer":"bottom","length":19.367292404174805}
{"name":"source_trace_34","package":"U_RAM","end":{"x":-5.4799999999999995,"y":-36.8},"expanded":779132,"newVias":4,"reusedBootstrapLayer":"top","length":12.856510162353516}
{"package":"U_RAM","trial":15,"order":["source_trace_21","source_trace_20","source_trace_9","source_trace_45","source_trace_46","source_trace_0","source_trace_7","source_trace_19","source_trace_25","source_trace_23","source_trace_38","source_trace_5","source_trace_36","source_trace_33","source_trace_34","source_trace_37","source_trace_22","source_trace_39","source_trace_18","source_trace_35","source_trace_47","source_trace_6","source_trace_48","source_trace_44","source_trace_24","source_trace_8"],"failedName":"source_trace_37"}
{"name":"source_trace_37","package":"U_RAM","end":{"x":-0.5199999999999996,"y":-36.8},"expanded":45562,"newVias":0,"reusedBootstrapLayer":"top","length":6.360142707824707}
{"name":"source_trace_21","package":"U_RAM","end":{"x":-7.72,"y":-36.8},"expanded":160815,"newVias":1,"reusedBootstrapLayer":"bottom","length":9.769301414489746}
{"name":"source_trace_20","package":"U_RAM","end":{"x":-7.239999999999999,"y":-36.8},"expanded":102771,"newVias":0,"reusedBootstrapLayer":"top","length":12.10773754119873}
{"name":"source_trace_9","package":"U_RAM","end":{"x":-3.4000000000000004,"y":-36.8},"expanded":76444,"newVias":1,"reusedBootstrapLayer":"bottom","length":4.7798991203308105}
{"name":"source_trace_45","package":"U_RAM","end":{"x":-4.359999999999999,"y":-36.8},"expanded":124005,"newVias":1,"reusedBootstrapLayer":"bottom","length":9.231067657470703}
{"name":"source_trace_46","package":"U_RAM","end":{"x":-10.12,"y":-36.8},"expanded":191724,"newVias":1,"reusedBootstrapLayer":"bottom","length":15.151067733764648}
{"name":"source_trace_0","package":"U_RAM","end":{"x":-1.4799999999999986,"y":-36.8},"expanded":206069,"newVias":1,"reusedBootstrapLayer":"bottom","length":10.429604530334473}
{"name":"source_trace_7","package":"U_RAM","end":{"x":-1.959999999999999,"y":-36.8},"expanded":161003,"newVias":3,"reusedBootstrapLayer":"bottom","length":7.938721656799316}
{"name":"source_trace_19","package":"U_RAM","end":{"x":-2.4399999999999995,"y":-36.8},"expanded":228364,"newVias":0,"reusedBootstrapLayer":"top","length":13.25705623626709}
{"name":"source_trace_25","package":"U_RAM","end":{"x":1.4000000000000004,"y":-36.8},"expanded":263251,"newVias":1,"reusedBootstrapLayer":"bottom","length":11.233423233032227}
{"name":"source_trace_23","package":"U_RAM","end":{"x":-9.64,"y":-36.8},"expanded":74687,"newVias":1,"reusedBootstrapLayer":"bottom","length":10.698519706726074}
{"package":"U_RAM","trial":16,"order":["source_trace_37","source_trace_21","source_trace_20","source_trace_9","source_trace_45","source_trace_46","source_trace_0","source_trace_7","source_trace_19","source_trace_25","source_trace_23","source_trace_38","source_trace_5","source_trace_36","source_trace_33","source_trace_34","source_trace_22","source_trace_39","source_trace_18","source_trace_35","source_trace_47","source_trace_6","source_trace_48","source_trace_44","source_trace_24","source_trace_8"],"failedName":"source_trace_38"}
{"name":"source_trace_38","package":"U_RAM","end":{"x":-2.92,"y":-36.8},"expanded":15146,"newVias":0,"reusedBootstrapLayer":"top","length":6.65969705581665}
{"name":"source_trace_37","package":"U_RAM","end":{"x":-0.5199999999999996,"y":-36.8},"expanded":102435,"newVias":1,"reusedBootstrapLayer":"bottom","length":6.043818473815918}
{"name":"source_trace_21","package":"U_RAM","end":{"x":-7.72,"y":-36.8},"expanded":160815,"newVias":1,"reusedBootstrapLayer":"bottom","length":9.769301414489746}
{"name":"source_trace_20","package":"U_RAM","end":{"x":-7.239999999999999,"y":-36.8},"expanded":102771,"newVias":0,"reusedBootstrapLayer":"top","length":12.10773754119873}
{"name":"source_trace_9","package":"U_RAM","end":{"x":-3.4000000000000004,"y":-36.8},"expanded":76435,"newVias":1,"reusedBootstrapLayer":"bottom","length":4.7798991203308105}
{"name":"source_trace_45","package":"U_RAM","end":{"x":-4.359999999999999,"y":-36.8},"expanded":127108,"newVias":1,"reusedBootstrapLayer":"bottom","length":9.56243896484375}
{"name":"source_trace_46","package":"U_RAM","end":{"x":-10.12,"y":-36.8},"expanded":177327,"newVias":1,"reusedBootstrapLayer":"bottom","length":15.479108810424805}
{"name":"source_trace_0","package":"U_RAM","end":{"x":-1.4799999999999986,"y":-36.8},"expanded":1079136,"newVias":1,"reusedBootstrapLayer":"bottom","length":15.388711929321289}
{"name":"source_trace_7","package":"U_RAM","end":{"x":-1.959999999999999,"y":-36.8},"expanded":538896,"newVias":3,"reusedBootstrapLayer":"bottom","length":12.363819122314453}
{"name":"source_trace_19","package":"U_RAM","end":{"x":-2.4399999999999995,"y":-36.8},"expanded":902102,"newVias":0,"reusedBootstrapLayer":"top","length":17.89214515686035}
{"name":"source_trace_25","package":"U_RAM","end":{"x":1.4000000000000004,"y":-36.8},"expanded":758440,"newVias":3,"reusedBootstrapLayer":"bottom","length":16.461362838745117}
{"name":"source_trace_23","package":"U_RAM","end":{"x":-9.64,"y":-36.8},"expanded":110644,"newVias":3,"reusedBootstrapLayer":"bottom","length":13.046661376953125}
{"name":"source_trace_5","package":"U_RAM","end":{"x":-0.03999999999999915,"y":-36.8},"expanded":971159,"newVias":1,"reusedBootstrapLayer":"bottom","length":17.9989070892334}
{"package":"U_RAM","trial":17,"order":["source_trace_38","source_trace_37","source_trace_21","source_trace_20","source_trace_9","source_trace_45","source_trace_46","source_trace_0","source_trace_7","source_trace_19","source_trace_25","source_trace_23","source_trace_5","source_trace_36","source_trace_33","source_trace_34","source_trace_22","source_trace_39","source_trace_18","source_trace_35","source_trace_47","source_trace_6","source_trace_48","source_trace_44","source_trace_24","source_trace_8"],"failedName":"source_trace_36"}
{"name":"source_trace_36","package":"U_RAM","end":{"x":0.4400000000000013,"y":-36.8},"expanded":41147,"newVias":0,"reusedBootstrapLayer":"top","length":6.762497901916504}
{"name":"source_trace_38","package":"U_RAM","end":{"x":-2.92,"y":-36.8},"expanded":87683,"newVias":1,"reusedBootstrapLayer":"bottom","length":6.659696578979492}
{"name":"source_trace_37","package":"U_RAM","end":{"x":-0.5199999999999996,"y":-36.8},"expanded":74182,"newVias":1,"reusedBootstrapLayer":"bottom","length":6.043818473815918}
{"name":"source_trace_21","package":"U_RAM","end":{"x":-7.72,"y":-36.8},"expanded":160815,"newVias":1,"reusedBootstrapLayer":"bottom","length":9.769301414489746}
{"name":"source_trace_20","package":"U_RAM","end":{"x":-7.239999999999999,"y":-36.8},"expanded":102771,"newVias":0,"reusedBootstrapLayer":"top","length":12.10773754119873}
{"name":"source_trace_9","package":"U_RAM","end":{"x":-3.4000000000000004,"y":-36.8},"expanded":72428,"newVias":1,"reusedBootstrapLayer":"bottom","length":4.7798991203308105}
{"name":"source_trace_45","package":"U_RAM","end":{"x":-4.359999999999999,"y":-36.8},"expanded":115101,"newVias":1,"reusedBootstrapLayer":"bottom","length":9.56243896484375}
{"name":"source_trace_46","package":"U_RAM","end":{"x":-10.12,"y":-36.8},"expanded":175633,"newVias":1,"reusedBootstrapLayer":"bottom","length":15.479108810424805}
{"name":"source_trace_0","package":"U_RAM","end":{"x":-1.4799999999999986,"y":-36.8},"expanded":196939,"newVias":1,"reusedBootstrapLayer":"bottom","length":10.429604530334473}
{"name":"source_trace_7","package":"U_RAM","end":{"x":-1.959999999999999,"y":-36.8},"expanded":558694,"newVias":3,"reusedBootstrapLayer":"bottom","length":12.363819122314453}
{"package":"U_RAM","trial":18,"order":["source_trace_36","source_trace_38","source_trace_37","source_trace_21","source_trace_20","source_trace_9","source_trace_45","source_trace_46","source_trace_0","source_trace_7","source_trace_19","source_trace_25","source_trace_23","source_trace_5","source_trace_33","source_trace_34","source_trace_22","source_trace_39","source_trace_18","source_trace_35","source_trace_47","source_trace_6","source_trace_48","source_trace_44","source_trace_24","source_trace_8"],"failedName":"source_trace_19"}
{"name":"source_trace_19","package":"U_RAM","end":{"x":-2.4399999999999995,"y":-36.8},"expanded":38444,"newVias":0,"reusedBootstrapLayer":"top","length":9.044995307922363}
{"name":"source_trace_36","package":"U_RAM","end":{"x":0.4400000000000013,"y":-36.8},"expanded":41147,"newVias":0,"reusedBootstrapLayer":"top","length":6.762497901916504}
{"name":"source_trace_38","package":"U_RAM","end":{"x":-2.92,"y":-36.8},"expanded":89598,"newVias":1,"reusedBootstrapLayer":"bottom","length":6.706560134887695}
{"name":"source_trace_37","package":"U_RAM","end":{"x":-0.5199999999999996,"y":-36.8},"expanded":73828,"newVias":1,"reusedBootstrapLayer":"bottom","length":6.043818473815918}
{"name":"source_trace_21","package":"U_RAM","end":{"x":-7.72,"y":-36.8},"expanded":116973,"newVias":1,"reusedBootstrapLayer":"bottom","length":9.769301414489746}
{"name":"source_trace_20","package":"U_RAM","end":{"x":-7.239999999999999,"y":-36.8},"expanded":112842,"newVias":1,"reusedBootstrapLayer":"bottom","length":10.534499168395996}
{"name":"source_trace_9","package":"U_RAM","end":{"x":-3.4000000000000004,"y":-36.8},"expanded":20510,"newVias":0,"reusedBootstrapLayer":"top","length":4.7798991203308105}
{"name":"source_trace_45","package":"U_RAM","end":{"x":-4.359999999999999,"y":-36.8},"expanded":117837,"newVias":1,"reusedBootstrapLayer":"bottom","length":9.56243896484375}
{"name":"source_trace_46","package":"U_RAM","end":{"x":-10.12,"y":-36.8},"expanded":165986,"newVias":1,"reusedBootstrapLayer":"bottom","length":15.313423156738281}
{"name":"source_trace_0","package":"U_RAM","end":{"x":-1.4799999999999986,"y":-36.8},"expanded":225620,"newVias":1,"reusedBootstrapLayer":"bottom","length":10.81303596496582}
{"name":"source_trace_7","package":"U_RAM","end":{"x":-1.959999999999999,"y":-36.8},"expanded":110681,"newVias":1,"reusedBootstrapLayer":"bottom","length":12.363818168640137}
{"name":"source_trace_25","package":"U_RAM","end":{"x":1.4000000000000004,"y":-36.8},"expanded":195554,"newVias":1,"reusedBootstrapLayer":"bottom","length":10.443818092346191}
{"name":"source_trace_23","package":"U_RAM","end":{"x":-9.64,"y":-36.8},"expanded":121447,"newVias":1,"reusedBootstrapLayer":"bottom","length":13.093321800231934}
{"name":"source_trace_5","package":"U_RAM","end":{"x":-0.03999999999999915,"y":-36.8},"expanded":740061,"newVias":1,"reusedBootstrapLayer":"bottom","length":16.422338485717773}
{"name":"source_trace_33","package":"U_RAM","end":{"x":-5.8,"y":-36.8},"expanded":308482,"newVias":2,"reusedBootstrapLayer":"top","length":13.10954475402832}
{"name":"source_trace_34","package":"U_RAM","end":{"x":-5.4799999999999995,"y":-36.8},"expanded":695803,"newVias":1,"reusedBootstrapLayer":"bottom","length":17.59959602355957}
{"package":"U_RAM","trial":19,"order":["source_trace_19","source_trace_36","source_trace_38","source_trace_37","source_trace_21","source_trace_20","source_trace_9","source_trace_45","source_trace_46","source_trace_0","source_trace_7","source_trace_25","source_trace_23","source_trace_5","source_trace_33","source_trace_34","source_trace_22","source_trace_39","source_trace_18","source_trace_35","source_trace_47","source_trace_6","source_trace_48","source_trace_44","source_trace_24","source_trace_8"],"failedName":"source_trace_22"}
{"name":"source_trace_22","package":"U_RAM","end":{"x":-8.2,"y":-36.8},"expanded":160043,"newVias":0,"reusedBootstrapLayer":"top","length":11.467737197875977}
{"name":"source_trace_19","package":"U_RAM","end":{"x":-2.4399999999999995,"y":-36.8},"expanded":44278,"newVias":0,"reusedBootstrapLayer":"top","length":9.227250099182129}
{"name":"source_trace_36","package":"U_RAM","end":{"x":0.4400000000000013,"y":-36.8},"expanded":41147,"newVias":0,"reusedBootstrapLayer":"top","length":6.762497901916504}
{"name":"source_trace_38","package":"U_RAM","end":{"x":-2.92,"y":-36.8},"expanded":89598,"newVias":1,"reusedBootstrapLayer":"bottom","length":6.706560134887695}
{"name":"source_trace_37","package":"U_RAM","end":{"x":-0.5199999999999996,"y":-36.8},"expanded":73826,"newVias":1,"reusedBootstrapLayer":"bottom","length":6.043818473815918}
{"name":"source_trace_21","package":"U_RAM","end":{"x":-7.72,"y":-36.8},"expanded":185686,"newVias":1,"reusedBootstrapLayer":"bottom","length":10.541850090026855}
{"name":"source_trace_20","package":"U_RAM","end":{"x":-7.239999999999999,"y":-36.8},"expanded":273889,"newVias":1,"reusedBootstrapLayer":"bottom","length":12.440428733825684}
{"name":"source_trace_9","package":"U_RAM","end":{"x":-3.4000000000000004,"y":-36.8},"expanded":58265,"newVias":1,"reusedBootstrapLayer":"bottom","length":4.7798991203308105}
{"name":"source_trace_45","package":"U_RAM","end":{"x":-4.359999999999999,"y":-36.8},"expanded":94431,"newVias":1,"reusedBootstrapLayer":"bottom","length":9.56243896484375}
{"name":"source_trace_46","package":"U_RAM","end":{"x":-10.12,"y":-36.8},"expanded":163338,"newVias":1,"reusedBootstrapLayer":"bottom","length":15.810478210449219}
{"name":"source_trace_0","package":"U_RAM","end":{"x":-1.4799999999999986,"y":-36.8},"expanded":227116,"newVias":1,"reusedBootstrapLayer":"bottom","length":11.011858940124512}
{"name":"source_trace_7","package":"U_RAM","end":{"x":-1.959999999999999,"y":-36.8},"expanded":495362,"newVias":3,"reusedBootstrapLayer":"bottom","length":12.504405975341797}
{"name":"source_trace_25","package":"U_RAM","end":{"x":1.4000000000000004,"y":-36.8},"expanded":127255,"newVias":1,"reusedBootstrapLayer":"bottom","length":11.009503364562988}
{"name":"source_trace_23","package":"U_RAM","end":{"x":-9.64,"y":-36.8},"expanded":51569,"newVias":1,"reusedBootstrapLayer":"bottom","length":14.264894485473633}
{"name":"source_trace_5","package":"U_RAM","end":{"x":-0.03999999999999915,"y":-36.8},"expanded":727687,"newVias":1,"reusedBootstrapLayer":"bottom","length":16.422338485717773}
{"name":"source_trace_33","package":"U_RAM","end":{"x":-5.8,"y":-36.8},"expanded":1439683,"newVias":1,"reusedBootstrapLayer":"bottom","length":19.94635772705078}
{"package":"U_RAM","trial":20,"order":["source_trace_22","source_trace_19","source_trace_36","source_trace_38","source_trace_37","source_trace_21","source_trace_20","source_trace_9","source_trace_45","source_trace_46","source_trace_0","source_trace_7","source_trace_25","source_trace_23","source_trace_5","source_trace_33","source_trace_34","source_trace_39","source_trace_18","source_trace_35","source_trace_47","source_trace_6","source_trace_48","source_trace_44","source_trace_24","source_trace_8"],"failedName":"source_trace_34"}
{"name":"source_trace_34","package":"U_RAM","end":{"x":-5.4799999999999995,"y":-36.8},"expanded":125815,"newVias":0,"reusedBootstrapLayer":"top","length":12.458174705505371}
{"name":"source_trace_22","package":"U_RAM","end":{"x":-8.2,"y":-36.8},"expanded":129156,"newVias":1,"reusedBootstrapLayer":"bottom","length":9.589890480041504}
{"name":"source_trace_19","package":"U_RAM","end":{"x":-2.4399999999999995,"y":-36.8},"expanded":146634,"newVias":1,"reusedBootstrapLayer":"bottom","length":9.563817977905273}
{"name":"source_trace_36","package":"U_RAM","end":{"x":0.4400000000000013,"y":-36.8},"expanded":41147,"newVias":0,"reusedBootstrapLayer":"top","length":6.762497901916504}
{"name":"source_trace_38","package":"U_RAM","end":{"x":-2.92,"y":-36.8},"expanded":77013,"newVias":1,"reusedBootstrapLayer":"bottom","length":6.706560134887695}
{"name":"source_trace_37","package":"U_RAM","end":{"x":-0.5199999999999996,"y":-36.8},"expanded":66999,"newVias":1,"reusedBootstrapLayer":"bottom","length":6.043818473815918}
{"name":"source_trace_21","package":"U_RAM","end":{"x":-7.72,"y":-36.8},"expanded":119309,"newVias":1,"reusedBootstrapLayer":"bottom","length":12.836955070495605}
{"name":"source_trace_20","package":"U_RAM","end":{"x":-7.239999999999999,"y":-36.8},"expanded":701759,"newVias":1,"reusedBootstrapLayer":"bottom","length":15.940326690673828}
{"name":"source_trace_9","package":"U_RAM","end":{"x":-3.4000000000000004,"y":-36.8},"expanded":210822,"newVias":2,"reusedBootstrapLayer":"top","length":7.067737579345703}
{"name":"source_trace_45","package":"U_RAM","end":{"x":-4.359999999999999,"y":-36.8},"expanded":121303,"newVias":1,"reusedBootstrapLayer":"bottom","length":10.439107894897461}
{"name":"source_trace_46","package":"U_RAM","end":{"x":-10.12,"y":-36.8},"expanded":164313,"newVias":1,"reusedBootstrapLayer":"bottom","length":16.461362838745117}
{"name":"source_trace_0","package":"U_RAM","end":{"x":-1.4799999999999986,"y":-36.8},"expanded":407807,"newVias":1,"reusedBootstrapLayer":"bottom","length":12.888325691223145}
{"name":"source_trace_7","package":"U_RAM","end":{"x":-1.959999999999999,"y":-36.8},"expanded":190864,"newVias":1,"reusedBootstrapLayer":"bottom","length":14.400285720825195}
{"name":"source_trace_25","package":"U_RAM","end":{"x":1.4000000000000004,"y":-36.8},"expanded":966641,"newVias":3,"reusedBootstrapLayer":"bottom","length":21.40479278564453}
{"package":"U_RAM","trial":21,"order":["source_trace_34","source_trace_22","source_trace_19","source_trace_36","source_trace_38","source_trace_37","source_trace_21","source_trace_20","source_trace_9","source_trace_45","source_trace_46","source_trace_0","source_trace_7","source_trace_25","source_trace_23","source_trace_5","source_trace_33","source_trace_39","source_trace_18","source_trace_35","source_trace_47","source_trace_6","source_trace_48","source_trace_44","source_trace_24","source_trace_8"],"failedName":"source_trace_23"}
{"name":"source_trace_23","package":"U_RAM","end":{"x":-9.64,"y":-36.8},"expanded":183169,"newVias":0,"reusedBootstrapLayer":"top","length":12.10773754119873}
{"name":"source_trace_34","package":"U_RAM","end":{"x":-5.4799999999999995,"y":-36.8},"expanded":137463,"newVias":0,"reusedBootstrapLayer":"top","length":12.645626068115234}
{"name":"source_trace_22","package":"U_RAM","end":{"x":-8.2,"y":-36.8},"expanded":126905,"newVias":1,"reusedBootstrapLayer":"bottom","length":9.589890480041504}
{"name":"source_trace_19","package":"U_RAM","end":{"x":-2.4399999999999995,"y":-36.8},"expanded":143899,"newVias":1,"reusedBootstrapLayer":"bottom","length":9.563817977905273}
{"name":"source_trace_36","package":"U_RAM","end":{"x":0.4400000000000013,"y":-36.8},"expanded":41147,"newVias":0,"reusedBootstrapLayer":"top","length":6.762497901916504}
{"name":"source_trace_38","package":"U_RAM","end":{"x":-2.92,"y":-36.8},"expanded":75941,"newVias":1,"reusedBootstrapLayer":"bottom","length":6.706560134887695}
{"name":"source_trace_37","package":"U_RAM","end":{"x":-0.5199999999999996,"y":-36.8},"expanded":66461,"newVias":1,"reusedBootstrapLayer":"bottom","length":6.043818473815918}
{"name":"source_trace_21","package":"U_RAM","end":{"x":-7.72,"y":-36.8},"expanded":459823,"newVias":1,"reusedBootstrapLayer":"bottom","length":15.911270141601562}
{"name":"source_trace_20","package":"U_RAM","end":{"x":-7.239999999999999,"y":-36.8},"expanded":635690,"newVias":1,"reusedBootstrapLayer":"bottom","length":15.846601486206055}
{"name":"source_trace_9","package":"U_RAM","end":{"x":-3.4000000000000004,"y":-36.8},"expanded":47316,"newVias":1,"reusedBootstrapLayer":"bottom","length":4.7798991203308105}
{"name":"source_trace_45","package":"U_RAM","end":{"x":-4.359999999999999,"y":-36.8},"expanded":119211,"newVias":1,"reusedBootstrapLayer":"bottom","length":10.439107894897461}
{"name":"source_trace_46","package":"U_RAM","end":{"x":-10.12,"y":-36.8},"expanded":166499,"newVias":1,"reusedBootstrapLayer":"bottom","length":16.461362838745117}
{"name":"source_trace_0","package":"U_RAM","end":{"x":-1.4799999999999986,"y":-36.8},"expanded":384584,"newVias":1,"reusedBootstrapLayer":"bottom","length":12.888325691223145}
{"package":"U_RAM","trial":22,"order":["source_trace_23","source_trace_34","source_trace_22","source_trace_19","source_trace_36","source_trace_38","source_trace_37","source_trace_21","source_trace_20","source_trace_9","source_trace_45","source_trace_46","source_trace_0","source_trace_7","source_trace_25","source_trace_5","source_trace_33","source_trace_39","source_trace_18","source_trace_35","source_trace_47","source_trace_6","source_trace_48","source_trace_44","source_trace_24","source_trace_8"],"failedName":"source_trace_7"}
{"name":"source_trace_7","package":"U_RAM","end":{"x":-1.959999999999999,"y":-36.8},"expanded":72153,"newVias":1,"reusedBootstrapLayer":"bottom","length":6.114802360534668}
{"name":"source_trace_23","package":"U_RAM","end":{"x":-9.64,"y":-36.8},"expanded":79657,"newVias":0,"reusedBootstrapLayer":"top","length":12.10773754119873}
{"name":"source_trace_34","package":"U_RAM","end":{"x":-5.4799999999999995,"y":-36.8},"expanded":96959,"newVias":0,"reusedBootstrapLayer":"top","length":12.645626068115234}
{"name":"source_trace_22","package":"U_RAM","end":{"x":-8.2,"y":-36.8},"expanded":143151,"newVias":1,"reusedBootstrapLayer":"bottom","length":10.284448623657227}
{"name":"source_trace_19","package":"U_RAM","end":{"x":-2.4399999999999995,"y":-36.8},"expanded":118508,"newVias":1,"reusedBootstrapLayer":"bottom","length":9.563817977905273}
{"name":"source_trace_36","package":"U_RAM","end":{"x":0.4400000000000013,"y":-36.8},"expanded":41147,"newVias":0,"reusedBootstrapLayer":"top","length":6.762497901916504}
{"name":"source_trace_38","package":"U_RAM","end":{"x":-2.92,"y":-36.8},"expanded":80775,"newVias":1,"reusedBootstrapLayer":"bottom","length":6.91744327545166}
{"name":"source_trace_37","package":"U_RAM","end":{"x":-0.5199999999999996,"y":-36.8},"expanded":64887,"newVias":1,"reusedBootstrapLayer":"bottom","length":6.043818473815918}
{"name":"source_trace_21","package":"U_RAM","end":{"x":-7.72,"y":-36.8},"expanded":512038,"newVias":1,"reusedBootstrapLayer":"bottom","length":16.192447662353516}
{"name":"source_trace_20","package":"U_RAM","end":{"x":-7.239999999999999,"y":-36.8},"expanded":623343,"newVias":1,"reusedBootstrapLayer":"bottom","length":15.846601486206055}
{"name":"source_trace_9","package":"U_RAM","end":{"x":-3.4000000000000004,"y":-36.8},"expanded":47873,"newVias":1,"reusedBootstrapLayer":"bottom","length":4.7798991203308105}
{"name":"source_trace_45","package":"U_RAM","end":{"x":-4.359999999999999,"y":-36.8},"expanded":116179,"newVias":1,"reusedBootstrapLayer":"bottom","length":10.439107894897461}
{"name":"source_trace_46","package":"U_RAM","end":{"x":-10.12,"y":-36.8},"expanded":162063,"newVias":1,"reusedBootstrapLayer":"bottom","length":16.461362838745117}
{"package":"U_RAM","trial":23,"order":["source_trace_7","source_trace_23","source_trace_34","source_trace_22","source_trace_19","source_trace_36","source_trace_38","source_trace_37","source_trace_21","source_trace_20","source_trace_9","source_trace_45","source_trace_46","source_trace_0","source_trace_25","source_trace_5","source_trace_33","source_trace_39","source_trace_18","source_trace_35","source_trace_47","source_trace_6","source_trace_48","source_trace_44","source_trace_24","source_trace_8"],"failedName":"source_trace_0"}
{"name":"source_trace_0","package":"U_RAM","end":{"x":-1.4799999999999986,"y":-36.8},"expanded":67057,"newVias":0,"reusedBootstrapLayer":"top","length":9.556955337524414}
{"name":"source_trace_7","package":"U_RAM","end":{"x":-1.959999999999999,"y":-36.8},"expanded":71508,"newVias":1,"reusedBootstrapLayer":"bottom","length":6.147939682006836}
{"name":"source_trace_23","package":"U_RAM","end":{"x":-9.64,"y":-36.8},"expanded":235582,"newVias":1,"reusedBootstrapLayer":"bottom","length":11.833220481872559}
{"name":"source_trace_34","package":"U_RAM","end":{"x":-5.4799999999999995,"y":-36.8},"expanded":331334,"newVias":1,"reusedBootstrapLayer":"bottom","length":12.844793319702148}
{"name":"source_trace_22","package":"U_RAM","end":{"x":-8.2,"y":-36.8},"expanded":215372,"newVias":1,"reusedBootstrapLayer":"bottom","length":12.165626525878906}
{"name":"source_trace_19","package":"U_RAM","end":{"x":-2.4399999999999995,"y":-36.8},"expanded":181940,"newVias":0,"reusedBootstrapLayer":"top","length":12.283330917358398}
{"name":"source_trace_36","package":"U_RAM","end":{"x":0.4400000000000013,"y":-36.8},"expanded":41147,"newVias":0,"reusedBootstrapLayer":"top","length":6.762497901916504}
{"name":"source_trace_38","package":"U_RAM","end":{"x":-2.92,"y":-36.8},"expanded":69160,"newVias":1,"reusedBootstrapLayer":"bottom","length":6.706560134887695}
{"name":"source_trace_37","package":"U_RAM","end":{"x":-0.5199999999999996,"y":-36.8},"expanded":67331,"newVias":1,"reusedBootstrapLayer":"bottom","length":6.043818473815918}
{"name":"source_trace_21","package":"U_RAM","end":{"x":-7.72,"y":-36.8},"expanded":96822,"newVias":1,"reusedBootstrapLayer":"bottom","length":12.428712844848633}
{"name":"source_trace_20","package":"U_RAM","end":{"x":-7.239999999999999,"y":-36.8},"expanded":360222,"newVias":1,"reusedBootstrapLayer":"bottom","length":15.901849746704102}
{"package":"U_RAM","trial":24,"order":["source_trace_0","source_trace_7","source_trace_23","source_trace_34","source_trace_22","source_trace_19","source_trace_36","source_trace_38","source_trace_37","source_trace_21","source_trace_20","source_trace_9","source_trace_45","source_trace_46","source_trace_25","source_trace_5","source_trace_33","source_trace_39","source_trace_18","source_trace_35","source_trace_47","source_trace_6","source_trace_48","source_trace_44","source_trace_24","source_trace_8"],"failedName":"source_trace_9"}
{"name":"source_trace_9","package":"U_RAM","end":{"x":-3.4000000000000004,"y":-36.8},"expanded":20746,"newVias":0,"reusedBootstrapLayer":"top","length":4.7798991203308105}
{"name":"source_trace_0","package":"U_RAM","end":{"x":-1.4799999999999986,"y":-36.8},"expanded":139857,"newVias":1,"reusedBootstrapLayer":"bottom","length":8.7467622756958}
{"name":"source_trace_7","package":"U_RAM","end":{"x":-1.959999999999999,"y":-36.8},"expanded":45974,"newVias":1,"reusedBootstrapLayer":"bottom","length":6.147939682006836}
{"name":"source_trace_23","package":"U_RAM","end":{"x":-9.64,"y":-36.8},"expanded":266976,"newVias":1,"reusedBootstrapLayer":"bottom","length":13.679309844970703}
{"name":"source_trace_34","package":"U_RAM","end":{"x":-5.4799999999999995,"y":-36.8},"expanded":552397,"newVias":1,"reusedBootstrapLayer":"bottom","length":14.536853790283203}
{"name":"source_trace_22","package":"U_RAM","end":{"x":-8.2,"y":-36.8},"expanded":253364,"newVias":0,"reusedBootstrapLayer":"top","length":15.643330574035645}
{"name":"source_trace_19","package":"U_RAM","end":{"x":-2.4399999999999995,"y":-36.8},"expanded":230533,"newVias":1,"reusedBootstrapLayer":"bottom","length":10.939899444580078}
{"name":"source_trace_36","package":"U_RAM","end":{"x":0.4400000000000013,"y":-36.8},"expanded":41147,"newVias":0,"reusedBootstrapLayer":"top","length":6.762497901916504}
{"name":"source_trace_38","package":"U_RAM","end":{"x":-2.92,"y":-36.8},"expanded":129708,"newVias":1,"reusedBootstrapLayer":"bottom","length":8.889991760253906}
{"name":"source_trace_37","package":"U_RAM","end":{"x":-0.5199999999999996,"y":-36.8},"expanded":61563,"newVias":1,"reusedBootstrapLayer":"bottom","length":6.043818473815918}
{"name":"source_trace_21","package":"U_RAM","end":{"x":-7.72,"y":-36.8},"expanded":495258,"newVias":1,"reusedBootstrapLayer":"bottom","length":16.313220977783203}
{"name":"source_trace_20","package":"U_RAM","end":{"x":-7.239999999999999,"y":-36.8},"expanded":639476,"newVias":1,"reusedBootstrapLayer":"bottom","length":17.655675888061523}
{"name":"source_trace_45","package":"U_RAM","end":{"x":-4.359999999999999,"y":-36.8},"expanded":167943,"newVias":1,"reusedBootstrapLayer":"bottom","length":11.923616409301758}
{"name":"source_trace_46","package":"U_RAM","end":{"x":-10.12,"y":-36.8},"expanded":981808,"newVias":1,"reusedBootstrapLayer":"bottom","length":25.334095001220703}
{"package":"U_RAM","trial":25,"order":["source_trace_9","source_trace_0","source_trace_7","source_trace_23","source_trace_34","source_trace_22","source_trace_19","source_trace_36","source_trace_38","source_trace_37","source_trace_21","source_trace_20","source_trace_45","source_trace_46","source_trace_25","source_trace_5","source_trace_33","source_trace_39","source_trace_18","source_trace_35","source_trace_47","source_trace_6","source_trace_48","source_trace_44","source_trace_24","source_trace_8"],"failedName":"source_trace_25"}
{"name":"source_trace_25","package":"U_RAM","end":{"x":1.4000000000000004,"y":-36.8},"expanded":14789,"newVias":0,"reusedBootstrapLayer":"top","length":4.476955413818359}
{"name":"source_trace_9","package":"U_RAM","end":{"x":-3.4000000000000004,"y":-36.8},"expanded":20746,"newVias":0,"reusedBootstrapLayer":"top","length":4.7798991203308105}
{"name":"source_trace_0","package":"U_RAM","end":{"x":-1.4799999999999986,"y":-36.8},"expanded":139855,"newVias":1,"reusedBootstrapLayer":"bottom","length":8.7467622756958}
{"name":"source_trace_7","package":"U_RAM","end":{"x":-1.959999999999999,"y":-36.8},"expanded":45974,"newVias":1,"reusedBootstrapLayer":"bottom","length":6.147939682006836}
{"name":"source_trace_23","package":"U_RAM","end":{"x":-9.64,"y":-36.8},"expanded":240459,"newVias":1,"reusedBootstrapLayer":"bottom","length":13.679309844970703}
{"name":"source_trace_34","package":"U_RAM","end":{"x":-5.4799999999999995,"y":-36.8},"expanded":518547,"newVias":1,"reusedBootstrapLayer":"bottom","length":14.536853790283203}
{"name":"source_trace_22","package":"U_RAM","end":{"x":-8.2,"y":-36.8},"expanded":363108,"newVias":1,"reusedBootstrapLayer":"bottom","length":14.674398422241211}
{"name":"source_trace_19","package":"U_RAM","end":{"x":-2.4399999999999995,"y":-36.8},"expanded":593917,"newVias":2,"reusedBootstrapLayer":"top","length":11.776366233825684}
{"name":"source_trace_36","package":"U_RAM","end":{"x":0.4400000000000013,"y":-36.8},"expanded":103154,"newVias":1,"reusedBootstrapLayer":"bottom","length":6.446172714233398}
{"name":"source_trace_38","package":"U_RAM","end":{"x":-2.92,"y":-36.8},"expanded":270391,"newVias":0,"reusedBootstrapLayer":"top","length":12.092203140258789}
{"name":"source_trace_37","package":"U_RAM","end":{"x":-0.5199999999999996,"y":-36.8},"expanded":114753,"newVias":1,"reusedBootstrapLayer":"bottom","length":7.284996032714844}
{"name":"source_trace_21","package":"U_RAM","end":{"x":-7.72,"y":-36.8},"expanded":154650,"newVias":1,"reusedBootstrapLayer":"bottom","length":14.513910293579102}
{"name":"source_trace_20","package":"U_RAM","end":{"x":-7.239999999999999,"y":-36.8},"expanded":294959,"newVias":1,"reusedBootstrapLayer":"bottom","length":16.295188903808594}
{"name":"source_trace_45","package":"U_RAM","end":{"x":-4.359999999999999,"y":-36.8},"expanded":212761,"newVias":1,"reusedBootstrapLayer":"bottom","length":13.285970687866211}
{"name":"source_trace_46","package":"U_RAM","end":{"x":-10.12,"y":-36.8},"expanded":654324,"newVias":1,"reusedBootstrapLayer":"bottom","length":23.789342880249023}
{"name":"source_trace_5","package":"U_RAM","end":{"x":-0.03999999999999915,"y":-36.8},"expanded":1466256,"newVias":4,"reusedBootstrapLayer":"top","length":35.692630767822266}
{"name":"source_trace_33","package":"U_RAM","end":{"x":-5.8,"y":-36.8},"expanded":1283598,"newVias":1,"reusedBootstrapLayer":"bottom","length":21.64327049255371}
{"name":"source_trace_39","package":"U_RAM","end":{"x":2.84,"y":-36.8},"expanded":7496,"newVias":0,"reusedBootstrapLayer":"top","length":3.747939348220825}
{"name":"source_trace_18","package":"U_RAM","end":{"x":3.3200000000000003,"y":-36.8},"expanded":78961,"newVias":1,"reusedBootstrapLayer":"bottom","length":13.963128089904785}
{"name":"source_trace_35","package":"U_RAM","end":{"x":1.8800000000000008,"y":-36.8},"expanded":409460,"newVias":2,"reusedBootstrapLayer":"top","length":17.533321380615234}
{"name":"source_trace_47","package":"U_RAM","end":{"x":-9.16,"y":-36.8},"expanded":1281990,"newVias":2,"reusedBootstrapLayer":"top","length":34.482032775878906}
{"package":"U_RAM","trial":26,"order":["source_trace_25","source_trace_9","source_trace_0","source_trace_7","source_trace_23","source_trace_34","source_trace_22","source_trace_19","source_trace_36","source_trace_38","source_trace_37","source_trace_21","source_trace_20","source_trace_45","source_trace_46","source_trace_5","source_trace_33","source_trace_39","source_trace_18","source_trace_35","source_trace_47","source_trace_6","source_trace_48","source_trace_44","source_trace_24","source_trace_8"],"failedName":"source_trace_6"}
{"name":"source_trace_6","package":"U_RAM","end":{"x":-8.68,"y":-36.8},"expanded":124248,"newVias":0,"reusedBootstrapLayer":"top","length":11.266702651977539}
{"name":"source_trace_25","package":"U_RAM","end":{"x":1.4000000000000004,"y":-36.8},"expanded":14789,"newVias":0,"reusedBootstrapLayer":"top","length":4.476955413818359}
{"name":"source_trace_9","package":"U_RAM","end":{"x":-3.4000000000000004,"y":-36.8},"expanded":20746,"newVias":0,"reusedBootstrapLayer":"top","length":4.7798991203308105}
{"name":"source_trace_0","package":"U_RAM","end":{"x":-1.4799999999999986,"y":-36.8},"expanded":103562,"newVias":1,"reusedBootstrapLayer":"bottom","length":8.7467622756958}
{"name":"source_trace_7","package":"U_RAM","end":{"x":-1.959999999999999,"y":-36.8},"expanded":45960,"newVias":1,"reusedBootstrapLayer":"bottom","length":6.147939682006836}
{"name":"source_trace_23","package":"U_RAM","end":{"x":-9.64,"y":-36.8},"expanded":240457,"newVias":1,"reusedBootstrapLayer":"bottom","length":13.679309844970703}
{"name":"source_trace_34","package":"U_RAM","end":{"x":-5.4799999999999995,"y":-36.8},"expanded":515932,"newVias":1,"reusedBootstrapLayer":"bottom","length":14.536853790283203}
{"name":"source_trace_22","package":"U_RAM","end":{"x":-8.2,"y":-36.8},"expanded":354924,"newVias":1,"reusedBootstrapLayer":"bottom","length":14.674398422241211}
{"name":"source_trace_19","package":"U_RAM","end":{"x":-2.4399999999999995,"y":-36.8},"expanded":316939,"newVias":1,"reusedBootstrapLayer":"bottom","length":11.972346305847168}
{"name":"source_trace_36","package":"U_RAM","end":{"x":0.4400000000000013,"y":-36.8},"expanded":108780,"newVias":1,"reusedBootstrapLayer":"bottom","length":6.446172714233398}
{"name":"source_trace_38","package":"U_RAM","end":{"x":-2.92,"y":-36.8},"expanded":293630,"newVias":0,"reusedBootstrapLayer":"top","length":12.092203140258789}
{"name":"source_trace_37","package":"U_RAM","end":{"x":-0.5199999999999996,"y":-36.8},"expanded":124294,"newVias":1,"reusedBootstrapLayer":"bottom","length":7.284996032714844}
{"name":"source_trace_21","package":"U_RAM","end":{"x":-7.72,"y":-36.8},"expanded":606954,"newVias":2,"reusedBootstrapLayer":"top","length":15.357442855834961}
{"name":"source_trace_20","package":"U_RAM","end":{"x":-7.239999999999999,"y":-36.8},"expanded":1322461,"newVias":1,"reusedBootstrapLayer":"bottom","length":19.346071243286133}
{"name":"source_trace_45","package":"U_RAM","end":{"x":-4.359999999999999,"y":-36.8},"expanded":208438,"newVias":1,"reusedBootstrapLayer":"bottom","length":13.237442970275879}
{"name":"source_trace_46","package":"U_RAM","end":{"x":-10.12,"y":-36.8},"expanded":357554,"newVias":1,"reusedBootstrapLayer":"bottom","length":21.88576889038086}
{"package":"U_RAM","trial":27,"order":["source_trace_6","source_trace_25","source_trace_9","source_trace_0","source_trace_7","source_trace_23","source_trace_34","source_trace_22","source_trace_19","source_trace_36","source_trace_38","source_trace_37","source_trace_21","source_trace_20","source_trace_45","source_trace_46","source_trace_5","source_trace_33","source_trace_39","source_trace_18","source_trace_35","source_trace_47","source_trace_48","source_trace_44","source_trace_24","source_trace_8"],"failedName":"source_trace_5"}
{"name":"source_trace_5","package":"U_RAM","end":{"x":-0.03999999999999915,"y":-36.8},"expanded":106512,"newVias":1,"reusedBootstrapLayer":"bottom","length":8.211858749389648}
{"name":"source_trace_6","package":"U_RAM","end":{"x":-8.68,"y":-36.8},"expanded":121673,"newVias":0,"reusedBootstrapLayer":"top","length":11.266702651977539}
{"name":"source_trace_25","package":"U_RAM","end":{"x":1.4000000000000004,"y":-36.8},"expanded":14417,"newVias":0,"reusedBootstrapLayer":"top","length":4.476955413818359}
{"name":"source_trace_9","package":"U_RAM","end":{"x":-3.4000000000000004,"y":-36.8},"expanded":20275,"newVias":0,"reusedBootstrapLayer":"top","length":4.7798991203308105}
{"name":"source_trace_0","package":"U_RAM","end":{"x":-1.4799999999999986,"y":-36.8},"expanded":79249,"newVias":1,"reusedBootstrapLayer":"bottom","length":8.7467622756958}
{"package":"U_RAM","trial":28,"order":["source_trace_5","source_trace_6","source_trace_25","source_trace_9","source_trace_0","source_trace_7","source_trace_23","source_trace_34","source_trace_22","source_trace_19","source_trace_36","source_trace_38","source_trace_37","source_trace_21","source_trace_20","source_trace_45","source_trace_46","source_trace_33","source_trace_39","source_trace_18","source_trace_35","source_trace_47","source_trace_48","source_trace_44","source_trace_24","source_trace_8"],"failedName":"source_trace_7"}
{"name":"source_trace_7","package":"U_RAM","end":{"x":-1.959999999999999,"y":-36.8},"expanded":72153,"newVias":1,"reusedBootstrapLayer":"bottom","length":6.114802360534668}
{"name":"source_trace_5","package":"U_RAM","end":{"x":-0.03999999999999915,"y":-36.8},"expanded":103547,"newVias":0,"reusedBootstrapLayer":"top","length":10.305727005004883}
{"name":"source_trace_6","package":"U_RAM","end":{"x":-8.68,"y":-36.8},"expanded":115822,"newVias":1,"reusedBootstrapLayer":"bottom","length":9.694987297058105}
{"name":"source_trace_25","package":"U_RAM","end":{"x":1.4000000000000004,"y":-36.8},"expanded":14789,"newVias":0,"reusedBootstrapLayer":"top","length":4.476955413818359}
{"name":"source_trace_9","package":"U_RAM","end":{"x":-3.4000000000000004,"y":-36.8},"expanded":64120,"newVias":1,"reusedBootstrapLayer":"bottom","length":4.7798991203308105}
{"name":"source_trace_0","package":"U_RAM","end":{"x":-1.4799999999999986,"y":-36.8},"expanded":160783,"newVias":1,"reusedBootstrapLayer":"bottom","length":9.684995651245117}
{"name":"source_trace_23","package":"U_RAM","end":{"x":-9.64,"y":-36.8},"expanded":232614,"newVias":2,"reusedBootstrapLayer":"top","length":14.527837753295898}
{"name":"source_trace_34","package":"U_RAM","end":{"x":-5.4799999999999995,"y":-36.8},"expanded":498942,"newVias":1,"reusedBootstrapLayer":"bottom","length":14.76950454711914}
{"name":"source_trace_22","package":"U_RAM","end":{"x":-8.2,"y":-36.8},"expanded":308725,"newVias":1,"reusedBootstrapLayer":"bottom","length":15.253522872924805}
{"name":"source_trace_19","package":"U_RAM","end":{"x":-2.4399999999999995,"y":-36.8},"expanded":291647,"newVias":1,"reusedBootstrapLayer":"bottom","length":12.392102241516113}
{"name":"source_trace_36","package":"U_RAM","end":{"x":0.4400000000000013,"y":-36.8},"expanded":96955,"newVias":1,"reusedBootstrapLayer":"bottom","length":6.446172714233398}
{"name":"source_trace_38","package":"U_RAM","end":{"x":-2.92,"y":-36.8},"expanded":241297,"newVias":0,"reusedBootstrapLayer":"top","length":12.092203140258789}
{"name":"source_trace_37","package":"U_RAM","end":{"x":-0.5199999999999996,"y":-36.8},"expanded":145249,"newVias":1,"reusedBootstrapLayer":"bottom","length":8.36950397491455}
{"name":"source_trace_21","package":"U_RAM","end":{"x":-7.72,"y":-36.8},"expanded":621693,"newVias":2,"reusedBootstrapLayer":"top","length":17.715778350830078}
{"package":"U_RAM","trial":29,"order":["source_trace_7","source_trace_5","source_trace_6","source_trace_25","source_trace_9","source_trace_0","source_trace_23","source_trace_34","source_trace_22","source_trace_19","source_trace_36","source_trace_38","source_trace_37","source_trace_21","source_trace_20","source_trace_45","source_trace_46","source_trace_33","source_trace_39","source_trace_18","source_trace_35","source_trace_47","source_trace_48","source_trace_44","source_trace_24","source_trace_8"],"failedName":"source_trace_20"}
{"name":"source_trace_20","package":"U_RAM","end":{"x":-7.239999999999999,"y":-36.8},"expanded":157471,"newVias":0,"reusedBootstrapLayer":"top","length":12.10773754119873}
{"name":"source_trace_7","package":"U_RAM","end":{"x":-1.959999999999999,"y":-36.8},"expanded":70060,"newVias":1,"reusedBootstrapLayer":"bottom","length":6.114802360534668}
{"name":"source_trace_5","package":"U_RAM","end":{"x":-0.03999999999999915,"y":-36.8},"expanded":110418,"newVias":1,"reusedBootstrapLayer":"bottom","length":8.399310111999512}
{"name":"source_trace_6","package":"U_RAM","end":{"x":-8.68,"y":-36.8},"expanded":121641,"newVias":0,"reusedBootstrapLayer":"top","length":11.266702651977539}
{"name":"source_trace_25","package":"U_RAM","end":{"x":1.4000000000000004,"y":-36.8},"expanded":27239,"newVias":1,"reusedBootstrapLayer":"bottom","length":4.711269855499268}
{"name":"source_trace_9","package":"U_RAM","end":{"x":-3.4000000000000004,"y":-36.8},"expanded":68139,"newVias":1,"reusedBootstrapLayer":"bottom","length":4.7798991203308105}
{"name":"source_trace_0","package":"U_RAM","end":{"x":-1.4799999999999986,"y":-36.8},"expanded":197236,"newVias":1,"reusedBootstrapLayer":"bottom","length":10.223918914794922}
{"package":"U_RAM","trial":30,"order":["source_trace_20","source_trace_7","source_trace_5","source_trace_6","source_trace_25","source_trace_9","source_trace_0","source_trace_23","source_trace_34","source_trace_22","source_trace_19","source_trace_36","source_trace_38","source_trace_37","source_trace_21","source_trace_45","source_trace_46","source_trace_33","source_trace_39","source_trace_18","source_trace_35","source_trace_47","source_trace_48","source_trace_44","source_trace_24","source_trace_8"],"failedName":"source_trace_23"}
{"name":"source_trace_23","package":"U_RAM","end":{"x":-9.64,"y":-36.8},"expanded":183169,"newVias":0,"reusedBootstrapLayer":"top","length":12.10773754119873}
{"name":"source_trace_20","package":"U_RAM","end":{"x":-7.239999999999999,"y":-36.8},"expanded":164579,"newVias":1,"reusedBootstrapLayer":"bottom","length":10.276753425598145}
{"name":"source_trace_7","package":"U_RAM","end":{"x":-1.959999999999999,"y":-36.8},"expanded":63986,"newVias":1,"reusedBootstrapLayer":"bottom","length":6.114802360534668}
{"name":"source_trace_5","package":"U_RAM","end":{"x":-0.03999999999999915,"y":-36.8},"expanded":113785,"newVias":1,"reusedBootstrapLayer":"bottom","length":9.480487823486328}
{"name":"source_trace_6","package":"U_RAM","end":{"x":-8.68,"y":-36.8},"expanded":190520,"newVias":1,"reusedBootstrapLayer":"bottom","length":10.491656303405762}
{"name":"source_trace_25","package":"U_RAM","end":{"x":1.4000000000000004,"y":-36.8},"expanded":52388,"newVias":1,"reusedBootstrapLayer":"bottom","length":4.476955413818359}
{"name":"source_trace_9","package":"U_RAM","end":{"x":-3.4000000000000004,"y":-36.8},"expanded":55967,"newVias":1,"reusedBootstrapLayer":"bottom","length":4.7798991203308105}
{"name":"source_trace_0","package":"U_RAM","end":{"x":-1.4799999999999986,"y":-36.8},"expanded":308841,"newVias":2,"reusedBootstrapLayer":"top","length":9.8054838180542}
{"name":"source_trace_34","package":"U_RAM","end":{"x":-5.4799999999999995,"y":-36.8},"expanded":608233,"newVias":0,"reusedBootstrapLayer":"top","length":17.383573532104492}
{"name":"source_trace_22","package":"U_RAM","end":{"x":-8.2,"y":-36.8},"expanded":517296,"newVias":1,"reusedBootstrapLayer":"bottom","length":17.702051162719727}
{"name":"source_trace_19","package":"U_RAM","end":{"x":-2.4399999999999995,"y":-36.8},"expanded":630715,"newVias":3,"reusedBootstrapLayer":"bottom","length":10.591756820678711}
{"name":"source_trace_36","package":"U_RAM","end":{"x":0.4400000000000013,"y":-36.8},"expanded":32988,"newVias":0,"reusedBootstrapLayer":"top","length":6.762497901916504}
{"name":"source_trace_38","package":"U_RAM","end":{"x":-2.92,"y":-36.8},"expanded":165851,"newVias":1,"reusedBootstrapLayer":"bottom","length":10.859898567199707}
{"package":"U_RAM","trial":31,"order":["source_trace_23","source_trace_20","source_trace_7","source_trace_5","source_trace_6","source_trace_25","source_trace_9","source_trace_0","source_trace_34","source_trace_22","source_trace_19","source_trace_36","source_trace_38","source_trace_37","source_trace_21","source_trace_45","source_trace_46","source_trace_33","source_trace_39","source_trace_18","source_trace_35","source_trace_47","source_trace_48","source_trace_44","source_trace_24","source_trace_8"],"failedName":"source_trace_37"}
{"name":"source_trace_37","package":"U_RAM","end":{"x":-0.5199999999999996,"y":-36.8},"expanded":45562,"newVias":0,"reusedBootstrapLayer":"top","length":6.360142707824707}
{"name":"source_trace_23","package":"U_RAM","end":{"x":-9.64,"y":-36.8},"expanded":183169,"newVias":0,"reusedBootstrapLayer":"top","length":12.10773754119873}
{"name":"source_trace_20","package":"U_RAM","end":{"x":-7.239999999999999,"y":-36.8},"expanded":164579,"newVias":1,"reusedBootstrapLayer":"bottom","length":10.276753425598145}
{"name":"source_trace_7","package":"U_RAM","end":{"x":-1.959999999999999,"y":-36.8},"expanded":63987,"newVias":1,"reusedBootstrapLayer":"bottom","length":6.114802360534668}
{"name":"source_trace_5","package":"U_RAM","end":{"x":-0.03999999999999915,"y":-36.8},"expanded":133465,"newVias":1,"reusedBootstrapLayer":"bottom","length":9.71279239654541}
{"name":"source_trace_6","package":"U_RAM","end":{"x":-8.68,"y":-36.8},"expanded":190520,"newVias":1,"reusedBootstrapLayer":"bottom","length":10.491656303405762}
{"name":"source_trace_25","package":"U_RAM","end":{"x":1.4000000000000004,"y":-36.8},"expanded":51203,"newVias":1,"reusedBootstrapLayer":"bottom","length":5.6736249923706055}
{"name":"source_trace_9","package":"U_RAM","end":{"x":-3.4000000000000004,"y":-36.8},"expanded":55967,"newVias":1,"reusedBootstrapLayer":"bottom","length":4.7798991203308105}
{"name":"source_trace_0","package":"U_RAM","end":{"x":-1.4799999999999986,"y":-36.8},"expanded":206140,"newVias":1,"reusedBootstrapLayer":"bottom","length":11.08901596069336}
{"name":"source_trace_34","package":"U_RAM","end":{"x":-5.4799999999999995,"y":-36.8},"expanded":375074,"newVias":0,"reusedBootstrapLayer":"top","length":16.821218490600586}
{"package":"U_RAM","trial":32,"order":["source_trace_37","source_trace_23","source_trace_20","source_trace_7","source_trace_5","source_trace_6","source_trace_25","source_trace_9","source_trace_0","source_trace_34","source_trace_22","source_trace_19","source_trace_36","source_trace_38","source_trace_21","source_trace_45","source_trace_46","source_trace_33","source_trace_39","source_trace_18","source_trace_35","source_trace_47","source_trace_48","source_trace_44","source_trace_24","source_trace_8"],"failedName":"source_trace_22"}
{"name":"source_trace_22","package":"U_RAM","end":{"x":-8.2,"y":-36.8},"expanded":160043,"newVias":0,"reusedBootstrapLayer":"top","length":11.467737197875977}
{"name":"source_trace_37","package":"U_RAM","end":{"x":-0.5199999999999996,"y":-36.8},"expanded":45562,"newVias":0,"reusedBootstrapLayer":"top","length":6.360142707824707}
{"name":"source_trace_23","package":"U_RAM","end":{"x":-9.64,"y":-36.8},"expanded":173821,"newVias":1,"reusedBootstrapLayer":"bottom","length":10.511067390441895}
{"name":"source_trace_20","package":"U_RAM","end":{"x":-7.239999999999999,"y":-36.8},"expanded":164805,"newVias":0,"reusedBootstrapLayer":"top","length":12.477442741394043}
{"name":"source_trace_7","package":"U_RAM","end":{"x":-1.959999999999999,"y":-36.8},"expanded":77839,"newVias":1,"reusedBootstrapLayer":"bottom","length":7.105584144592285}
{"name":"source_trace_5","package":"U_RAM","end":{"x":-0.03999999999999915,"y":-36.8},"expanded":82547,"newVias":1,"reusedBootstrapLayer":"bottom","length":8.43244743347168}
{"name":"source_trace_6","package":"U_RAM","end":{"x":-8.68,"y":-36.8},"expanded":203615,"newVias":1,"reusedBootstrapLayer":"bottom","length":10.491656303405762}
{"name":"source_trace_25","package":"U_RAM","end":{"x":1.4000000000000004,"y":-36.8},"expanded":80366,"newVias":1,"reusedBootstrapLayer":"bottom","length":6.922152519226074}
{"name":"source_trace_9","package":"U_RAM","end":{"x":-3.4000000000000004,"y":-36.8},"expanded":57687,"newVias":1,"reusedBootstrapLayer":"bottom","length":4.7798991203308105}
{"name":"source_trace_0","package":"U_RAM","end":{"x":-1.4799999999999986,"y":-36.8},"expanded":197072,"newVias":1,"reusedBootstrapLayer":"bottom","length":10.611858367919922}
{"name":"source_trace_34","package":"U_RAM","end":{"x":-5.4799999999999995,"y":-36.8},"expanded":428937,"newVias":0,"reusedBootstrapLayer":"top","length":16.821218490600586}
{"name":"source_trace_19","package":"U_RAM","end":{"x":-2.4399999999999995,"y":-36.8},"expanded":591602,"newVias":1,"reusedBootstrapLayer":"bottom","length":14.452346801757812}
{"name":"source_trace_36","package":"U_RAM","end":{"x":0.4400000000000013,"y":-36.8},"expanded":63698,"newVias":1,"reusedBootstrapLayer":"bottom","length":6.446172714233398}
{"name":"source_trace_38","package":"U_RAM","end":{"x":-2.92,"y":-36.8},"expanded":122902,"newVias":1,"reusedBootstrapLayer":"bottom","length":10.493036270141602}
{"name":"source_trace_21","package":"U_RAM","end":{"x":-7.72,"y":-36.8},"expanded":299755,"newVias":3,"reusedBootstrapLayer":"bottom","length":23.338520050048828}
{"name":"source_trace_45","package":"U_RAM","end":{"x":-4.359999999999999,"y":-36.8},"expanded":609467,"newVias":1,"reusedBootstrapLayer":"bottom","length":18.11577796936035}
{"name":"source_trace_46","package":"U_RAM","end":{"x":-10.12,"y":-36.8},"expanded":267490,"newVias":1,"reusedBootstrapLayer":"bottom","length":19.944978713989258}
{"package":"U_RAM","trial":33,"order":["source_trace_22","source_trace_37","source_trace_23","source_trace_20","source_trace_7","source_trace_5","source_trace_6","source_trace_25","source_trace_9","source_trace_0","source_trace_34","source_trace_19","source_trace_36","source_trace_38","source_trace_21","source_trace_45","source_trace_46","source_trace_33","source_trace_39","source_trace_18","source_trace_35","source_trace_47","source_trace_48","source_trace_44","source_trace_24","source_trace_8"],"failedName":"source_trace_33"}
{"name":"source_trace_33","package":"U_RAM","end":{"x":-5.8,"y":-36.8},"expanded":154367,"newVias":0,"reusedBootstrapLayer":"top","length":13.578174591064453}
{"name":"source_trace_22","package":"U_RAM","end":{"x":-8.2,"y":-36.8},"expanded":128473,"newVias":1,"reusedBootstrapLayer":"bottom","length":9.589890480041504}
{"name":"source_trace_37","package":"U_RAM","end":{"x":-0.5199999999999996,"y":-36.8},"expanded":45562,"newVias":0,"reusedBootstrapLayer":"top","length":6.360142707824707}
{"name":"source_trace_23","package":"U_RAM","end":{"x":-9.64,"y":-36.8},"expanded":125336,"newVias":1,"reusedBootstrapLayer":"bottom","length":10.698519706726074}
{"name":"source_trace_20","package":"U_RAM","end":{"x":-7.239999999999999,"y":-36.8},"expanded":149311,"newVias":1,"reusedBootstrapLayer":"bottom","length":10.745382308959961}
{"name":"source_trace_7","package":"U_RAM","end":{"x":-1.959999999999999,"y":-36.8},"expanded":71022,"newVias":1,"reusedBootstrapLayer":"bottom","length":7.905584335327148}
{"name":"source_trace_5","package":"U_RAM","end":{"x":-0.03999999999999915,"y":-36.8},"expanded":104654,"newVias":1,"reusedBootstrapLayer":"bottom","length":9.71279239654541}
{"name":"source_trace_6","package":"U_RAM","end":{"x":-8.68,"y":-36.8},"expanded":259502,"newVias":1,"reusedBootstrapLayer":"bottom","length":11.244793891906738}
{"name":"source_trace_25","package":"U_RAM","end":{"x":1.4000000000000004,"y":-36.8},"expanded":93327,"newVias":1,"reusedBootstrapLayer":"bottom","length":6.922152519226074}
{"name":"source_trace_9","package":"U_RAM","end":{"x":-3.4000000000000004,"y":-36.8},"expanded":60431,"newVias":1,"reusedBootstrapLayer":"bottom","length":4.7798991203308105}
{"name":"source_trace_0","package":"U_RAM","end":{"x":-1.4799999999999986,"y":-36.8},"expanded":330410,"newVias":1,"reusedBootstrapLayer":"bottom","length":12.628569602966309}
{"name":"source_trace_34","package":"U_RAM","end":{"x":-5.4799999999999995,"y":-36.8},"expanded":171191,"newVias":0,"reusedBootstrapLayer":"top","length":15.134154319763184}
{"name":"source_trace_19","package":"U_RAM","end":{"x":-2.4399999999999995,"y":-36.8},"expanded":295982,"newVias":2,"reusedBootstrapLayer":"top","length":12.618175506591797}
{"name":"source_trace_36","package":"U_RAM","end":{"x":0.4400000000000013,"y":-36.8},"expanded":53587,"newVias":1,"reusedBootstrapLayer":"bottom","length":6.446172714233398}
{"name":"source_trace_38","package":"U_RAM","end":{"x":-2.92,"y":-36.8},"expanded":107536,"newVias":1,"reusedBootstrapLayer":"bottom","length":9.98842716217041}
{"name":"source_trace_21","package":"U_RAM","end":{"x":-7.72,"y":-36.8},"expanded":98049,"newVias":3,"reusedBootstrapLayer":"bottom","length":16.36097526550293}
{"package":"U_RAM","trial":34,"order":["source_trace_33","source_trace_22","source_trace_37","source_trace_23","source_trace_20","source_trace_7","source_trace_5","source_trace_6","source_trace_25","source_trace_9","source_trace_0","source_trace_34","source_trace_19","source_trace_36","source_trace_38","source_trace_21","source_trace_45","source_trace_46","source_trace_39","source_trace_18","source_trace_35","source_trace_47","source_trace_48","source_trace_44","source_trace_24","source_trace_8"],"failedName":"source_trace_45"}
{"name":"source_trace_45","package":"U_RAM","end":{"x":-4.359999999999999,"y":-36.8},"expanded":139215,"newVias":1,"reusedBootstrapLayer":"bottom","length":9.231067657470703}
{"name":"source_trace_33","package":"U_RAM","end":{"x":-5.8,"y":-36.8},"expanded":148021,"newVias":0,"reusedBootstrapLayer":"top","length":13.578174591064453}
{"name":"source_trace_22","package":"U_RAM","end":{"x":-8.2,"y":-36.8},"expanded":125878,"newVias":1,"reusedBootstrapLayer":"bottom","length":9.589890480041504}
{"name":"source_trace_37","package":"U_RAM","end":{"x":-0.5199999999999996,"y":-36.8},"expanded":23053,"newVias":0,"reusedBootstrapLayer":"top","length":6.360142707824707}
{"name":"source_trace_23","package":"U_RAM","end":{"x":-9.64,"y":-36.8},"expanded":119090,"newVias":1,"reusedBootstrapLayer":"bottom","length":10.698519706726074}
{"name":"source_trace_20","package":"U_RAM","end":{"x":-7.239999999999999,"y":-36.8},"expanded":148355,"newVias":1,"reusedBootstrapLayer":"bottom","length":10.745382308959961}
{"name":"source_trace_7","package":"U_RAM","end":{"x":-1.959999999999999,"y":-36.8},"expanded":45596,"newVias":1,"reusedBootstrapLayer":"bottom","length":7.905584335327148}
{"name":"source_trace_5","package":"U_RAM","end":{"x":-0.03999999999999915,"y":-36.8},"expanded":406311,"newVias":1,"reusedBootstrapLayer":"bottom","length":13.172143936157227}
{"name":"source_trace_6","package":"U_RAM","end":{"x":-8.68,"y":-36.8},"expanded":259502,"newVias":1,"reusedBootstrapLayer":"bottom","length":11.244793891906738}
{"name":"source_trace_25","package":"U_RAM","end":{"x":1.4000000000000004,"y":-36.8},"expanded":114233,"newVias":1,"reusedBootstrapLayer":"bottom","length":8.17068099975586}
{"name":"source_trace_9","package":"U_RAM","end":{"x":-3.4000000000000004,"y":-36.8},"expanded":49373,"newVias":1,"reusedBootstrapLayer":"bottom","length":4.7798991203308105}
{"name":"source_trace_0","package":"U_RAM","end":{"x":-1.4799999999999986,"y":-36.8},"expanded":349739,"newVias":1,"reusedBootstrapLayer":"bottom","length":13.124305725097656}
{"name":"source_trace_34","package":"U_RAM","end":{"x":-5.4799999999999995,"y":-36.8},"expanded":473600,"newVias":1,"reusedBootstrapLayer":"bottom","length":17.80028533935547}
{"name":"source_trace_19","package":"U_RAM","end":{"x":-2.4399999999999995,"y":-36.8},"expanded":1113669,"newVias":2,"reusedBootstrapLayer":"top","length":17.68763542175293}
{"package":"U_RAM","trial":35,"order":["source_trace_45","source_trace_33","source_trace_22","source_trace_37","source_trace_23","source_trace_20","source_trace_7","source_trace_5","source_trace_6","source_trace_25","source_trace_9","source_trace_0","source_trace_34","source_trace_19","source_trace_36","source_trace_38","source_trace_21","source_trace_46","source_trace_39","source_trace_18","source_trace_35","source_trace_47","source_trace_48","source_trace_44","source_trace_24","source_trace_8"],"failedName":"source_trace_36"}
{"name":"source_trace_36","package":"U_RAM","end":{"x":0.4400000000000013,"y":-36.8},"expanded":41147,"newVias":0,"reusedBootstrapLayer":"top","length":6.762497901916504}
{"name":"source_trace_45","package":"U_RAM","end":{"x":-4.359999999999999,"y":-36.8},"expanded":137563,"newVias":1,"reusedBootstrapLayer":"bottom","length":9.231067657470703}
{"name":"source_trace_33","package":"U_RAM","end":{"x":-5.8,"y":-36.8},"expanded":146824,"newVias":0,"reusedBootstrapLayer":"top","length":13.578174591064453}
{"name":"source_trace_22","package":"U_RAM","end":{"x":-8.2,"y":-36.8},"expanded":125878,"newVias":1,"reusedBootstrapLayer":"bottom","length":9.589890480041504}
{"name":"source_trace_37","package":"U_RAM","end":{"x":-0.5199999999999996,"y":-36.8},"expanded":38688,"newVias":1,"reusedBootstrapLayer":"bottom","length":6.278132438659668}
{"name":"source_trace_23","package":"U_RAM","end":{"x":-9.64,"y":-36.8},"expanded":119090,"newVias":1,"reusedBootstrapLayer":"bottom","length":10.698519706726074}
{"name":"source_trace_20","package":"U_RAM","end":{"x":-7.239999999999999,"y":-36.8},"expanded":148355,"newVias":1,"reusedBootstrapLayer":"bottom","length":10.745382308959961}
{"name":"source_trace_7","package":"U_RAM","end":{"x":-1.959999999999999,"y":-36.8},"expanded":44359,"newVias":1,"reusedBootstrapLayer":"bottom","length":7.905584335327148}
{"name":"source_trace_5","package":"U_RAM","end":{"x":-0.03999999999999915,"y":-36.8},"expanded":399780,"newVias":1,"reusedBootstrapLayer":"bottom","length":13.172143936157227}
{"name":"source_trace_6","package":"U_RAM","end":{"x":-8.68,"y":-36.8},"expanded":259502,"newVias":1,"reusedBootstrapLayer":"bottom","length":11.244793891906738}
{"name":"source_trace_25","package":"U_RAM","end":{"x":1.4000000000000004,"y":-36.8},"expanded":130633,"newVias":1,"reusedBootstrapLayer":"bottom","length":8.502052307128906}
{"name":"source_trace_9","package":"U_RAM","end":{"x":-3.4000000000000004,"y":-36.8},"expanded":49373,"newVias":1,"reusedBootstrapLayer":"bottom","length":4.7798991203308105}
{"name":"source_trace_0","package":"U_RAM","end":{"x":-1.4799999999999986,"y":-36.8},"expanded":347713,"newVias":1,"reusedBootstrapLayer":"bottom","length":13.124305725097656}
{"name":"source_trace_34","package":"U_RAM","end":{"x":-5.4799999999999995,"y":-36.8},"expanded":480875,"newVias":1,"reusedBootstrapLayer":"bottom","length":18.084793090820312}
{"name":"source_trace_19","package":"U_RAM","end":{"x":-2.4399999999999995,"y":-36.8},"expanded":1310882,"newVias":1,"reusedBootstrapLayer":"bottom","length":20.788856506347656}
{"name":"source_trace_38","package":"U_RAM","end":{"x":-2.92,"y":-36.8},"expanded":59960,"newVias":1,"reusedBootstrapLayer":"bottom","length":10.038620948791504}
{"name":"source_trace_21","package":"U_RAM","end":{"x":-7.72,"y":-36.8},"expanded":688362,"newVias":2,"reusedBootstrapLayer":"top","length":20.70233726501465}
{"name":"source_trace_46","package":"U_RAM","end":{"x":-10.12,"y":-36.8},"expanded":208351,"newVias":3,"reusedBootstrapLayer":"bottom","length":18.113422393798828}
{"name":"source_trace_39","package":"U_RAM","end":{"x":2.84,"y":-36.8},"expanded":6151,"newVias":0,"reusedBootstrapLayer":"top","length":3.747939348220825}
{"name":"source_trace_18","package":"U_RAM","end":{"x":3.3200000000000003,"y":-36.8},"expanded":96512,"newVias":1,"reusedBootstrapLayer":"bottom","length":13.497544288635254}
{"name":"source_trace_35","package":"U_RAM","end":{"x":1.8800000000000008,"y":-36.8},"expanded":196475,"newVias":3,"reusedBootstrapLayer":"bottom","length":17.62116050720215}
{"name":"source_trace_47","package":"U_RAM","end":{"x":-9.16,"y":-36.8},"expanded":96888,"newVias":2,"reusedBootstrapLayer":"top","length":17.202640533447266}
{"package":"U_RAM","trial":36,"order":["source_trace_36","source_trace_45","source_trace_33","source_trace_22","source_trace_37","source_trace_23","source_trace_20","source_trace_7","source_trace_5","source_trace_6","source_trace_25","source_trace_9","source_trace_0","source_trace_34","source_trace_19","source_trace_38","source_trace_21","source_trace_46","source_trace_39","source_trace_18","source_trace_35","source_trace_47","source_trace_48","source_trace_44","source_trace_24","source_trace_8"],"failedName":"source_trace_48"}
{"name":"source_trace_48","package":"U_RAM","end":{"x":-1,"y":-36.8},"expanded":114020,"newVias":0,"reusedBootstrapLayer":"top","length":10.90205192565918}
{"name":"source_trace_36","package":"U_RAM","end":{"x":0.4400000000000013,"y":-36.8},"expanded":83685,"newVias":1,"reusedBootstrapLayer":"bottom","length":6.446172714233398}
{"name":"source_trace_45","package":"U_RAM","end":{"x":-4.359999999999999,"y":-36.8},"expanded":168943,"newVias":1,"reusedBootstrapLayer":"bottom","length":10.74067211151123}
{"name":"source_trace_33","package":"U_RAM","end":{"x":-5.8,"y":-36.8},"expanded":196742,"newVias":1,"reusedBootstrapLayer":"bottom","length":12.512042999267578}
{"name":"source_trace_22","package":"U_RAM","end":{"x":-8.2,"y":-36.8},"expanded":100766,"newVias":1,"reusedBootstrapLayer":"bottom","length":9.589890480041504}
{"name":"source_trace_37","package":"U_RAM","end":{"x":-0.5199999999999996,"y":-36.8},"expanded":34477,"newVias":1,"reusedBootstrapLayer":"bottom","length":6.375188827514648}
{"name":"source_trace_23","package":"U_RAM","end":{"x":-9.64,"y":-36.8},"expanded":87347,"newVias":1,"reusedBootstrapLayer":"bottom","length":10.698519706726074}
{"name":"source_trace_20","package":"U_RAM","end":{"x":-7.239999999999999,"y":-36.8},"expanded":128756,"newVias":1,"reusedBootstrapLayer":"bottom","length":10.745382308959961}
{"name":"source_trace_7","package":"U_RAM","end":{"x":-1.959999999999999,"y":-36.8},"expanded":18938,"newVias":1,"reusedBootstrapLayer":"bottom","length":8.426072120666504}
{"name":"source_trace_5","package":"U_RAM","end":{"x":-0.03999999999999915,"y":-36.8},"expanded":390006,"newVias":3,"reusedBootstrapLayer":"bottom","length":9.679309844970703}
{"name":"source_trace_6","package":"U_RAM","end":{"x":-8.68,"y":-36.8},"expanded":259502,"newVias":1,"reusedBootstrapLayer":"bottom","length":11.244793891906738}
{"name":"source_trace_25","package":"U_RAM","end":{"x":1.4000000000000004,"y":-36.8},"expanded":77884,"newVias":1,"reusedBootstrapLayer":"bottom","length":5.6736249923706055}
{"name":"source_trace_9","package":"U_RAM","end":{"x":-3.4000000000000004,"y":-36.8},"expanded":56119,"newVias":2,"reusedBootstrapLayer":"top","length":4.779898643493652}
{"name":"source_trace_0","package":"U_RAM","end":{"x":-1.4799999999999986,"y":-36.8},"expanded":846805,"newVias":3,"reusedBootstrapLayer":"bottom","length":12.088325500488281}
{"name":"source_trace_34","package":"U_RAM","end":{"x":-5.4799999999999995,"y":-36.8},"expanded":505208,"newVias":1,"reusedBootstrapLayer":"bottom","length":17.06891441345215}
{"name":"source_trace_19","package":"U_RAM","end":{"x":-2.4399999999999995,"y":-36.8},"expanded":1438142,"newVias":1,"reusedBootstrapLayer":"bottom","length":21.019840240478516}
{"name":"source_trace_38","package":"U_RAM","end":{"x":-2.92,"y":-36.8},"expanded":634891,"newVias":4,"reusedBootstrapLayer":"top","length":26.579151153564453}
{"package":"U_RAM","trial":37,"order":["source_trace_48","source_trace_36","source_trace_45","source_trace_33","source_trace_22","source_trace_37","source_trace_23","source_trace_20","source_trace_7","source_trace_5","source_trace_6","source_trace_25","source_trace_9","source_trace_0","source_trace_34","source_trace_19","source_trace_38","source_trace_21","source_trace_46","source_trace_39","source_trace_18","source_trace_35","source_trace_47","source_trace_44","source_trace_24","source_trace_8"],"failedName":"source_trace_21"}
{"name":"source_trace_21","package":"U_RAM","end":{"x":-7.72,"y":-36.8},"expanded":160815,"newVias":1,"reusedBootstrapLayer":"bottom","length":9.769301414489746}
{"name":"source_trace_48","package":"U_RAM","end":{"x":-1,"y":-36.8},"expanded":114020,"newVias":0,"reusedBootstrapLayer":"top","length":10.90205192565918}
{"name":"source_trace_36","package":"U_RAM","end":{"x":0.4400000000000013,"y":-36.8},"expanded":83685,"newVias":1,"reusedBootstrapLayer":"bottom","length":6.446172714233398}
{"name":"source_trace_45","package":"U_RAM","end":{"x":-4.359999999999999,"y":-36.8},"expanded":163054,"newVias":1,"reusedBootstrapLayer":"bottom","length":10.74067211151123}
{"name":"source_trace_33","package":"U_RAM","end":{"x":-5.8,"y":-36.8},"expanded":187045,"newVias":1,"reusedBootstrapLayer":"bottom","length":12.512042999267578}
{"name":"source_trace_22","package":"U_RAM","end":{"x":-8.2,"y":-36.8},"expanded":60848,"newVias":1,"reusedBootstrapLayer":"bottom","length":9.917930603027344}
{"name":"source_trace_37","package":"U_RAM","end":{"x":-0.5199999999999996,"y":-36.8},"expanded":34477,"newVias":1,"reusedBootstrapLayer":"bottom","length":6.375188827514648}
{"name":"source_trace_23","package":"U_RAM","end":{"x":-9.64,"y":-36.8},"expanded":123246,"newVias":0,"reusedBootstrapLayer":"top","length":15.421361923217773}
{"name":"source_trace_20","package":"U_RAM","end":{"x":-7.239999999999999,"y":-36.8},"expanded":107660,"newVias":1,"reusedBootstrapLayer":"bottom","length":10.534499168395996}
{"name":"source_trace_7","package":"U_RAM","end":{"x":-1.959999999999999,"y":-36.8},"expanded":99573,"newVias":3,"reusedBootstrapLayer":"bottom","length":7.610681533813477}
{"name":"source_trace_5","package":"U_RAM","end":{"x":-0.03999999999999915,"y":-36.8},"expanded":387105,"newVias":3,"reusedBootstrapLayer":"bottom","length":9.679309844970703}
{"name":"source_trace_6","package":"U_RAM","end":{"x":-8.68,"y":-36.8},"expanded":31333,"newVias":0,"reusedBootstrapLayer":"top","length":11.266702651977539}
{"name":"source_trace_25","package":"U_RAM","end":{"x":1.4000000000000004,"y":-36.8},"expanded":73114,"newVias":1,"reusedBootstrapLayer":"bottom","length":5.6736249923706055}
{"name":"source_trace_9","package":"U_RAM","end":{"x":-3.4000000000000004,"y":-36.8},"expanded":33641,"newVias":2,"reusedBootstrapLayer":"top","length":5.179899215698242}
{"name":"source_trace_0","package":"U_RAM","end":{"x":-1.4799999999999986,"y":-36.8},"expanded":789877,"newVias":3,"reusedBootstrapLayer":"bottom","length":11.673078536987305}
{"name":"source_trace_34","package":"U_RAM","end":{"x":-5.4799999999999995,"y":-36.8},"expanded":257354,"newVias":1,"reusedBootstrapLayer":"bottom","length":14.536853790283203}
{"name":"source_trace_19","package":"U_RAM","end":{"x":-2.4399999999999995,"y":-36.8},"expanded":1429177,"newVias":1,"reusedBootstrapLayer":"bottom","length":19.426559448242188}
{"name":"source_trace_38","package":"U_RAM","end":{"x":-2.92,"y":-36.8},"expanded":772574,"newVias":4,"reusedBootstrapLayer":"top","length":27.663169860839844}
{"package":"U_RAM","trial":38,"order":["source_trace_21","source_trace_48","source_trace_36","source_trace_45","source_trace_33","source_trace_22","source_trace_37","source_trace_23","source_trace_20","source_trace_7","source_trace_5","source_trace_6","source_trace_25","source_trace_9","source_trace_0","source_trace_34","source_trace_19","source_trace_38","source_trace_46","source_trace_39","source_trace_18","source_trace_35","source_trace_47","source_trace_44","source_trace_24","source_trace_8"],"failedName":"source_trace_46"}
{"name":"source_trace_46","package":"U_RAM","end":{"x":-10.12,"y":-36.8},"expanded":310571,"newVias":1,"reusedBootstrapLayer":"bottom","length":14.659696578979492}
{"name":"source_trace_21","package":"U_RAM","end":{"x":-7.72,"y":-36.8},"expanded":104822,"newVias":1,"reusedBootstrapLayer":"bottom","length":9.769301414489746}
{"name":"source_trace_48","package":"U_RAM","end":{"x":-1,"y":-36.8},"expanded":95853,"newVias":0,"reusedBootstrapLayer":"top","length":10.90205192565918}
{"name":"source_trace_36","package":"U_RAM","end":{"x":0.4400000000000013,"y":-36.8},"expanded":97459,"newVias":1,"reusedBootstrapLayer":"bottom","length":7.627737045288086}
{"name":"source_trace_45","package":"U_RAM","end":{"x":-4.359999999999999,"y":-36.8},"expanded":77509,"newVias":1,"reusedBootstrapLayer":"bottom","length":10.74067211151123}
{"name":"source_trace_33","package":"U_RAM","end":{"x":-5.8,"y":-36.8},"expanded":190069,"newVias":1,"reusedBootstrapLayer":"bottom","length":13.132976531982422}
{"name":"source_trace_22","package":"U_RAM","end":{"x":-8.2,"y":-36.8},"expanded":115089,"newVias":0,"reusedBootstrapLayer":"top","length":15.37214469909668}
{"package":"U_RAM","trial":39,"order":["source_trace_46","source_trace_21","source_trace_48","source_trace_36","source_trace_45","source_trace_33","source_trace_22","source_trace_37","source_trace_23","source_trace_20","source_trace_7","source_trace_5","source_trace_6","source_trace_25","source_trace_9","source_trace_0","source_trace_34","source_trace_19","source_trace_38","source_trace_39","source_trace_18","source_trace_35","source_trace_47","source_trace_44","source_trace_24","source_trace_8"],"failedName":"source_trace_37"}
{"name":"source_trace_37","package":"U_RAM","end":{"x":-0.5199999999999996,"y":-36.8},"expanded":45562,"newVias":0,"reusedBootstrapLayer":"top","length":6.360142707824707}
{"name":"source_trace_46","package":"U_RAM","end":{"x":-10.12,"y":-36.8},"expanded":306021,"newVias":1,"reusedBootstrapLayer":"bottom","length":14.659696578979492}
{"name":"source_trace_21","package":"U_RAM","end":{"x":-7.72,"y":-36.8},"expanded":104822,"newVias":1,"reusedBootstrapLayer":"bottom","length":9.769301414489746}
{"name":"source_trace_48","package":"U_RAM","end":{"x":-1,"y":-36.8},"expanded":89795,"newVias":0,"reusedBootstrapLayer":"top","length":10.90205192565918}
{"name":"source_trace_36","package":"U_RAM","end":{"x":0.4400000000000013,"y":-36.8},"expanded":97276,"newVias":1,"reusedBootstrapLayer":"bottom","length":7.627737045288086}
{"name":"source_trace_45","package":"U_RAM","end":{"x":-4.359999999999999,"y":-36.8},"expanded":77414,"newVias":1,"reusedBootstrapLayer":"bottom","length":10.74067211151123}
{"name":"source_trace_33","package":"U_RAM","end":{"x":-5.8,"y":-36.8},"expanded":189704,"newVias":1,"reusedBootstrapLayer":"bottom","length":13.132976531982422}
{"name":"source_trace_22","package":"U_RAM","end":{"x":-8.2,"y":-36.8},"expanded":114904,"newVias":0,"reusedBootstrapLayer":"top","length":15.37214469909668}
{"name":"source_trace_23","package":"U_RAM","end":{"x":-9.64,"y":-36.8},"expanded":375976,"newVias":3,"reusedBootstrapLayer":"bottom","length":16.611454010009766}
{"name":"source_trace_20","package":"U_RAM","end":{"x":-7.239999999999999,"y":-36.8},"expanded":167421,"newVias":3,"reusedBootstrapLayer":"bottom","length":10.889301300048828}
{"name":"source_trace_7","package":"U_RAM","end":{"x":-1.959999999999999,"y":-36.8},"expanded":364903,"newVias":3,"reusedBootstrapLayer":"bottom","length":15.429889678955078}
{"name":"source_trace_5","package":"U_RAM","end":{"x":-0.03999999999999915,"y":-36.8},"expanded":922525,"newVias":2,"reusedBootstrapLayer":"top","length":20.867534637451172}
{"package":"U_RAM","trial":40,"order":["source_trace_37","source_trace_46","source_trace_21","source_trace_48","source_trace_36","source_trace_45","source_trace_33","source_trace_22","source_trace_23","source_trace_20","source_trace_7","source_trace_5","source_trace_6","source_trace_25","source_trace_9","source_trace_0","source_trace_34","source_trace_19","source_trace_38","source_trace_39","source_trace_18","source_trace_35","source_trace_47","source_trace_44","source_trace_24","source_trace_8"],"failedName":"source_trace_6"}
{"name":"source_trace_6","package":"U_RAM","end":{"x":-8.68,"y":-36.8},"expanded":124248,"newVias":0,"reusedBootstrapLayer":"top","length":11.266702651977539}
{"name":"source_trace_37","package":"U_RAM","end":{"x":-0.5199999999999996,"y":-36.8},"expanded":45562,"newVias":0,"reusedBootstrapLayer":"top","length":6.360142707824707}
{"name":"source_trace_46","package":"U_RAM","end":{"x":-10.12,"y":-36.8},"expanded":300141,"newVias":1,"reusedBootstrapLayer":"bottom","length":14.659696578979492}
{"name":"source_trace_21","package":"U_RAM","end":{"x":-7.72,"y":-36.8},"expanded":104855,"newVias":1,"reusedBootstrapLayer":"bottom","length":9.769301414489746}
{"name":"source_trace_48","package":"U_RAM","end":{"x":-1,"y":-36.8},"expanded":89795,"newVias":0,"reusedBootstrapLayer":"top","length":10.90205192565918}
{"name":"source_trace_36","package":"U_RAM","end":{"x":0.4400000000000013,"y":-36.8},"expanded":97276,"newVias":1,"reusedBootstrapLayer":"bottom","length":7.627737045288086}
{"name":"source_trace_45","package":"U_RAM","end":{"x":-4.359999999999999,"y":-36.8},"expanded":77414,"newVias":1,"reusedBootstrapLayer":"bottom","length":10.74067211151123}
{"name":"source_trace_33","package":"U_RAM","end":{"x":-5.8,"y":-36.8},"expanded":189704,"newVias":1,"reusedBootstrapLayer":"bottom","length":13.132976531982422}
{"name":"source_trace_22","package":"U_RAM","end":{"x":-8.2,"y":-36.8},"expanded":114905,"newVias":0,"reusedBootstrapLayer":"top","length":15.37214469909668}
{"name":"source_trace_23","package":"U_RAM","end":{"x":-9.64,"y":-36.8},"expanded":383816,"newVias":3,"reusedBootstrapLayer":"bottom","length":16.72861099243164}
{"name":"source_trace_20","package":"U_RAM","end":{"x":-7.239999999999999,"y":-36.8},"expanded":70064,"newVias":3,"reusedBootstrapLayer":"bottom","length":10.889301300048828}
{"package":"U_RAM","trial":41,"order":["source_trace_6","source_trace_37","source_trace_46","source_trace_21","source_trace_48","source_trace_36","source_trace_45","source_trace_33","source_trace_22","source_trace_23","source_trace_20","source_trace_7","source_trace_5","source_trace_25","source_trace_9","source_trace_0","source_trace_34","source_trace_19","source_trace_38","source_trace_39","source_trace_18","source_trace_35","source_trace_47","source_trace_44","source_trace_24","source_trace_8"],"failedName":"source_trace_7"}
{"name":"source_trace_7","package":"U_RAM","end":{"x":-1.959999999999999,"y":-36.8},"expanded":72153,"newVias":1,"reusedBootstrapLayer":"bottom","length":6.114802360534668}
{"name":"source_trace_6","package":"U_RAM","end":{"x":-8.68,"y":-36.8},"expanded":123033,"newVias":0,"reusedBootstrapLayer":"top","length":11.266702651977539}
{"name":"source_trace_37","package":"U_RAM","end":{"x":-0.5199999999999996,"y":-36.8},"expanded":45562,"newVias":0,"reusedBootstrapLayer":"top","length":6.360142707824707}
{"name":"source_trace_46","package":"U_RAM","end":{"x":-10.12,"y":-36.8},"expanded":264586,"newVias":1,"reusedBootstrapLayer":"bottom","length":14.729991912841797}
{"name":"source_trace_21","package":"U_RAM","end":{"x":-7.72,"y":-36.8},"expanded":136374,"newVias":0,"reusedBootstrapLayer":"top","length":11.787736892700195}
{"name":"source_trace_48","package":"U_RAM","end":{"x":-1,"y":-36.8},"expanded":96470,"newVias":0,"reusedBootstrapLayer":"top","length":10.90205192565918}
{"name":"source_trace_36","package":"U_RAM","end":{"x":0.4400000000000013,"y":-36.8},"expanded":99856,"newVias":1,"reusedBootstrapLayer":"bottom","length":7.627737045288086}
{"name":"source_trace_45","package":"U_RAM","end":{"x":-4.359999999999999,"y":-36.8},"expanded":105762,"newVias":1,"reusedBootstrapLayer":"bottom","length":10.92812442779541}
{"name":"source_trace_33","package":"U_RAM","end":{"x":-5.8,"y":-36.8},"expanded":262356,"newVias":1,"reusedBootstrapLayer":"bottom","length":13.519596099853516}
{"name":"source_trace_22","package":"U_RAM","end":{"x":-8.2,"y":-36.8},"expanded":86453,"newVias":1,"reusedBootstrapLayer":"bottom","length":14.659208297729492}
{"package":"U_RAM","trial":42,"order":["source_trace_7","source_trace_6","source_trace_37","source_trace_46","source_trace_21","source_trace_48","source_trace_36","source_trace_45","source_trace_33","source_trace_22","source_trace_23","source_trace_20","source_trace_5","source_trace_25","source_trace_9","source_trace_0","source_trace_34","source_trace_19","source_trace_38","source_trace_39","source_trace_18","source_trace_35","source_trace_47","source_trace_44","source_trace_24","source_trace_8"],"failedName":"source_trace_23"}
{"name":"source_trace_23","package":"U_RAM","end":{"x":-9.64,"y":-36.8},"expanded":183169,"newVias":0,"reusedBootstrapLayer":"top","length":12.10773754119873}
{"name":"source_trace_7","package":"U_RAM","end":{"x":-1.959999999999999,"y":-36.8},"expanded":70817,"newVias":1,"reusedBootstrapLayer":"bottom","length":6.114802360534668}
{"name":"source_trace_6","package":"U_RAM","end":{"x":-8.68,"y":-36.8},"expanded":213863,"newVias":1,"reusedBootstrapLayer":"bottom","length":10.105037689208984}
{"name":"source_trace_37","package":"U_RAM","end":{"x":-0.5199999999999996,"y":-36.8},"expanded":45562,"newVias":0,"reusedBootstrapLayer":"top","length":6.360142707824707}
{"name":"source_trace_46","package":"U_RAM","end":{"x":-10.12,"y":-36.8},"expanded":215251,"newVias":1,"reusedBootstrapLayer":"bottom","length":14.889991760253906}
{"name":"source_trace_21","package":"U_RAM","end":{"x":-7.72,"y":-36.8},"expanded":103419,"newVias":0,"reusedBootstrapLayer":"top","length":12.157443046569824}
{"name":"source_trace_48","package":"U_RAM","end":{"x":-1,"y":-36.8},"expanded":95222,"newVias":0,"reusedBootstrapLayer":"top","length":10.90205192565918}
{"name":"source_trace_36","package":"U_RAM","end":{"x":0.4400000000000013,"y":-36.8},"expanded":98565,"newVias":1,"reusedBootstrapLayer":"bottom","length":7.627737045288086}
{"name":"source_trace_45","package":"U_RAM","end":{"x":-4.359999999999999,"y":-36.8},"expanded":100921,"newVias":1,"reusedBootstrapLayer":"bottom","length":11.115575790405273}
{"name":"source_trace_33","package":"U_RAM","end":{"x":-5.8,"y":-36.8},"expanded":372796,"newVias":0,"reusedBootstrapLayer":"top","length":16.95709800720215}
{"name":"source_trace_22","package":"U_RAM","end":{"x":-8.2,"y":-36.8},"expanded":554608,"newVias":1,"reusedBootstrapLayer":"bottom","length":16.711210250854492}
{"name":"source_trace_20","package":"U_RAM","end":{"x":-7.239999999999999,"y":-36.8},"expanded":760000,"newVias":3,"reusedBootstrapLayer":"bottom","length":12.24832534790039}
{"name":"source_trace_5","package":"U_RAM","end":{"x":-0.03999999999999915,"y":-36.8},"expanded":738492,"newVias":2,"reusedBootstrapLayer":"top","length":18.273422241210938}
{"name":"source_trace_25","package":"U_RAM","end":{"x":1.4000000000000004,"y":-36.8},"expanded":214736,"newVias":4,"reusedBootstrapLayer":"top","length":16.05165672302246}
{"package":"U_RAM","trial":43,"order":["source_trace_23","source_trace_7","source_trace_6","source_trace_37","source_trace_46","source_trace_21","source_trace_48","source_trace_36","source_trace_45","source_trace_33","source_trace_22","source_trace_20","source_trace_5","source_trace_25","source_trace_9","source_trace_0","source_trace_34","source_trace_19","source_trace_38","source_trace_39","source_trace_18","source_trace_35","source_trace_47","source_trace_44","source_trace_24","source_trace_8"],"failedName":"source_trace_9"}
{"name":"source_trace_9","package":"U_RAM","end":{"x":-3.4000000000000004,"y":-36.8},"expanded":20746,"newVias":0,"reusedBootstrapLayer":"top","length":4.7798991203308105}
{"name":"source_trace_23","package":"U_RAM","end":{"x":-9.64,"y":-36.8},"expanded":197174,"newVias":1,"reusedBootstrapLayer":"bottom","length":10.511067390441895}
{"name":"source_trace_7","package":"U_RAM","end":{"x":-1.959999999999999,"y":-36.8},"expanded":82660,"newVias":1,"reusedBootstrapLayer":"bottom","length":7.105584144592285}
{"name":"source_trace_6","package":"U_RAM","end":{"x":-8.68,"y":-36.8},"expanded":150131,"newVias":0,"reusedBootstrapLayer":"top","length":11.875920295715332}
{"name":"source_trace_37","package":"U_RAM","end":{"x":-0.5199999999999996,"y":-36.8},"expanded":44954,"newVias":0,"reusedBootstrapLayer":"top","length":6.360142707824707}
{"name":"source_trace_46","package":"U_RAM","end":{"x":-10.12,"y":-36.8},"expanded":214182,"newVias":1,"reusedBootstrapLayer":"bottom","length":14.776853561401367}
{"name":"source_trace_21","package":"U_RAM","end":{"x":-7.72,"y":-36.8},"expanded":100921,"newVias":1,"reusedBootstrapLayer":"bottom","length":10.0504789352417}
{"name":"source_trace_48","package":"U_RAM","end":{"x":-1,"y":-36.8},"expanded":93155,"newVias":0,"reusedBootstrapLayer":"top","length":10.90205192565918}
{"name":"source_trace_36","package":"U_RAM","end":{"x":0.4400000000000013,"y":-36.8},"expanded":95930,"newVias":1,"reusedBootstrapLayer":"bottom","length":7.627737045288086}
{"name":"source_trace_45","package":"U_RAM","end":{"x":-4.359999999999999,"y":-36.8},"expanded":168091,"newVias":1,"reusedBootstrapLayer":"bottom","length":12.367148399353027}
{"name":"source_trace_33","package":"U_RAM","end":{"x":-5.8,"y":-36.8},"expanded":436450,"newVias":0,"reusedBootstrapLayer":"top","length":17.00396156311035}
{"name":"source_trace_22","package":"U_RAM","end":{"x":-8.2,"y":-36.8},"expanded":619660,"newVias":3,"reusedBootstrapLayer":"bottom","length":14.521951675415039}
{"package":"U_RAM","trial":44,"order":["source_trace_9","source_trace_23","source_trace_7","source_trace_6","source_trace_37","source_trace_46","source_trace_21","source_trace_48","source_trace_36","source_trace_45","source_trace_33","source_trace_22","source_trace_20","source_trace_5","source_trace_25","source_trace_0","source_trace_34","source_trace_19","source_trace_38","source_trace_39","source_trace_18","source_trace_35","source_trace_47","source_trace_44","source_trace_24","source_trace_8"],"failedName":"source_trace_20"}
{"name":"source_trace_20","package":"U_RAM","end":{"x":-7.239999999999999,"y":-36.8},"expanded":157471,"newVias":0,"reusedBootstrapLayer":"top","length":12.10773754119873}
{"name":"source_trace_9","package":"U_RAM","end":{"x":-3.4000000000000004,"y":-36.8},"expanded":81407,"newVias":1,"reusedBootstrapLayer":"bottom","length":4.7798991203308105}
{"name":"source_trace_23","package":"U_RAM","end":{"x":-9.64,"y":-36.8},"expanded":168041,"newVias":1,"reusedBootstrapLayer":"bottom","length":10.511067390441895}
{"name":"source_trace_7","package":"U_RAM","end":{"x":-1.959999999999999,"y":-36.8},"expanded":67396,"newVias":1,"reusedBootstrapLayer":"bottom","length":7.105584144592285}
{"name":"source_trace_6","package":"U_RAM","end":{"x":-8.68,"y":-36.8},"expanded":150129,"newVias":0,"reusedBootstrapLayer":"top","length":11.875920295715332}
{"name":"source_trace_37","package":"U_RAM","end":{"x":-0.5199999999999996,"y":-36.8},"expanded":44954,"newVias":0,"reusedBootstrapLayer":"top","length":6.360142707824707}
{"name":"source_trace_46","package":"U_RAM","end":{"x":-10.12,"y":-36.8},"expanded":238831,"newVias":1,"reusedBootstrapLayer":"bottom","length":15.221363067626953}
{"name":"source_trace_21","package":"U_RAM","end":{"x":-7.72,"y":-36.8},"expanded":82545,"newVias":1,"reusedBootstrapLayer":"bottom","length":10.0504789352417}
{"name":"source_trace_48","package":"U_RAM","end":{"x":-1,"y":-36.8},"expanded":91978,"newVias":0,"reusedBootstrapLayer":"top","length":10.90205192565918}
{"name":"source_trace_36","package":"U_RAM","end":{"x":0.4400000000000013,"y":-36.8},"expanded":95044,"newVias":1,"reusedBootstrapLayer":"bottom","length":7.627737045288086}
{"name":"source_trace_45","package":"U_RAM","end":{"x":-4.359999999999999,"y":-36.8},"expanded":81119,"newVias":1,"reusedBootstrapLayer":"bottom","length":10.92812442779541}
{"name":"source_trace_33","package":"U_RAM","end":{"x":-5.8,"y":-36.8},"expanded":366195,"newVias":0,"reusedBootstrapLayer":"top","length":17.00396156311035}
{"name":"source_trace_22","package":"U_RAM","end":{"x":-8.2,"y":-36.8},"expanded":815033,"newVias":1,"reusedBootstrapLayer":"bottom","length":20.40993309020996}
{"name":"source_trace_5","package":"U_RAM","end":{"x":-0.03999999999999915,"y":-36.8},"expanded":1437559,"newVias":3,"reusedBootstrapLayer":"bottom","length":47.17894744873047}
{"name":"source_trace_25","package":"U_RAM","end":{"x":1.4000000000000004,"y":-36.8},"expanded":384816,"newVias":4,"reusedBootstrapLayer":"top","length":15.957931518554688}
{"name":"source_trace_0","package":"U_RAM","end":{"x":-1.4799999999999986,"y":-36.8},"expanded":209308,"newVias":1,"reusedBootstrapLayer":"bottom","length":12.628569602966309}
{"name":"source_trace_34","package":"U_RAM","end":{"x":-5.4799999999999995,"y":-36.8},"expanded":1985612,"newVias":3,"reusedBootstrapLayer":"bottom","length":18.61380958557129}
{"name":"source_trace_19","package":"U_RAM","end":{"x":-2.4399999999999995,"y":-36.8},"expanded":585331,"newVias":2,"reusedBootstrapLayer":"top","length":20.10586929321289}
{"package":"U_RAM","trial":45,"order":["source_trace_20","source_trace_9","source_trace_23","source_trace_7","source_trace_6","source_trace_37","source_trace_46","source_trace_21","source_trace_48","source_trace_36","source_trace_45","source_trace_33","source_trace_22","source_trace_5","source_trace_25","source_trace_0","source_trace_34","source_trace_19","source_trace_38","source_trace_39","source_trace_18","source_trace_35","source_trace_47","source_trace_44","source_trace_24","source_trace_8"],"failedName":"source_trace_38"}
{"name":"source_trace_38","package":"U_RAM","end":{"x":-2.92,"y":-36.8},"expanded":15146,"newVias":0,"reusedBootstrapLayer":"top","length":6.65969705581665}
{"name":"source_trace_20","package":"U_RAM","end":{"x":-7.239999999999999,"y":-36.8},"expanded":157471,"newVias":0,"reusedBootstrapLayer":"top","length":12.10773754119873}
{"name":"source_trace_9","package":"U_RAM","end":{"x":-3.4000000000000004,"y":-36.8},"expanded":81406,"newVias":1,"reusedBootstrapLayer":"bottom","length":4.7798991203308105}
{"name":"source_trace_23","package":"U_RAM","end":{"x":-9.64,"y":-36.8},"expanded":168041,"newVias":1,"reusedBootstrapLayer":"bottom","length":10.511067390441895}
{"name":"source_trace_7","package":"U_RAM","end":{"x":-1.959999999999999,"y":-36.8},"expanded":64903,"newVias":1,"reusedBootstrapLayer":"bottom","length":7.105584144592285}
{"name":"source_trace_6","package":"U_RAM","end":{"x":-8.68,"y":-36.8},"expanded":150129,"newVias":0,"reusedBootstrapLayer":"top","length":11.875920295715332}
{"name":"source_trace_37","package":"U_RAM","end":{"x":-0.5199999999999996,"y":-36.8},"expanded":88023,"newVias":1,"reusedBootstrapLayer":"bottom","length":6.043818473815918}
{"name":"source_trace_46","package":"U_RAM","end":{"x":-10.12,"y":-36.8},"expanded":231374,"newVias":1,"reusedBootstrapLayer":"bottom","length":15.479108810424805}
{"name":"source_trace_21","package":"U_RAM","end":{"x":-7.72,"y":-36.8},"expanded":82545,"newVias":1,"reusedBootstrapLayer":"bottom","length":10.0504789352417}
{"name":"source_trace_48","package":"U_RAM","end":{"x":-1,"y":-36.8},"expanded":186987,"newVias":0,"reusedBootstrapLayer":"top","length":12.030092239379883}
{"name":"source_trace_36","package":"U_RAM","end":{"x":0.4400000000000013,"y":-36.8},"expanded":128269,"newVias":1,"reusedBootstrapLayer":"bottom","length":7.627737045288086}
{"name":"source_trace_45","package":"U_RAM","end":{"x":-4.359999999999999,"y":-36.8},"expanded":80619,"newVias":1,"reusedBootstrapLayer":"bottom","length":10.92812442779541}
{"name":"source_trace_33","package":"U_RAM","end":{"x":-5.8,"y":-36.8},"expanded":696156,"newVias":1,"reusedBootstrapLayer":"bottom","length":16.828367233276367}
{"name":"source_trace_22","package":"U_RAM","end":{"x":-8.2,"y":-36.8},"expanded":349524,"newVias":3,"reusedBootstrapLayer":"bottom","length":16.352935791015625}
{"package":"U_RAM","trial":46,"order":["source_trace_38","source_trace_20","source_trace_9","source_trace_23","source_trace_7","source_trace_6","source_trace_37","source_trace_46","source_trace_21","source_trace_48","source_trace_36","source_trace_45","source_trace_33","source_trace_22","source_trace_5","source_trace_25","source_trace_0","source_trace_34","source_trace_19","source_trace_39","source_trace_18","source_trace_35","source_trace_47","source_trace_44","source_trace_24","source_trace_8"],"failedName":"source_trace_5"}
{"name":"source_trace_5","package":"U_RAM","end":{"x":-0.03999999999999915,"y":-36.8},"expanded":106512,"newVias":1,"reusedBootstrapLayer":"bottom","length":8.211858749389648}
{"name":"source_trace_38","package":"U_RAM","end":{"x":-2.92,"y":-36.8},"expanded":10726,"newVias":0,"reusedBootstrapLayer":"top","length":6.65969705581665}
{"name":"source_trace_20","package":"U_RAM","end":{"x":-7.239999999999999,"y":-36.8},"expanded":124805,"newVias":0,"reusedBootstrapLayer":"top","length":12.10773754119873}
{"name":"source_trace_9","package":"U_RAM","end":{"x":-3.4000000000000004,"y":-36.8},"expanded":73164,"newVias":1,"reusedBootstrapLayer":"bottom","length":4.7798991203308105}
{"name":"source_trace_23","package":"U_RAM","end":{"x":-9.64,"y":-36.8},"expanded":307618,"newVias":1,"reusedBootstrapLayer":"bottom","length":15.093523025512695}
{"name":"source_trace_7","package":"U_RAM","end":{"x":-1.959999999999999,"y":-36.8},"expanded":218190,"newVias":1,"reusedBootstrapLayer":"bottom","length":11.356955528259277}
{"name":"source_trace_6","package":"U_RAM","end":{"x":-8.68,"y":-36.8},"expanded":112187,"newVias":0,"reusedBootstrapLayer":"top","length":11.266702651977539}
{"name":"source_trace_37","package":"U_RAM","end":{"x":-0.5199999999999996,"y":-36.8},"expanded":103521,"newVias":1,"reusedBootstrapLayer":"bottom","length":6.275777816772461}
{"name":"source_trace_46","package":"U_RAM","end":{"x":-10.12,"y":-36.8},"expanded":164191,"newVias":1,"reusedBootstrapLayer":"bottom","length":15.965970993041992}
{"name":"source_trace_21","package":"U_RAM","end":{"x":-7.72,"y":-36.8},"expanded":151484,"newVias":1,"reusedBootstrapLayer":"bottom","length":11.888124465942383}
{"name":"source_trace_48","package":"U_RAM","end":{"x":-1,"y":-36.8},"expanded":335455,"newVias":1,"reusedBootstrapLayer":"bottom","length":11.256854057312012}
{"name":"source_trace_36","package":"U_RAM","end":{"x":0.4400000000000013,"y":-36.8},"expanded":64047,"newVias":1,"reusedBootstrapLayer":"bottom","length":6.777544021606445}
{"name":"source_trace_45","package":"U_RAM","end":{"x":-4.359999999999999,"y":-36.8},"expanded":53243,"newVias":1,"reusedBootstrapLayer":"bottom","length":11.16243839263916}
{"name":"source_trace_33","package":"U_RAM","end":{"x":-5.8,"y":-36.8},"expanded":312329,"newVias":1,"reusedBootstrapLayer":"bottom","length":14.433422088623047}
{"name":"source_trace_22","package":"U_RAM","end":{"x":-8.2,"y":-36.8},"expanded":478178,"newVias":3,"reusedBootstrapLayer":"bottom","length":17.99155616760254}
{"name":"source_trace_25","package":"U_RAM","end":{"x":1.4000000000000004,"y":-36.8},"expanded":214057,"newVias":4,"reusedBootstrapLayer":"top","length":13.422538757324219}
{"name":"source_trace_0","package":"U_RAM","end":{"x":-1.4799999999999986,"y":-36.8},"expanded":1172562,"newVias":2,"reusedBootstrapLayer":"top","length":20.982683181762695}
{"package":"U_RAM","trial":47,"order":["source_trace_5","source_trace_38","source_trace_20","source_trace_9","source_trace_23","source_trace_7","source_trace_6","source_trace_37","source_trace_46","source_trace_21","source_trace_48","source_trace_36","source_trace_45","source_trace_33","source_trace_22","source_trace_25","source_trace_0","source_trace_34","source_trace_19","source_trace_39","source_trace_18","source_trace_35","source_trace_47","source_trace_44","source_trace_24","source_trace_8"],"failedName":"source_trace_34"}
