node:internal/modules/run_main:107
    triggerUncaughtException(
    ^

AssertionError [ERR_ASSERTION]: Expected values to be strictly deep-equal:
+ actual - expected
... Skipped lines

  [
    {
      center: {
        x: -6.8,
        y: -6.8
...
      },
+     componentId: 'pcb_component_0',
      connectedTo: [
        'pcb_smtpad_0',
        'connectivity_net3933',
        'pcb_trace_68',
        'pcb_trace_66',
...
      },
+     componentId: 'pcb_component_0',
      connectedTo: [
        'pcb_smtpad_1',
        'connectivity_net34',
        'source_trace_8',
        'source_port_1',
...
      },
+     componentId: 'pcb_component_0',
      connectedTo: [
        'pcb_smtpad_2',
        'connectivity_net82',
        'source_trace_24',
        'source_port_2',
...
      },
+     componentId: 'pcb_component_0',
      connectedTo: [
        'pcb_smtpad_3',
        'connectivity_net112',
        'source_trace_34',
        'source_port_3',
...
      },
+     componentId: 'pcb_component_0',
      connectedTo: [
        'pcb_smtpad_4',
        'connectivity_net142',
        'source_trace_44',
        'source_port_4',
...
      },
+     componentId: 'pcb_component_0',
      connectedTo: [
        'pcb_smtpad_5',
        'connectivity_net67',
        'source_trace_19',
        'source_port_5',
...
      },
+     componentId: 'pcb_component_0',
      connectedTo: [
        'pcb_smtpad_6',
        'connectivity_net10',
        'source_trace_0',
        'source_port_6',
...
      },
+     componentId: 'pcb_component_0',
      connectedTo: [
        'pcb_smtpad_7',
        'connectivity_net121',
        'source_trace_37',
        'source_port_7',
...
      },
+     componentId: 'pcb_component_0',
      connectedTo: [
        'pcb_smtpad_8',
        'connectivity_net13',
        'source_trace_1',
        'source_port_8',
...
      },
+     componentId: 'pcb_component_0',
      connectedTo: [
        'pcb_smtpad_9',
        'connectivity_net16',
        'source_trace_2',
        'source_port_9',
...
      },
+     componentId: 'pcb_component_0',
      connectedTo: [
        'pcb_smtpad_10',
        'connectivity_net94',
        'source_trace_28',
        'source_port_10',
...
      },
+     componentId: 'pcb_component_0',
      connectedTo: [
        'pcb_smtpad_11',
        'connectivity_net133',
        'source_trace_41',
        'source_port_11',
...
      },
+     componentId: 'pcb_component_0',
      connectedTo: [
        'pcb_smtpad_12',
        'connectivity_net19',
        'source_trace_3',
        'source_port_12',
...
      },
+     componentId: 'pcb_component_0',
      connectedTo: [
        'pcb_smtpad_13',
        'connectivity_net55',
        'source_trace_15',
        'source_port_13',
...
      },
+     componentId: 'pcb_component_0',
      connectedTo: [
        'pcb_smtpad_14',
        'connectivity_net1231',
        'source_trace_567',
        'source_port_766',
...
      },
+     componentId: 'pcb_component_0',
      connectedTo: [
        'pcb_smtpad_15',
        'connectivity_net1259',
        'source_trace_579',
        'source_port_774',
...
      },
+     componentId: 'pcb_component_0',
      connectedTo: [
        'pcb_smtpad_16',
        'connectivity_net1287',
        'source_trace_591',
        'source_port_782',
...
      },
+     componentId: 'pcb_component_0',
      connectedTo: [
        'pcb_smtpad_17',
        'connectivity_net3933',
        'pcb_trace_68',
        'pcb_trace_66',
...
      },
+     componentId: 'pcb_component_0',
      connectedTo: [
        'pcb_smtpad_18',
        'connectivity_net857',
        'source_trace_381',
        'source_port_581',
...
      },
+     componentId: 'pcb_component_0',
      connectedTo: [
        'pcb_smtpad_19',
        'connectivity_net70',
        'source_trace_20',
        'source_port_19',
...
      },
+     componentId: 'pcb_component_0',
      connectedTo: [
        'pcb_smtpad_20',
        'connectivity_net145',
        'source_trace_45',
        'source_port_20',
...
      },
+     componentId: 'pcb_component_0',
      connectedTo: [
        'pcb_smtpad_21',
        'connectivity_net109',
        'source_trace_33',
        'source_port_21',
...
      },
+     componentId: 'pcb_component_0',
      connectedTo: [
        'pcb_smtpad_22',
        'connectivity_net37',
        'source_trace_9',
        'source_port_22',
...
      },
+     componentId: 'pcb_component_0',
      connectedTo: [
        'pcb_smtpad_23',
        'connectivity_net124',
        'source_trace_38',
        'source_port_23',
...
      },
+     componentId: 'pcb_component_0',
      connectedTo: [
        'pcb_smtpad_24',
        'connectivity_net40',
        'source_trace_10',
        'source_port_24',
...
      },
+     componentId: 'pcb_component_0',
      connectedTo: [
        'pcb_smtpad_25',
        'connectivity_net25',
        'source_trace_5',
        'source_port_25',
...
      },
+     componentId: 'pcb_component_0',
      connectedTo: [
        'pcb_smtpad_26',
        'connectivity_net49',
        'source_trace_13',
        'source_port_26',
...
      },
+     componentId: 'pcb_component_0',
      connectedTo: [
        'pcb_smtpad_27',
        'connectivity_net43',
        'source_trace_11',
        'source_port_27',
...
      },
+     componentId: 'pcb_component_0',
      connectedTo: [
        'pcb_smtpad_28',
        'connectivity_net91',
        'source_trace_27',
        'source_port_28',
...
      },
+     componentId: 'pcb_component_0',
      connectedTo: [
        'pcb_smtpad_29',
        'connectivity_net100',
        'source_trace_30',
        'source_port_29',
...
      },
+     componentId: 'pcb_component_0',
      connectedTo: [
        'pcb_smtpad_30',
        'connectivity_net136',
        'source_trace_42',
        'source_port_30',
...
      },
+     componentId: 'pcb_component_0',
      connectedTo: [
        'pcb_smtpad_31',
        'connectivity_net58',
        'source_trace_16',
        'source_port_31',
...
      },
+     componentId: 'pcb_component_0',
      connectedTo: [
        'pcb_smtpad_32',
        'connectivity_net1238',
        'source_trace_570',
        'source_port_768',
...
      },
+     componentId: 'pcb_component_0',
      connectedTo: [
        'pcb_smtpad_33',
        'connectivity_net1266',
        'source_trace_582',
        'source_port_776',
...
      },
+     componentId: 'pcb_component_0',
      connectedTo: [
        'pcb_smtpad_34',
        'connectivity_net1294',
        'source_trace_594',
        'source_port_784',
...
      },
+     componentId: 'pcb_component_0',
      connectedTo: [
        'pcb_smtpad_35',
        'connectivity_net1315',
        'source_trace_603',
        'source_port_790',
...
      },
+     componentId: 'pcb_component_0',
      connectedTo: [
        'pcb_smtpad_36',
        'connectivity_net3680',
        'source_port_36',
        'pcb_port_36'
...
      },
+     componentId: 'pcb_component_0',
      connectedTo: [
        'pcb_smtpad_37',
        'connectivity_net73',
        'source_trace_21',
        'source_port_37',
...
      },
+     componentId: 'pcb_component_0',
      connectedTo: [
        'pcb_smtpad_38',
        'connectivity_net31',
        'source_trace_7',
        'source_port_38',
...
      },
+     componentId: 'pcb_component_0',
      connectedTo: [
        'pcb_smtpad_39',
        'connectivity_net3681',
        'source_port_39',
        'pcb_port_39'
...
      },
+     componentId: 'pcb_component_0',
      connectedTo: [
        'pcb_smtpad_40',
        'connectivity_net118',
        'source_trace_36',
        'source_port_40',
...
      },
+     componentId: 'pcb_component_0',
      connectedTo: [
        'pcb_smtpad_41',
        'connectivity_net76',
        'source_trace_22',
        'source_port_41',
...
      },
+     componentId: 'pcb_component_0',
      connectedTo: [
        'pcb_smtpad_42',
        'connectivity_net154',
        'source_trace_48',
        'source_port_42',
...
      },
+     componentId: 'pcb_component_0',
      connectedTo: [
        'pcb_smtpad_43',
        'connectivity_net85',
        'source_trace_25',
        'source_port_43',
...
      },
+     componentId: 'pcb_component_0',
      connectedTo: [
        'pcb_smtpad_44',
        'connectivity_net793',
        'source_trace_349',
        'source_port_549',
...
      },
+     componentId: 'pcb_component_0',
      connectedTo: [
        'pcb_smtpad_45',
        'connectivity_net46',
        'source_trace_12',
        'source_port_45',
...
      },
+     componentId: 'pcb_component_0',
      connectedTo: [
        'pcb_smtpad_46',
        'connectivity_net97',
        'source_trace_29',
        'source_port_46',
...
      },
+     componentId: 'pcb_component_0',
      connectedTo: [
        'pcb_smtpad_47',
        'connectivity_net52',
        'source_trace_14',
        'source_port_47',
...
      },
+     componentId: 'pcb_component_0',
      connectedTo: [
        'pcb_smtpad_48',
        'connectivity_net61',
        'source_trace_17',
        'source_port_48',
...
      },
+     componentId: 'pcb_component_0',
      connectedTo: [
        'pcb_smtpad_49',
        'connectivity_net22',
        'source_trace_4',
        'source_port_49',
...
      },
+     componentId: 'pcb_component_0',
      connectedTo: [
        'pcb_smtpad_50',
        'connectivity_net1245',
        'source_trace_573',
        'source_port_770',
...
      },
+     componentId: 'pcb_component_0',
      connectedTo: [
        'pcb_smtpad_51',
        'connectivity_net1273',
        'source_trace_585',
        'source_port_778',
...
      },
+     componentId: 'pcb_component_0',
      connectedTo: [
        'pcb_smtpad_52',
        'connectivity_net1301',
        'source_trace_597',
        'source_port_786',
...
      },
+     componentId: 'pcb_component_0',
      connectedTo: [
        'pcb_smtpad_53',
        'connectivity_net1322',
        'source_trace_606',
        'source_port_792',
...
      },
+     componentId: 'pcb_component_0',
      connectedTo: [
        'pcb_smtpad_54',
        'connectivity_net3682',
        'source_port_54',
        'pcb_port_54'
...
      },
+     componentId: 'pcb_component_0',
      connectedTo: [
        'pcb_smtpad_55',
        'connectivity_net3933',
        'pcb_trace_68',
        'pcb_trace_66',
...
      },
+     componentId: 'pcb_component_0',
      connectedTo: [
        'pcb_smtpad_56',
        'connectivity_net28',
        'source_trace_6',
        'source_port_56',
...
      },
+     componentId: 'pcb_component_0',
      connectedTo: [
        'pcb_smtpad_57',
        'connectivity_net151',
        'source_trace_47',
        'source_port_57',
...
      },
+     componentId: 'pcb_component_0',
      connectedTo: [
        'pcb_smtpad_58',
        'connectivity_net79',
        'source_trace_23',
        'source_port_58',
...
      },
+     componentId: 'pcb_component_0',
      connectedTo: [
        'pcb_smtpad_59',
        'connectivity_net115',
        'source_trace_35',
        'source_port_59',
...
      },
+     componentId: 'pcb_component_0',
      connectedTo: [
        'pcb_smtpad_60',
        'connectivity_net64',
        'source_trace_18',
        'source_port_60',
...
      },
+     componentId: 'pcb_component_0',
      connectedTo: [
        'pcb_smtpad_61',
        'connectivity_net127',
        'source_trace_39',
        'source_port_61',
...
      },
+     componentId: 'pcb_component_0',
      connectedTo: [
        'pcb_smtpad_62',
        'connectivity_net1189',
        'source_trace_547',
        'source_port_747',
...
      },
+     componentId: 'pcb_component_0',
      connectedTo: [
        'pcb_smtpad_63',
        'connectivity_net88',
        'source_trace_26',
        'source_port_63',
...
      },
+     componentId: 'pcb_component_0',
      connectedTo: [
        'pcb_smtpad_64',
        'connectivity_net130',
        'source_trace_40',
        'source_port_64',
...
      },
+     componentId: 'pcb_component_0',
      connectedTo: [
        'pcb_smtpad_65',
        'connectivity_net103',
        'source_trace_31',
        'source_port_65',
...
      },
+     componentId: 'pcb_component_0',
      connectedTo: [
        'pcb_smtpad_66',
        'connectivity_net139',
        'source_trace_43',
        'source_port_66',
...
      },
+     componentId: 'pcb_component_0',
      connectedTo: [
        'pcb_smtpad_67',
        'connectivity_net106',
        'source_trace_32',
        'source_port_67',
...
      },
+     componentId: 'pcb_component_0',
      connectedTo: [
        'pcb_smtpad_68',
        'connectivity_net1252',
        'source_trace_576',
        'source_port_772',
...
      },
+     componentId: 'pcb_component_0',
      connectedTo: [
        'pcb_smtpad_69',
        'connectivity_net1280',
        'source_trace_588',
        'source_port_780',
...
      },
+     componentId: 'pcb_component_0',
      connectedTo: [
        'pcb_smtpad_70',
        'connectivity_net1308',
        'source_trace_600',
        'source_port_788',
...
      },
+     componentId: 'pcb_component_0',
      connectedTo: [
        'pcb_smtpad_71',
        'connectivity_net1329',
        'source_trace_609',
        'source_port_794',
...
      },
+     componentId: 'pcb_component_0',
      connectedTo: [
        'pcb_smtpad_72',
        'connectivity_net3933',
        'pcb_trace_68',
        'pcb_trace_66',
...
      },
+     componentId: 'pcb_component_0',
      connectedTo: [
        'pcb_smtpad_73',
        'connectivity_net621',
        'source_trace_264',
        'source_port_465',
...
      },
+     componentId: 'pcb_component_0',
      connectedTo: [
        'pcb_smtpad_74',
        'connectivity_net771',
        'source_trace_338',
        'source_port_538',
...
      },
+     componentId: 'pcb_component_0',
      connectedTo: [
        'pcb_smtpad_75',
        'connectivity_net148',
        'source_trace_46',
        'source_port_75',
...
      },
+     componentId: 'pcb_component_0',
      connectedTo: [
        'pcb_smtpad_76',
        'connectivity_net3932',
        'pcb_trace_67',
        'pcb_trace_65',
...
      },
+     componentId: 'pcb_component_0',
      connectedTo: [
        'pcb_smtpad_77',
        'connectivity_net3932',
        'pcb_trace_67',
        'pcb_trace_65',
...
      },
+     componentId: 'pcb_component_0',
      connectedTo: [
        'pcb_smtpad_78',
        'connectivity_net3932',
        'pcb_trace_67',
        'pcb_trace_65',
...
      },
+     componentId: 'pcb_component_0',
      connectedTo: [
        'pcb_smtpad_79',
        'connectivity_net3932',
        'pcb_trace_67',
        'pcb_trace_65',
...
      },
+     componentId: 'pcb_component_0',
      connectedTo: [
        'pcb_smtpad_80',
        'connectivity_net3932',
        'pcb_trace_67',
        'pcb_trace_65',
...
      },
+     componentId: 'pcb_component_0',
      connectedTo: [
        'pcb_smtpad_81',
        'connectivity_net3932',
        'pcb_trace_67',
        'pcb_trace_65',
...
      },
+     componentId: 'pcb_component_0',
      connectedTo: [
        'pcb_smtpad_82',
        'connectivity_net3932',
        'pcb_trace_67',
        'pcb_trace_65',
...
      },
+     componentId: 'pcb_component_0',
      connectedTo: [
        'pcb_smtpad_83',
        'connectivity_net3683',
        'source_port_83',
        'pcb_port_83'
...
      },
+     componentId: 'pcb_component_0',
      connectedTo: [
        'pcb_smtpad_84',
        'connectivity_net1555',
        'source_trace_713',
        'source_port_884',
...
      },
+     componentId: 'pcb_component_0',
      connectedTo: [
        'pcb_smtpad_85',
        'connectivity_net1555',
        'source_trace_713',
        'source_port_884',
...
      },
+     componentId: 'pcb_component_0',
      connectedTo: [
        'pcb_smtpad_86',
        'connectivity_net3684',
        'source_port_86',
        'pcb_port_86'
...
      },
+     componentId: 'pcb_component_0',
      connectedTo: [
        'pcb_smtpad_87',
        'connectivity_net1336',
        'source_trace_612',
        'source_port_796',
...
      },
+     componentId: 'pcb_component_0',
      connectedTo: [
        'pcb_smtpad_88',
        'connectivity_net3685',
        'source_port_88',
        'pcb_port_88'
...
      },
+     componentId: 'pcb_component_0',
      connectedTo: [
        'pcb_smtpad_89',
        'connectivity_net3686',
        'source_port_89',
        'pcb_port_89'
...
      },
+     componentId: 'pcb_component_0',
      connectedTo: [
        'pcb_smtpad_90',
        'connectivity_net3687',
        'source_port_90',
        'pcb_port_90'
...
      },
+     componentId: 'pcb_component_0',
      connectedTo: [
        'pcb_smtpad_91',
        'connectivity_net3933',
        'pcb_trace_68',
        'pcb_trace_66',
...
      },
+     componentId: 'pcb_component_0',
      connectedTo: [
        'pcb_smtpad_92',
        'connectivity_net561',
        'source_trace_238',
        'source_port_428',
...
      },
+     componentId: 'pcb_component_0',
      connectedTo: [
        'pcb_smtpad_93',
        'connectivity_net1033',
        'source_trace_469',
        'source_port_669',
...
      },
+     componentId: 'pcb_component_0',
      connectedTo: [
        'pcb_smtpad_94',
        'connectivity_net1473',
        'source_trace_676',
        'source_port_854',
...
      },
+     componentId: 'pcb_component_0',
      connectedTo: [
        'pcb_smtpad_95',
        'connectivity_net833',
        'source_trace_369',
        'source_port_569',
...
      },
+     componentId: 'pcb_component_0',
      connectedTo: [
        'pcb_smtpad_96',
        'connectivity_net833',
        'source_trace_369',
        'source_port_569',
...
      },
+     componentId: 'pcb_component_0',
      connectedTo: [
        'pcb_smtpad_97',
        'connectivity_net3933',
        'pcb_trace_68',
        'pcb_trace_66',
...
      },
+     componentId: 'pcb_component_0',
      connectedTo: [
        'pcb_smtpad_98',
        'connectivity_net3933',
        'pcb_trace_68',
        'pcb_trace_66',
...
      },
+     componentId: 'pcb_component_0',
      connectedTo: [
        'pcb_smtpad_99',
        'connectivity_net833',
        'source_trace_369',
        'source_port_569',
...
      },
+     componentId: 'pcb_component_0',
      connectedTo: [
        'pcb_smtpad_100',
        'connectivity_net833',
        'source_trace_369',
        'source_port_569',
...
      },
+     componentId: 'pcb_component_0',
      connectedTo: [
        'pcb_smtpad_101',
        'connectivity_net3933',
        'pcb_trace_68',
        'pcb_trace_66',
...
      },
+     componentId: 'pcb_component_0',
      connectedTo: [
        'pcb_smtpad_102',
        'connectivity_net1473',
        'source_trace_676',
        'source_port_854',
...
      },
+     componentId: 'pcb_component_0',
      connectedTo: [
        'pcb_smtpad_103',
        'connectivity_net1555',
        'source_trace_713',
        'source_port_884',
...
      },
+     componentId: 'pcb_component_0',
      connectedTo: [
        'pcb_smtpad_104',
        'connectivity_net3688',
        'source_port_104',
        'pcb_port_104'
...
      },
+     componentId: 'pcb_component_0',
      connectedTo: [
        'pcb_smtpad_105',
        'connectivity_net3689',
        'source_port_105',
        'pcb_port_105'
...
      },
+     componentId: 'pcb_component_0',
      connectedTo: [
        'pcb_smtpad_106',
        'connectivity_net3690',
        'source_port_106',
        'pcb_port_106'
...
      },
+     componentId: 'pcb_component_0',
      connectedTo: [
        'pcb_smtpad_107',
        'connectivity_net3691',
        'source_port_107',
        'pcb_port_107'
...
      },
+     componentId: 'pcb_component_0',
      connectedTo: [
        'pcb_smtpad_108',
        'connectivity_net3933',
        'pcb_trace_68',
        'pcb_trace_66',
...
      },
+     componentId: 'pcb_component_0',
      connectedTo: [
        'pcb_smtpad_109',
        'connectivity_net3933',
        'pcb_trace_68',
        'pcb_trace_66',
...
      },
+     componentId: 'pcb_component_0',
      connectedTo: [
        'pcb_smtpad_110',
        'connectivity_net3933',
        'pcb_trace_68',
        'pcb_trace_66',
...
      },
+     componentId: 'pcb_component_0',
      connectedTo: [
        'pcb_smtpad_111',
        'connectivity_net1473',
        'source_trace_676',
        'source_port_854',
...
      },
+     componentId: 'pcb_component_0',
      connectedTo: [
        'pcb_smtpad_112',
        'connectivity_net1017',
        'source_trace_461',
        'source_port_661',
...
      },
+     componentId: 'pcb_component_0',
      connectedTo: [
        'pcb_smtpad_113',
        'connectivity_net833',
        'source_trace_369',
        'source_port_569',
...
      },
+     componentId: 'pcb_component_0',
      connectedTo: [
        'pcb_smtpad_114',
        'connectivity_net833',
        'source_trace_369',
        'source_port_569',
...
      },
+     componentId: 'pcb_component_0',
      connectedTo: [
        'pcb_smtpad_115',
        'connectivity_net3933',
        'pcb_trace_68',
        'pcb_trace_66',
...
      },
+     componentId: 'pcb_component_0',
      connectedTo: [
        'pcb_smtpad_116',
        'connectivity_net3933',
        'pcb_trace_68',
        'pcb_trace_66',
...
      },
+     componentId: 'pcb_component_0',
      connectedTo: [
        'pcb_smtpad_117',
        'connectivity_net3933',
        'pcb_trace_68',
        'pcb_trace_66',
...
      },
+     componentId: 'pcb_component_0',
      connectedTo: [
        'pcb_smtpad_118',
        'connectivity_net833',
        'source_trace_369',
        'source_port_569',
...
      },
+     componentId: 'pcb_component_0',
      connectedTo: [
        'pcb_smtpad_119',
        'connectivity_net3933',
        'pcb_trace_68',
        'pcb_trace_66',
...
      },
+     componentId: 'pcb_component_0',
      connectedTo: [
        'pcb_smtpad_120',
        'connectivity_net3933',
        'pcb_trace_68',
        'pcb_trace_66',
...
      },
+     componentId: 'pcb_component_0',
      connectedTo: [
        'pcb_smtpad_121',
        'connectivity_net1017',
        'source_trace_461',
        'source_port_661',
...
      },
+     componentId: 'pcb_component_0',
      connectedTo: [
        'pcb_smtpad_122',
        'connectivity_net3692',
        'source_port_122',
        'pcb_port_122'
...
      },
+     componentId: 'pcb_component_0',
      connectedTo: [
        'pcb_smtpad_123',
        'connectivity_net3693',
        'source_port_123',
        'pcb_port_123'
...
      },
+     componentId: 'pcb_component_0',
      connectedTo: [
        'pcb_smtpad_124',
        'connectivity_net3694',
        'source_port_124',
        'pcb_port_124'
...
      },
+     componentId: 'pcb_component_0',
      connectedTo: [
        'pcb_smtpad_125',
        'connectivity_net3695',
        'source_port_125',
        'pcb_port_125'
...
      },
+     componentId: 'pcb_component_0',
      connectedTo: [
        'pcb_smtpad_126',
        'connectivity_net3933',
        'pcb_trace_68',
        'pcb_trace_66',
...
      },
+     componentId: 'pcb_component_0',
      connectedTo: [
        'pcb_smtpad_127',
        'connectivity_net3933',
        'pcb_trace_68',
        'pcb_trace_66',
...
      },
+     componentId: 'pcb_component_0',
      connectedTo: [
        'pcb_smtpad_128',
        'connectivity_net3933',
        'pcb_trace_68',
        'pcb_trace_66',
...
      },
+     componentId: 'pcb_component_0',
      connectedTo: [
        'pcb_smtpad_129',
        'connectivity_net3933',
        'pcb_trace_68',
        'pcb_trace_66',
...
      },
+     componentId: 'pcb_component_0',
      connectedTo: [
        'pcb_smtpad_130',
        'connectivity_net3933',
        'pcb_trace_68',
        'pcb_trace_66',
...
      },
+     componentId: 'pcb_component_0',
      connectedTo: [
        'pcb_smtpad_131',
        'connectivity_net3933',
        'pcb_trace_68',
        'pcb_trace_66',
...
      },
+     componentId: 'pcb_component_0',
      connectedTo: [
        'pcb_smtpad_132',
        'connectivity_net3933',
        'pcb_trace_68',
        'pcb_trace_66',
...
      },
+     componentId: 'pcb_component_0',
      connectedTo: [
        'pcb_smtpad_133',
        'connectivity_net3933',
        'pcb_trace_68',
        'pcb_trace_66',
...
      },
+     componentId: 'pcb_component_0',
      connectedTo: [
        'pcb_smtpad_134',
        'connectivity_net3933',
        'pcb_trace_68',
        'pcb_trace_66',
...
      },
+     componentId: 'pcb_component_0',
      connectedTo: [
        'pcb_smtpad_135',
        'connectivity_net833',
        'source_trace_369',
        'source_port_569',
...
      },
+     componentId: 'pcb_component_0',
      connectedTo: [
        'pcb_smtpad_136',
        'connectivity_net833',
        'source_trace_369',
        'source_port_569',
...
      },
+     componentId: 'pcb_component_0',
      connectedTo: [
        'pcb_smtpad_137',
        'connectivity_net3933',
        'pcb_trace_68',
        'pcb_trace_66',
...
      },
+     componentId: 'pcb_component_0',
      connectedTo: [
        'pcb_smtpad_138',
        'connectivity_net833',
        'source_trace_369',
        'source_port_569',
...
      },
+     componentId: 'pcb_component_0',
      connectedTo: [
        'pcb_smtpad_139',
        'connectivity_net1017',
        'source_trace_461',
        'source_port_661',
...
      },
+     componentId: 'pcb_component_0',
      connectedTo: [
        'pcb_smtpad_140',
        'connectivity_net3696',
        'source_port_140',
        'pcb_port_140'
...
      },
+     componentId: 'pcb_component_0',
      connectedTo: [
        'pcb_smtpad_141',
        'connectivity_net3697',
        'source_port_141',
        'pcb_port_141'
...
      },
+     componentId: 'pcb_component_0',
      connectedTo: [
        'pcb_smtpad_142',
        'connectivity_net3698',
        'source_port_142',
        'pcb_port_142'
...
      },
+     componentId: 'pcb_component_0',
      connectedTo: [
        'pcb_smtpad_143',
        'connectivity_net3699',
        'source_port_143',
        'pcb_port_143'
...
      },
+     componentId: 'pcb_component_0',
      connectedTo: [
        'pcb_smtpad_144',
        'connectivity_net3933',
        'pcb_trace_68',
        'pcb_trace_66',
...
      },
+     componentId: 'pcb_component_0',
      connectedTo: [
        'pcb_smtpad_145',
        'connectivity_net3933',
        'pcb_trace_68',
        'pcb_trace_66',
...
      },
+     componentId: 'pcb_component_0',
      connectedTo: [
        'pcb_smtpad_146',
        'connectivity_net3933',
        'pcb_trace_68',
        'pcb_trace_66',
...
      },
+     componentId: 'pcb_component_0',
      connectedTo: [
        'pcb_smtpad_147',
        'connectivity_net1021',
        'source_trace_463',
        'source_port_663',
...
      },
+     componentId: 'pcb_component_0',
      connectedTo: [
        'pcb_smtpad_148',
        'connectivity_net1017',
        'source_trace_461',
        'source_port_661',
...
      },
+     componentId: 'pcb_component_0',
      connectedTo: [
        'pcb_smtpad_149',
        'connectivity_net1473',
        'source_trace_676',
        'source_port_854',
...
      },
+     componentId: 'pcb_component_0',
      connectedTo: [
        'pcb_smtpad_150',
        'connectivity_net3933',
        'pcb_trace_68',
        'pcb_trace_66',
...
      },
+     componentId: 'pcb_component_0',
      connectedTo: [
        'pcb_smtpad_151',
        'connectivity_net3933',
        'pcb_trace_68',
        'pcb_trace_66',
...
      },
+     componentId: 'pcb_component_0',
      connectedTo: [
        'pcb_smtpad_152',
        'connectivity_net3933',
        'pcb_trace_68',
        'pcb_trace_66',
...
      },
+     componentId: 'pcb_component_0',
      connectedTo: [
        'pcb_smtpad_153',
        'connectivity_net3933',
        'pcb_trace_68',
        'pcb_trace_66',
...
      },
+     componentId: 'pcb_component_0',
      connectedTo: [
        'pcb_smtpad_154',
        'connectivity_net833',
        'source_trace_369',
        'source_port_569',
...
      },
+     componentId: 'pcb_component_0',
      connectedTo: [
        'pcb_smtpad_155',
        'connectivity_net3933',
        'pcb_trace_68',
        'pcb_trace_66',
...
      },
+     componentId: 'pcb_component_0',
      connectedTo: [
        'pcb_smtpad_156',
        'connectivity_net833',
        'source_trace_369',
        'source_port_569',
...
      },
+     componentId: 'pcb_component_0',
      connectedTo: [
        'pcb_smtpad_157',
        'connectivity_net1473',
        'source_trace_676',
        'source_port_854',
...
      },
+     componentId: 'pcb_component_0',
      connectedTo: [
        'pcb_smtpad_158',
        'connectivity_net3700',
        'source_port_158',
        'pcb_port_158'
...
      },
+     componentId: 'pcb_component_0',
      connectedTo: [
        'pcb_smtpad_159',
        'connectivity_net3701',
        'source_port_159',
        'pcb_port_159'
...
      },
+     componentId: 'pcb_component_0',
      connectedTo: [
        'pcb_smtpad_160',
        'connectivity_net3702',
        'source_port_160',
        'pcb_port_160'
...
      },
+     componentId: 'pcb_component_0',
      connectedTo: [
        'pcb_smtpad_161',
        'connectivity_net3703',
        'source_port_161',
        'pcb_port_161'
...
      },
+     componentId: 'pcb_component_0',
      connectedTo: [
        'pcb_smtpad_162',
        'connectivity_net1424',
        'source_trace_651',
        'source_port_825',
...
      },
+     componentId: 'pcb_component_0',
      connectedTo: [
        'pcb_smtpad_163',
        'connectivity_net1404',
        'source_trace_641',
        'source_port_815',
...
      },
+     componentId: 'pcb_component_0',
      connectedTo: [
        'pcb_smtpad_164',
        'connectivity_net1029',
        'source_trace_467',
        'source_port_667',
...
      },
+     componentId: 'pcb_component_0',
      connectedTo: [
        'pcb_smtpad_165',
        'connectivity_net1017',
        'source_trace_461',
        'source_port_661',
...
      },
+     componentId: 'pcb_component_0',
      connectedTo: [
        'pcb_smtpad_166',
        'connectivity_net1555',
        'source_trace_713',
        'source_port_884',
...
      },
+     componentId: 'pcb_component_0',
      connectedTo: [
        'pcb_smtpad_167',
        'connectivity_net857',
        'source_trace_381',
        'source_port_581',
...
      },
+     componentId: 'pcb_component_0',
      connectedTo: [
        'pcb_smtpad_168',
        'connectivity_net833',
        'source_trace_369',
        'source_port_569',
...
      },
+     componentId: 'pcb_component_0',
      connectedTo: [
        'pcb_smtpad_169',
        'connectivity_net3933',
        'pcb_trace_68',
        'pcb_trace_66',
...
      },
+     componentId: 'pcb_component_0',
      connectedTo: [
        'pcb_smtpad_170',
        'connectivity_net3933',
        'pcb_trace_68',
        'pcb_trace_66',
...
      },
+     componentId: 'pcb_component_0',
      connectedTo: [
        'pcb_smtpad_171',
        'connectivity_net3933',
        'pcb_trace_68',
        'pcb_trace_66',
...
      },
+     componentId: 'pcb_component_0',
      connectedTo: [
        'pcb_smtpad_172',
        'connectivity_net3933',
        'pcb_trace_68',
        'pcb_trace_66',
...
      },
+     componentId: 'pcb_component_0',
      connectedTo: [
        'pcb_smtpad_173',
        'connectivity_net3933',
        'pcb_trace_68',
        'pcb_trace_66',
...
      },
+     componentId: 'pcb_component_0',
      connectedTo: [
        'pcb_smtpad_174',
        'connectivity_net3933',
        'pcb_trace_68',
        'pcb_trace_66',
...
      },
+     componentId: 'pcb_component_0',
      connectedTo: [
        'pcb_smtpad_175',
        'connectivity_net1017',
        'source_trace_461',
        'source_port_661',
...
      },
+     componentId: 'pcb_component_0',
      connectedTo: [
        'pcb_smtpad_176',
        'connectivity_net1017',
        'source_trace_461',
        'source_port_661',
...
      },
+     componentId: 'pcb_component_0',
      connectedTo: [
        'pcb_smtpad_177',
        'connectivity_net3704',
        'source_port_177',
        'pcb_port_177'
...
      },
+     componentId: 'pcb_component_0',
      connectedTo: [
        'pcb_smtpad_178',
        'connectivity_net3705',
        'source_port_178',
        'pcb_port_178'
...
      },
+     componentId: 'pcb_component_0',
      connectedTo: [
        'pcb_smtpad_179',
        'connectivity_net1218',
        'source_trace_561',
        'source_port_761',
...
      },
+     componentId: 'pcb_component_0',
      connectedTo: [
        'pcb_smtpad_180',
        'connectivity_net1400',
        'source_trace_639',
        'source_port_813',
...
      },
+     componentId: 'pcb_component_0',
      connectedTo: [
        'pcb_smtpad_181',
        'connectivity_net1398',
        'source_trace_638',
        'source_port_812',
...
      },
+     componentId: 'pcb_component_0',
      connectedTo: [
        'pcb_smtpad_182',
        'connectivity_net1396',
        'source_trace_637',
        'source_port_811',
...
      },
+     componentId: 'pcb_component_0',
      connectedTo: [
        'pcb_smtpad_183',
        'connectivity_net1025',
        'source_trace_465',
        'source_port_665',
...
      },
+     componentId: 'pcb_component_0',
      connectedTo: [
        'pcb_smtpad_184',
        'connectivity_net1555',
        'source_trace_713',
        'source_port_884',
...
      },
+     componentId: 'pcb_component_0',
      connectedTo: [
        'pcb_smtpad_185',
        'connectivity_net857',
        'source_trace_381',
        'source_port_581',
...
      },
+     componentId: 'pcb_component_0',
      connectedTo: [
        'pcb_smtpad_186',
        'connectivity_net3933',
        'pcb_trace_68',
        'pcb_trace_66',
...
      },
+     componentId: 'pcb_component_0',
      connectedTo: [
        'pcb_smtpad_187',
        'connectivity_net833',
        'source_trace_369',
        'source_port_569',
...
      },
+     componentId: 'pcb_component_0',
      connectedTo: [
        'pcb_smtpad_188',
        'connectivity_net3933',
        'pcb_trace_68',
        'pcb_trace_66',
...
      },
+     componentId: 'pcb_component_0',
      connectedTo: [
        'pcb_smtpad_189',
        'connectivity_net3933',
        'pcb_trace_68',
        'pcb_trace_66',
...
      },
+     componentId: 'pcb_component_0',
      connectedTo: [
        'pcb_smtpad_190',
        'connectivity_net3933',
        'pcb_trace_68',
        'pcb_trace_66',
...
      },
+     componentId: 'pcb_component_0',
      connectedTo: [
        'pcb_smtpad_191',
        'connectivity_net833',
        'source_trace_369',
        'source_port_569',
...
      },
+     componentId: 'pcb_component_0',
      connectedTo: [
        'pcb_smtpad_192',
        'connectivity_net3933',
        'pcb_trace_68',
        'pcb_trace_66',
...
      },
+     componentId: 'pcb_component_0',
      connectedTo: [
        'pcb_smtpad_193',
        'connectivity_net1017',
        'source_trace_461',
        'source_port_661',
...
      },
+     componentId: 'pcb_component_0',
      connectedTo: [
        'pcb_smtpad_194',
        'connectivity_net1017',
        'source_trace_461',
        'source_port_661',
...
      },
+     componentId: 'pcb_component_0',
      connectedTo: [
        'pcb_smtpad_195',
        'connectivity_net3706',
        'source_port_195',
        'pcb_port_195'
...
      },
+     componentId: 'pcb_component_0',
      connectedTo: [
        'pcb_smtpad_196',
        'connectivity_net1216',
        'source_trace_560',
        'source_port_760',
...
      },
+     componentId: 'pcb_component_0',
      connectedTo: [
        'pcb_smtpad_197',
        'connectivity_net3933',
        'pcb_trace_68',
        'pcb_trace_66',
...
      },
+     componentId: 'pcb_component_0',
      connectedTo: [
        'pcb_smtpad_198',
        'connectivity_net1402',
        'source_trace_640',
        'source_port_814',
...
      },
+     componentId: 'pcb_component_0',
      connectedTo: [
        'pcb_smtpad_199',
        'connectivity_net3707',
        'source_port_199',
        'pcb_port_199'
...
      },
+     componentId: 'pcb_component_0',
      connectedTo: [
        'pcb_smtpad_200',
        'connectivity_net3708',
        'source_port_200',
        'pcb_port_200'
...
      },
+     componentId: 'pcb_component_0',
      connectedTo: [
        'pcb_smtpad_201',
        'connectivity_net3709',
        'source_port_201',
        'pcb_port_201'
...
      },
+     componentId: 'pcb_component_0',
      connectedTo: [
        'pcb_smtpad_202',
        'connectivity_net1555',
        'source_trace_713',
        'source_port_884',
...
      },
+     componentId: 'pcb_component_0',
      connectedTo: [
        'pcb_smtpad_203',
        'connectivity_net857',
        'source_trace_381',
        'source_port_581',
...
      },
+     componentId: 'pcb_component_0',
      connectedTo: [
        'pcb_smtpad_204',
        'connectivity_net3933',
        'pcb_trace_68',
        'pcb_trace_66',
...
      },
+     componentId: 'pcb_component_0',
      connectedTo: [
        'pcb_smtpad_205',
        'connectivity_net3933',
        'pcb_trace_68',
        'pcb_trace_66',
...
      },
+     componentId: 'pcb_component_0',
      connectedTo: [
        'pcb_smtpad_206',
        'connectivity_net833',
        'source_trace_369',
        'source_port_569',
...
      },
+     componentId: 'pcb_component_0',
      connectedTo: [
        'pcb_smtpad_207',
        'connectivity_net833',
        'source_trace_369',
        'source_port_569',
...
      },
+     componentId: 'pcb_component_0',
      connectedTo: [
        'pcb_smtpad_208',
        'connectivity_net3933',
        'pcb_trace_68',
        'pcb_trace_66',
...
      },
+     componentId: 'pcb_component_0',
      connectedTo: [
        'pcb_smtpad_209',
        'connectivity_net3933',
        'pcb_trace_68',
        'pcb_trace_66',
...
      },
+     componentId: 'pcb_component_0',
      connectedTo: [
        'pcb_smtpad_210',
        'connectivity_net833',
        'source_trace_369',
        'source_port_569',
...
      },
+     componentId: 'pcb_component_0',
      connectedTo: [
        'pcb_smtpad_211',
        'connectivity_net1017',
        'source_trace_461',
        'source_port_661',
...
      },
+     componentId: 'pcb_component_0',
      connectedTo: [
        'pcb_smtpad_212',
        'connectivity_net3710',
        'source_port_212',
        'pcb_port_212'
...
      },
+     componentId: 'pcb_component_0',
      connectedTo: [
        'pcb_smtpad_213',
        'connectivity_net3711',
        'source_port_213',
        'pcb_port_213'
...
      },
+     componentId: 'pcb_component_0',
      connectedTo: [
        'pcb_smtpad_214',
        'connectivity_net3712',
        'source_port_214',
        'pcb_port_214'
...
      },
+     componentId: 'pcb_component_0',
      connectedTo: [
        'pcb_smtpad_215',
        'connectivity_net3713',
        'source_port_215',
        'pcb_port_215'
...
      },
+     componentId: 'pcb_component_0',
      connectedTo: [
        'pcb_smtpad_216',
        'connectivity_net3714',
        'source_port_216',
        'pcb_port_216'
...
      },
+     componentId: 'pcb_component_0',
      connectedTo: [
        'pcb_smtpad_217',
        'connectivity_net3715',
        'source_port_217',
        'pcb_port_217'
...
      },
+     componentId: 'pcb_component_0',
      connectedTo: [
        'pcb_smtpad_218',
        'connectivity_net3716',
        'source_port_218',
        'pcb_port_218'
...
      },
+     componentId: 'pcb_component_0',
      connectedTo: [
        'pcb_smtpad_219',
        'connectivity_net3717',
        'source_port_219',
        'pcb_port_219'
...
      },
+     componentId: 'pcb_component_0',
      connectedTo: [
        'pcb_smtpad_220',
        'connectivity_net1555',
        'source_trace_713',
        'source_port_884',
...
      },
+     componentId: 'pcb_component_0',
      connectedTo: [
        'pcb_smtpad_221',
        'connectivity_net857',
        'source_trace_381',
        'source_port_581',
...
      },
+     componentId: 'pcb_component_0',
      connectedTo: [
        'pcb_smtpad_222',
        'connectivity_net857',
        'source_trace_381',
        'source_port_581',
...
      },
+     componentId: 'pcb_component_0',
      connectedTo: [
        'pcb_smtpad_223',
        'connectivity_net857',
        'source_trace_381',
        'source_port_581',
...
      },
+     componentId: 'pcb_component_0',
      connectedTo: [
        'pcb_smtpad_224',
        'connectivity_net857',
        'source_trace_381',
        'source_port_581',
...
      },
+     componentId: 'pcb_component_0',
      connectedTo: [
        'pcb_smtpad_225',
        'connectivity_net1473',
        'source_trace_676',
        'source_port_854',
...
      },
+     componentId: 'pcb_component_0',
      connectedTo: [
        'pcb_smtpad_226',
        'connectivity_net3933',
        'pcb_trace_68',
        'pcb_trace_66',
...
      },
+     componentId: 'pcb_component_0',
      connectedTo: [
        'pcb_smtpad_227',
        'connectivity_net833',
        'source_trace_369',
        'source_port_569',
...
      },
+     componentId: 'pcb_component_0',
      connectedTo: [
        'pcb_smtpad_228',
        'connectivity_net833',
        'source_trace_369',
        'source_port_569',
...
      },
+     componentId: 'pcb_component_0',
      connectedTo: [
        'pcb_smtpad_229',
        'connectivity_net1017',
        'source_trace_461',
        'source_port_661',
...
      },
+     componentId: 'pcb_component_0',
      connectedTo: [
        'pcb_smtpad_230',
        'connectivity_net3718',
        'source_port_230',
        'pcb_port_230'
...
      },
+     componentId: 'pcb_component_0',
      connectedTo: [
        'pcb_smtpad_231',
        'connectivity_net3719',
        'source_port_231',
        'pcb_port_231'
...
      },
+     componentId: 'pcb_component_0',
      connectedTo: [
        'pcb_smtpad_232',
        'connectivity_net3720',
        'source_port_232',
        'pcb_port_232'
...
      },
+     componentId: 'pcb_component_0',
      connectedTo: [
        'pcb_smtpad_233',
        'connectivity_net3721',
        'source_port_233',
        'pcb_port_233'
...
      },
+     componentId: 'pcb_component_0',
      connectedTo: [
        'pcb_smtpad_234',
        'connectivity_net3722',
        'source_port_234',
        'pcb_port_234'
...
      },
+     componentId: 'pcb_component_0',
      connectedTo: [
        'pcb_smtpad_235',
        'connectivity_net1408',
        'source_trace_643',
        'source_port_817',
...
      },
+     componentId: 'pcb_component_0',
      connectedTo: [
        'pcb_smtpad_236',
        'connectivity_net1406',
        'source_trace_642',
        'source_port_816',
...
      },
+     componentId: 'pcb_component_0',
      connectedTo: [
        'pcb_smtpad_237',
        'connectivity_net3723',
        'source_port_237',
        'pcb_port_237'
...
      },
+     componentId: 'pcb_component_0',
      connectedTo: [
        'pcb_smtpad_238',
        'connectivity_net1473',
        'source_trace_676',
        'source_port_854',
...
      },
+     componentId: 'pcb_component_0',
      connectedTo: [
        'pcb_smtpad_239',
        'connectivity_net1555',
        'source_trace_713',
        'source_port_884',
...
      },
+     componentId: 'pcb_component_0',
      connectedTo: [
        'pcb_smtpad_240',
        'connectivity_net1555',
        'source_trace_713',
        'source_port_884',
...
      },
+     componentId: 'pcb_component_0',
      connectedTo: [
        'pcb_smtpad_241',
        'connectivity_net1563',
        'source_trace_717',
        'source_port_888',
...
      },
+     componentId: 'pcb_component_0',
      connectedTo: [
        'pcb_smtpad_242',
        'connectivity_net1563',
        'source_trace_717',
        'source_port_888',
...
      },
+     componentId: 'pcb_component_0',
      connectedTo: [
        'pcb_smtpad_243',
        'connectivity_net1555',
        'source_trace_713',
        'source_port_884',
...
      },
+     componentId: 'pcb_component_0',
      connectedTo: [
        'pcb_smtpad_244',
        'connectivity_net1555',
        'source_trace_713',
        'source_port_884',
...
      },
+     componentId: 'pcb_component_0',
      connectedTo: [
        'pcb_smtpad_245',
        'connectivity_net3933',
        'pcb_trace_68',
        'pcb_trace_66',
...
      },
+     componentId: 'pcb_component_0',
      connectedTo: [
        'pcb_smtpad_246',
        'connectivity_net3933',
        'pcb_trace_68',
        'pcb_trace_66',
...
      },
+     componentId: 'pcb_component_0',
      connectedTo: [
        'pcb_smtpad_247',
        'connectivity_net1473',
        'source_trace_676',
        'source_port_854',
...
      },
+     componentId: 'pcb_component_0',
      connectedTo: [
        'pcb_smtpad_248',
        'connectivity_net3724',
        'source_port_248',
        'pcb_port_248'
...
      },
+     componentId: 'pcb_component_0',
      connectedTo: [
        'pcb_smtpad_249',
        'connectivity_net3725',
        'source_port_249',
        'pcb_port_249'
...
      },
+     componentId: 'pcb_component_0',
      connectedTo: [
        'pcb_smtpad_250',
        'connectivity_net3726',
        'source_port_250',
        'pcb_port_250'
...
      },
+     componentId: 'pcb_component_0',
      connectedTo: [
        'pcb_smtpad_251',
        'connectivity_net3727',
        'source_port_251',
        'pcb_port_251'
...
      },
+     componentId: 'pcb_component_0',
      connectedTo: [
        'pcb_smtpad_252',
        'connectivity_net3728',
        'source_port_252',
        'pcb_port_252'
...
      },
+     componentId: 'pcb_component_0',
      connectedTo: [
        'pcb_smtpad_253',
        'connectivity_net1471',
        'source_trace_675',
        'source_port_853',
...
      },
+     componentId: 'pcb_component_0',
      connectedTo: [
        'pcb_smtpad_254',
        'connectivity_net3729',
        'source_port_254',
        'pcb_port_254'
...
      },
+     componentId: 'pcb_component_0',
      connectedTo: [
        'pcb_smtpad_255',
        'connectivity_net3730',
        'source_port_255',
        'pcb_port_255'
...
      },
+     componentId: 'pcb_component_0',
      connectedTo: [
        'pcb_smtpad_256',
        'connectivity_net1418',
        'source_trace_648',
        'source_port_822',
...
      },
+     componentId: 'pcb_component_0',
      connectedTo: [
        'pcb_smtpad_257',
        'connectivity_net3731',
        'source_port_257',
        'pcb_port_257'
...
      },
+     componentId: 'pcb_component_0',
      connectedTo: [
        'pcb_smtpad_258',
        'connectivity_net1526',
        'source_trace_699',
        'source_port_875',
...
      },
+     componentId: 'pcb_component_0',
      connectedTo: [
        'pcb_smtpad_259',
        'connectivity_net1017',
        'source_trace_461',
        'source_port_661',
...
      },
+     componentId: 'pcb_component_0',
      connectedTo: [
        'pcb_smtpad_260',
        'connectivity_net3732',
        'source_port_260',
        'pcb_port_260'
...
      },
+     componentId: 'pcb_component_0',
      connectedTo: [
        'pcb_smtpad_261',
        'connectivity_net3733',
        'source_port_261',
        'pcb_port_261'
...
      },
+     componentId: 'pcb_component_0',
      connectedTo: [
        'pcb_smtpad_262',
        'connectivity_net3734',
        'source_port_262',
        'pcb_port_262'
...
      },
+     componentId: 'pcb_component_0',
      connectedTo: [
        'pcb_smtpad_263',
        'connectivity_net3735',
        'source_port_263',
        'pcb_port_263'
...
      },
+     componentId: 'pcb_component_0',
      connectedTo: [
        'pcb_smtpad_264',
        'connectivity_net1555',
        'source_trace_713',
        'source_port_884',
...
      },
+     componentId: 'pcb_component_0',
      connectedTo: [
        'pcb_smtpad_265',
        'connectivity_net3736',
        'source_port_265',
        'pcb_port_265'
...
      },
+     componentId: 'pcb_component_0',
      connectedTo: [
        'pcb_smtpad_266',
        'connectivity_net1555',
        'source_trace_713',
        'source_port_884',
...
      },
+     componentId: 'pcb_component_0',
      connectedTo: [
        'pcb_smtpad_267',
        'connectivity_net3737',
        'source_port_267',
        'pcb_port_267'
...
      },
+     componentId: 'pcb_component_0',
      connectedTo: [
        'pcb_smtpad_268',
        'connectivity_net3738',
        'source_port_268',
        'pcb_port_268'
...
      },
+     componentId: 'pcb_component_0',
      connectedTo: [
        'pcb_smtpad_269',
        'connectivity_net3739',
        'source_port_269',
        'pcb_port_269'
...
      },
+     componentId: 'pcb_component_0',
      connectedTo: [
        'pcb_smtpad_270',
        'connectivity_net3740',
        'source_port_270',
        'pcb_port_270'
...
      },
+     componentId: 'pcb_component_0',
      connectedTo: [
        'pcb_smtpad_271',
        'connectivity_net3741',
        'source_port_271',
        'pcb_port_271'
...
      },
+     componentId: 'pcb_component_0',
      connectedTo: [
        'pcb_smtpad_272',
        'connectivity_net783',
        'source_trace_344',
        'source_port_544',
...
      },
+     componentId: 'pcb_component_0',
      connectedTo: [
        'pcb_smtpad_273',
        'connectivity_net3742',
        'source_port_273',
        'pcb_port_273'
...
      },
+     componentId: 'pcb_component_0',
      connectedTo: [
        'pcb_smtpad_274',
        'connectivity_net1420',
        'source_trace_649',
        'source_port_823',
...
      },
+     componentId: 'pcb_component_0',
      connectedTo: [
        'pcb_smtpad_275',
        'connectivity_net3743',
        'source_port_275',
        'pcb_port_275'
...
      },
+     componentId: 'pcb_component_0',
      connectedTo: [
        'pcb_smtpad_276',
        'connectivity_net1520',
        'source_trace_696',
        'source_port_873',
...
      },
+     componentId: 'pcb_component_0',
      connectedTo: [
        'pcb_smtpad_277',
        'connectivity_net3744',
        'source_port_277',
        'pcb_port_277'
...
      },
+     componentId: 'pcb_component_0',
      connectedTo: [
        'pcb_smtpad_278',
        'connectivity_net3745',
        'source_port_278',
        'pcb_port_278'
...
      },
+     componentId: 'pcb_component_0',
      connectedTo: [
        'pcb_smtpad_279',
        'connectivity_net3746',
        'source_port_279',
        'pcb_port_279'
...
      },
+     componentId: 'pcb_component_0',
      connectedTo: [
        'pcb_smtpad_280',
        'connectivity_net3747',
        'source_port_280',
        'pcb_port_280'
...
      },
+     componentId: 'pcb_component_0',
      connectedTo: [
        'pcb_smtpad_281',
        'connectivity_net3748',
        'source_port_281',
        'pcb_port_281'
...
      },
+     componentId: 'pcb_component_0',
      connectedTo: [
        'pcb_smtpad_282',
        'connectivity_net1017',
        'source_trace_461',
        'source_port_661',
...
      },
+     componentId: 'pcb_component_0',
      connectedTo: [
        'pcb_smtpad_283',
        'connectivity_net3749',
        'source_port_283',
        'pcb_port_283'
...
      },
+     componentId: 'pcb_component_0',
      connectedTo: [
        'pcb_smtpad_284',
        'connectivity_net1017',
        'source_trace_461',
        'source_port_661',
...
      },
+     componentId: 'pcb_component_0',
      connectedTo: [
        'pcb_smtpad_285',
        'connectivity_net3750',
        'source_port_285',
        'pcb_port_285'
...
      },
+     componentId: 'pcb_component_0',
      connectedTo: [
        'pcb_smtpad_286',
        'connectivity_net3751',
        'source_port_286',
        'pcb_port_286'
...
      },
+     componentId: 'pcb_component_0',
      connectedTo: [
        'pcb_smtpad_287',
        'connectivity_net3752',
        'source_port_287',
        'pcb_port_287'
...
      },
+     componentId: 'pcb_component_0',
      connectedTo: [
        'pcb_smtpad_288',
        'connectivity_net3753',
        'source_port_288',
        'pcb_port_288'
...
      },
+     componentId: 'pcb_component_0',
      connectedTo: [
        'pcb_smtpad_289',
        'connectivity_net3754',
        'source_port_289',
        'pcb_port_289'
...
      },
+     componentId: 'pcb_component_0',
      connectedTo: [
        'pcb_smtpad_290',
        'connectivity_net779',
        'source_trace_342',
        'source_port_542',
...
      },
+     componentId: 'pcb_component_0',
      connectedTo: [
        'pcb_smtpad_291',
        'connectivity_net3755',
        'source_port_291',
        'pcb_port_291'
...
      },
+     componentId: 'pcb_component_0',
      connectedTo: [
        'pcb_smtpad_292',
        'connectivity_net3756',
        'source_port_292',
        'pcb_port_292'
...
      },
+     componentId: 'pcb_component_0',
      connectedTo: [
        'pcb_smtpad_293',
        'connectivity_net1538',
        'source_trace_705',
        'source_port_879',
...
      },
+     componentId: 'pcb_component_0',
      connectedTo: [
        'pcb_smtpad_294',
        'connectivity_net1549',
        'source_trace_710',
        'source_port_882',
...
      },
+     componentId: 'pcb_component_0',
      connectedTo: [
        'pcb_smtpad_295',
        'connectivity_net3757',
        'source_port_295',
        'pcb_port_295'
...
      },
+     componentId: 'pcb_component_0',
      connectedTo: [
        'pcb_smtpad_296',
        'connectivity_net3758',
        'source_port_296',
        'pcb_port_296'
...
      },
+     componentId: 'pcb_component_0',
      connectedTo: [
        'pcb_smtpad_297',
        'connectivity_net3759',
        'source_port_297',
        'pcb_port_297'
...
      },
+     componentId: 'pcb_component_0',
      connectedTo: [
        'pcb_smtpad_298',
        'connectivity_net3760',
        'source_port_298',
        'pcb_port_298'
...
      },
+     componentId: 'pcb_component_0',
      connectedTo: [
        'pcb_smtpad_299',
        'connectivity_net3761',
        'source_port_299',
        'pcb_port_299'
...
      },
+     componentId: 'pcb_component_0',
      connectedTo: [
        'pcb_smtpad_300',
        'connectivity_net3762',
        'source_port_300',
        'pcb_port_300'
...
      },
+     componentId: 'pcb_component_0',
      connectedTo: [
        'pcb_smtpad_301',
        'connectivity_net3763',
        'source_port_301',
        'pcb_port_301'
...
      },
+     componentId: 'pcb_component_0',
      connectedTo: [
        'pcb_smtpad_302',
        'connectivity_net3764',
        'source_port_302',
        'pcb_port_302'
...
      },
+     componentId: 'pcb_component_0',
      connectedTo: [
        'pcb_smtpad_303',
        'connectivity_net3765',
        'source_port_303',
        'pcb_port_303'
...
      },
+     componentId: 'pcb_component_0',
      connectedTo: [
        'pcb_smtpad_304',
        'connectivity_net3766',
        'source_port_304',
        'pcb_port_304'
...
      },
+     componentId: 'pcb_component_0',
      connectedTo: [
        'pcb_smtpad_305',
        'connectivity_net3767',
        'source_port_305',
        'pcb_port_305'
...
      },
+     componentId: 'pcb_component_0',
      connectedTo: [
        'pcb_smtpad_306',
        'connectivity_net3933',
        'pcb_trace_68',
        'pcb_trace_66',
...
      },
+     componentId: 'pcb_component_0',
      connectedTo: [
        'pcb_smtpad_307',
        'connectivity_net775',
        'source_trace_340',
        'source_port_540',
...
      },
+     componentId: 'pcb_component_0',
      connectedTo: [
        'pcb_smtpad_308',
        'connectivity_net1557',
        'source_trace_714',
        'source_port_885',
...
      },
+     componentId: 'pcb_component_0',
      connectedTo: [
        'pcb_smtpad_309',
        'connectivity_net3768',
        'source_port_309',
        'pcb_port_309'
...
      },
+     componentId: 'pcb_component_0',
      connectedTo: [
        'pcb_smtpad_310',
        'connectivity_net3769',
        'source_port_310',
        'pcb_port_310'
...
      },
+     componentId: 'pcb_component_0',
      connectedTo: [
        'pcb_smtpad_311',
        'connectivity_net1532',
        'source_trace_702',
        'source_port_877',
...
      },
+     componentId: 'pcb_component_0',
      connectedTo: [
        'pcb_smtpad_312',
        'connectivity_net1544',
        'source_trace_708',
        'source_port_881',
...
      },
+     componentId: 'pcb_component_0',
      connectedTo: [
        'pcb_smtpad_313',
        'connectivity_net3770',
        'source_port_313',
        'pcb_port_313'
...
      },
+     componentId: 'pcb_component_0',
      connectedTo: [
        'pcb_smtpad_314',
        'connectivity_net3771',
        'source_port_314',
        'pcb_port_314'
...
      },
+     componentId: 'pcb_component_0',
      connectedTo: [
        'pcb_smtpad_315',
        'connectivity_net3772',
        'source_port_315',
        'pcb_port_315'
...
      },
+     componentId: 'pcb_component_0',
      connectedTo: [
        'pcb_smtpad_316',
        'connectivity_net3773',
        'source_port_316',
        'pcb_port_316'
...
      },
+     componentId: 'pcb_component_0',
      connectedTo: [
        'pcb_smtpad_317',
        'connectivity_net3774',
        'source_port_317',
        'pcb_port_317'
...
      },
+     componentId: 'pcb_component_0',
      connectedTo: [
        'pcb_smtpad_318',
        'connectivity_net3775',
        'source_port_318',
        'pcb_port_318'
...
      },
+     componentId: 'pcb_component_0',
      connectedTo: [
        'pcb_smtpad_319',
        'connectivity_net3776',
        'source_port_319',
        'pcb_port_319'
...
      },
+     componentId: 'pcb_component_0',
      connectedTo: [
        'pcb_smtpad_320',
        'connectivity_net3777',
        'source_port_320',
        'pcb_port_320'
...
      },
+     componentId: 'pcb_component_0',
      connectedTo: [
        'pcb_smtpad_321',
        'connectivity_net3778',
        'source_port_321',
        'pcb_port_321'
...
      },
+     componentId: 'pcb_component_0',
      connectedTo: [
        'pcb_smtpad_322',
        'connectivity_net3779',
        'source_port_322',
        'pcb_port_322'
...
      },
+     componentId: 'pcb_component_0',
      connectedTo: [
        'pcb_smtpad_323',
        'connectivity_net3933',
        'pcb_trace_68',
        'pcb_trace_66',
...
      },
+     componentId: 'pcb_component_1',
      connectedTo: [
        'pcb_smtpad_324',
        'connectivity_net3932',
        'pcb_trace_67',
        'pcb_trace_65',
...
      },
+     componentId: 'pcb_component_1',
      connectedTo: [
        'pcb_smtpad_325',
        'connectivity_net3933',
        'pcb_trace_68',
        'pcb_trace_66',
...
      },
+     componentId: 'pcb_component_1',
      connectedTo: [
        'pcb_smtpad_326',
        'connectivity_net3932',
        'pcb_trace_67',
        'pcb_trace_65',
...
      },
+     componentId: 'pcb_component_1',
      connectedTo: [
        'pcb_smtpad_327',
        'connectivity_net3933',
        'pcb_trace_68',
        'pcb_trace_66',
...
      },
+     componentId: 'pcb_component_1',
      connectedTo: [
        'pcb_smtpad_328',
        'connectivity_net3933',
        'pcb_trace_68',
        'pcb_trace_66',
...
      },
+     componentId: 'pcb_component_1',
      connectedTo: [
        'pcb_smtpad_329',
        'connectivity_net3932',
        'pcb_trace_67',
        'pcb_trace_65',
...
      },
+     componentId: 'pcb_component_1',
      connectedTo: [
        'pcb_smtpad_330',
        'connectivity_net3933',
        'pcb_trace_68',
        'pcb_trace_66',
...
      },
+     componentId: 'pcb_component_1',
      connectedTo: [
        'pcb_smtpad_331',
        'connectivity_net1189',
        'source_trace_547',
        'source_port_747',
...
      },
+     componentId: 'pcb_component_1',
      connectedTo: [
        'pcb_smtpad_332',
        'connectivity_net3780',
        'source_port_332',
        'pcb_port_332'
...
      },
+     componentId: 'pcb_component_1',
      connectedTo: [
        'pcb_smtpad_333',
        'connectivity_net10',
        'source_trace_0',
        'source_port_6',
...
      },
+     componentId: 'pcb_component_1',
      connectedTo: [
        'pcb_smtpad_334',
        'connectivity_net3781',
        'source_port_334',
        'pcb_port_334'
...
      },
+     componentId: 'pcb_component_1',
      connectedTo: [
        'pcb_smtpad_335',
        'connectivity_net3933',
        'pcb_trace_68',
        'pcb_trace_66',
...
      },
+     componentId: 'pcb_component_1',
      connectedTo: [
        'pcb_smtpad_336',
        'connectivity_net3932',
        'pcb_trace_67',
        'pcb_trace_65',
...
      },
+     componentId: 'pcb_component_1',
      connectedTo: [
        'pcb_smtpad_337',
        'connectivity_net3933',
        'pcb_trace_68',
        'pcb_trace_66',
...
      },
+     componentId: 'pcb_component_1',
      connectedTo: [
        'pcb_smtpad_338',
        'connectivity_net3932',
        'pcb_trace_67',
        'pcb_trace_65',
...
      },
+     componentId: 'pcb_component_1',
      connectedTo: [
        'pcb_smtpad_339',
        'connectivity_net3933',
        'pcb_trace_68',
        'pcb_trace_66',
...
      },
+     componentId: 'pcb_component_1',
      connectedTo: [
        'pcb_smtpad_340',
        'connectivity_net46',
        'source_trace_12',
        'source_port_45',
...
      },
+     componentId: 'pcb_component_1',
      connectedTo: [
        'pcb_smtpad_341',
        'connectivity_net3932',
        'pcb_trace_67',
        'pcb_trace_65',
...
      },
+     componentId: 'pcb_component_1',
      connectedTo: [
        'pcb_smtpad_342',
        'connectivity_net97',
        'source_trace_29',
        'source_port_46',
...
      },
+     componentId: 'pcb_component_1',
      connectedTo: [
        'pcb_smtpad_343',
        'connectivity_net3932',
        'pcb_trace_67',
        'pcb_trace_65',
...
      },
+     componentId: 'pcb_component_1',
      connectedTo: [
        'pcb_smtpad_344',
        'connectivity_net3933',
        'pcb_trace_68',
        'pcb_trace_66',
...
      },
+     componentId: 'pcb_component_1',
      connectedTo: [
        'pcb_smtpad_345',
        'connectivity_net52',
        'source_trace_14',
        'source_port_47',
...
      },
+     componentId: 'pcb_component_1',
      connectedTo: [
        'pcb_smtpad_346',
        'connectivity_net139',
        'source_trace_43',
        'source_port_66',
...
      },
+     componentId: 'pcb_component_1',
      connectedTo: [
        'pcb_smtpad_347',
        'connectivity_net3932',
        'pcb_trace_67',
        'pcb_trace_65',
...
      },
+     componentId: 'pcb_component_1',
      connectedTo: [
        'pcb_smtpad_348',
        'connectivity_net3933',
        'pcb_trace_68',
        'pcb_trace_66',
...
      },
+     componentId: 'pcb_component_1',
      connectedTo: [
        'pcb_smtpad_349',
        'connectivity_net3932',
        'pcb_trace_67',
        'pcb_trace_65',
...
      },
+     componentId: 'pcb_component_1',
      connectedTo: [
        'pcb_smtpad_350',
        'connectivity_net25',
        'source_trace_5',
        'source_port_25',
...
      },
+     componentId: 'pcb_component_1',
      connectedTo: [
        'pcb_smtpad_351',
        'connectivity_net28',
        'source_trace_6',
        'source_port_56',
...
      },
+     componentId: 'pcb_component_1',
      connectedTo: [
        'pcb_smtpad_352',
        'connectivity_net31',
        'source_trace_7',
        'source_port_38',
...
      },
+     componentId: 'pcb_component_1',
      connectedTo: [
        'pcb_smtpad_353',
        'connectivity_net34',
        'source_trace_8',
        'source_port_1',
...
      },
+     componentId: 'pcb_component_1',
      connectedTo: [
        'pcb_smtpad_354',
        'connectivity_net37',
        'source_trace_9',
        'source_port_22',
...
      },
+     componentId: 'pcb_component_1',
      connectedTo: [
        'pcb_smtpad_355',
        'connectivity_net40',
        'source_trace_10',
        'source_port_24',
...
      },
+     componentId: 'pcb_component_1',
      connectedTo: [
        'pcb_smtpad_356',
        'connectivity_net130',
        'source_trace_40',
        'source_port_64',
...
      },
+     componentId: 'pcb_component_1',
      connectedTo: [
        'pcb_smtpad_357',
        'connectivity_net3933',
        'pcb_trace_68',
        'pcb_trace_66',
...
      },
+     componentId: 'pcb_component_1',
      connectedTo: [
        'pcb_smtpad_358',
        'connectivity_net43',
        'source_trace_11',
        'source_port_27',
...
      },
+     componentId: 'pcb_component_1',
      connectedTo: [
        'pcb_smtpad_359',
        'connectivity_net49',
        'source_trace_13',
        'source_port_26',
...
      },
+     componentId: 'pcb_component_1',
      connectedTo: [
        'pcb_smtpad_360',
        'connectivity_net19',
        'source_trace_3',
        'source_port_12',
...
      },
+     componentId: 'pcb_component_1',
      connectedTo: [
        'pcb_smtpad_361',
        'connectivity_net55',
        'source_trace_15',
        'source_port_13',
...
      },
+     componentId: 'pcb_component_1',
      connectedTo: [
        'pcb_smtpad_362',
        'connectivity_net58',
        'source_trace_16',
        'source_port_31',
...
      },
+     componentId: 'pcb_component_1',
      connectedTo: [
        'pcb_smtpad_363',
        'connectivity_net136',
        'source_trace_42',
        'source_port_30',
...
      },
+     componentId: 'pcb_component_1',
      connectedTo: [
        'pcb_smtpad_364',
        'connectivity_net64',
        'source_trace_18',
        'source_port_60',
...
      },
+     componentId: 'pcb_component_1',
      connectedTo: [
        'pcb_smtpad_365',
        'connectivity_net67',
        'source_trace_19',
        'source_port_5',
...
      },
+     componentId: 'pcb_component_1',
      connectedTo: [
        'pcb_smtpad_366',
        'connectivity_net70',
        'source_trace_20',
        'source_port_19',
...
      },
+     componentId: 'pcb_component_1',
      connectedTo: [
        'pcb_smtpad_367',
        'connectivity_net73',
        'source_trace_21',
        'source_port_37',
...
      },
+     componentId: 'pcb_component_1',
      connectedTo: [
        'pcb_smtpad_368',
        'connectivity_net76',
        'source_trace_22',
        'source_port_41',
...
      },
+     componentId: 'pcb_component_1',
      connectedTo: [
        'pcb_smtpad_369',
        'connectivity_net79',
        'source_trace_23',
        'source_port_58',
...
      },
+     componentId: 'pcb_component_1',
      connectedTo: [
        'pcb_smtpad_370',
        'connectivity_net82',
        'source_trace_24',
        'source_port_2',
...
      },
+     componentId: 'pcb_component_1',
      connectedTo: [
        'pcb_smtpad_371',
        'connectivity_net85',
        'source_trace_25',
        'source_port_43',
...
      },
+     componentId: 'pcb_component_1',
      connectedTo: [
        'pcb_smtpad_372',
        'connectivity_net16',
        'source_trace_2',
        'source_port_9',
...
      },
+     componentId: 'pcb_component_1',
      connectedTo: [
        'pcb_smtpad_373',
        'connectivity_net91',
        'source_trace_27',
        'source_port_28',
...
      },
+     componentId: 'pcb_component_1',
      connectedTo: [
        'pcb_smtpad_374',
        'connectivity_net94',
        'source_trace_28',
        'source_port_10',
...
      },
+     componentId: 'pcb_component_1',
      connectedTo: [
        'pcb_smtpad_375',
        'connectivity_net88',
        'source_trace_26',
        'source_port_63',
...
      },
+     componentId: 'pcb_component_1',
      connectedTo: [
        'pcb_smtpad_376',
        'connectivity_net100',
        'source_trace_30',
        'source_port_29',
...
      },
+     componentId: 'pcb_component_1',
      connectedTo: [
        'pcb_smtpad_377',
        'connectivity_net61',
        'source_trace_17',
        'source_port_48',
...
      },
+     componentId: 'pcb_component_1',
      connectedTo: [
        'pcb_smtpad_378',
        'connectivity_net3932',
        'pcb_trace_67',
        'pcb_trace_65',
...
      },
+     componentId: 'pcb_component_1',
      connectedTo: [
        'pcb_smtpad_379',
        'connectivity_net106',
        'source_trace_32',
        'source_port_67',
...
      },
+     componentId: 'pcb_component_1',
      connectedTo: [
        'pcb_smtpad_380',
        'connectivity_net109',
        'source_trace_33',
        'source_port_21',
...
      },
+     componentId: 'pcb_component_1',
      connectedTo: [
        'pcb_smtpad_381',
        'connectivity_net112',
        'source_trace_34',
        'source_port_3',
...
      },
+     componentId: 'pcb_component_1',
      connectedTo: [
        'pcb_smtpad_382',
        'connectivity_net115',
        'source_trace_35',
        'source_port_59',
...
      },
+     componentId: 'pcb_component_1',
      connectedTo: [
        'pcb_smtpad_383',
        'connectivity_net3782',
        'source_port_383',
        'pcb_port_383'
...
      },
+     componentId: 'pcb_component_1',
      connectedTo: [
        'pcb_smtpad_384',
        'connectivity_net118',
        'source_trace_36',
        'source_port_40',
...
      },
+     componentId: 'pcb_component_1',
      connectedTo: [
        'pcb_smtpad_385',
        'connectivity_net121',
        'source_trace_37',
        'source_port_7',
...
      },
+     componentId: 'pcb_component_1',
      connectedTo: [
        'pcb_smtpad_386',
        'connectivity_net124',
        'source_trace_38',
        'source_port_23',
...
      },
+     componentId: 'pcb_component_1',
      connectedTo: [
        'pcb_smtpad_387',
        'connectivity_net127',
        'source_trace_39',
        'source_port_61',
...
      },
+     componentId: 'pcb_component_1',
      connectedTo: [
        'pcb_smtpad_388',
        'connectivity_net3932',
        'pcb_trace_67',
        'pcb_trace_65',
...
      },
+     componentId: 'pcb_component_1',
      connectedTo: [
        'pcb_smtpad_389',
        'connectivity_net133',
        'source_trace_41',
        'source_port_11',
...
      },
+     componentId: 'pcb_component_1',
      connectedTo: [
        'pcb_smtpad_390',
        'connectivity_net13',
        'source_trace_1',
        'source_port_8',
...
      },
+     componentId: 'pcb_component_1',
      connectedTo: [
        'pcb_smtpad_391',
        'connectivity_net3933',
        'pcb_trace_68',
        'pcb_trace_66',
...
      },
+     componentId: 'pcb_component_1',
      connectedTo: [
        'pcb_smtpad_392',
        'connectivity_net3933',
        'pcb_trace_68',
        'pcb_trace_66',
...
      },
+     componentId: 'pcb_component_1',
      connectedTo: [
        'pcb_smtpad_393',
        'connectivity_net22',
        'source_trace_4',
        'source_port_49',
...
      },
+     componentId: 'pcb_component_1',
      connectedTo: [
        'pcb_smtpad_394',
        'connectivity_net3933',
        'pcb_trace_68',
        'pcb_trace_66',
...
      },
+     componentId: 'pcb_component_1',
      connectedTo: [
        'pcb_smtpad_395',
        'connectivity_net103',
        'source_trace_31',
        'source_port_65',
...
      },
+     componentId: 'pcb_component_1',
      connectedTo: [
        'pcb_smtpad_396',
        'connectivity_net3933',
        'pcb_trace_68',
        'pcb_trace_66',
...
      },
+     componentId: 'pcb_component_1',
      connectedTo: [
        'pcb_smtpad_397',
        'connectivity_net3932',
        'pcb_trace_67',
        'pcb_trace_65',
...
      },
+     componentId: 'pcb_component_1',
      connectedTo: [
        'pcb_smtpad_398',
        'connectivity_net797',
        'source_trace_351',
        'source_port_551',
...
      },
+     componentId: 'pcb_component_1',
      connectedTo: [
        'pcb_smtpad_399',
        'connectivity_net1189',
        'source_trace_547',
        'source_port_747',
...
      },
+     componentId: 'pcb_component_1',
      connectedTo: [
        'pcb_smtpad_400',
        'connectivity_net142',
        'source_trace_44',
        'source_port_4',
...
      },
+     componentId: 'pcb_component_1',
      connectedTo: [
        'pcb_smtpad_401',
        'connectivity_net145',
        'source_trace_45',
        'source_port_20',
...
      },
+     componentId: 'pcb_component_1',
      connectedTo: [
        'pcb_smtpad_402',
        'connectivity_net148',
        'source_trace_46',
        'source_port_75',
...
      },
+     componentId: 'pcb_component_1',
      connectedTo: [
        'pcb_smtpad_403',
        'connectivity_net151',
        'source_trace_47',
        'source_port_57',
...
      },
+     componentId: 'pcb_component_1',
      connectedTo: [
        'pcb_smtpad_404',
        'connectivity_net3933',
        'pcb_trace_68',
        'pcb_trace_66',
...
      },
+     componentId: 'pcb_component_1',
      connectedTo: [
        'pcb_smtpad_405',
        'connectivity_net3933',
        'pcb_trace_68',
        'pcb_trace_66',
...
      },
+     componentId: 'pcb_component_1',
      connectedTo: [
        'pcb_smtpad_406',
        'connectivity_net3932',
        'pcb_trace_67',
        'pcb_trace_65',
...
      },
+     componentId: 'pcb_component_1',
      connectedTo: [
        'pcb_smtpad_407',
        'connectivity_net3932',
        'pcb_trace_67',
        'pcb_trace_65',
...
      },
+     componentId: 'pcb_component_1',
      connectedTo: [
        'pcb_smtpad_408',
        'connectivity_net3932',
        'pcb_trace_67',
        'pcb_trace_65',
...
      },
+     componentId: 'pcb_component_1',
      connectedTo: [
        'pcb_smtpad_409',
        'connectivity_net3933',
        'pcb_trace_68',
        'pcb_trace_66',
...
      },
+     componentId: 'pcb_component_1',
      connectedTo: [
        'pcb_smtpad_410',
        'connectivity_net3933',
        'pcb_trace_68',
        'pcb_trace_66',
...
      },
+     componentId: 'pcb_component_1',
      connectedTo: [
        'pcb_smtpad_411',
        'connectivity_net3932',
        'pcb_trace_67',
        'pcb_trace_65',
...
      },
+     componentId: 'pcb_component_1',
      connectedTo: [
        'pcb_smtpad_412',
        'connectivity_net3783',
        'source_port_412',
        'pcb_port_412'
...
      },
+     componentId: 'pcb_component_1',
      connectedTo: [
        'pcb_smtpad_413',
        'connectivity_net154',
        'source_trace_48',
        'source_port_42',
...
      },
+     componentId: 'pcb_component_1',
      connectedTo: [
        'pcb_smtpad_414',
        'connectivity_net3784',
        'source_port_414',
        'pcb_port_414'
...
      },
+     componentId: 'pcb_component_1',
      connectedTo: [
        'pcb_smtpad_415',
        'connectivity_net3933',
        'pcb_trace_68',
        'pcb_trace_66',
...
      },
+     componentId: 'pcb_component_1',
      connectedTo: [
        'pcb_smtpad_416',
        'connectivity_net3932',
        'pcb_trace_67',
        'pcb_trace_65',
...
      },
+     componentId: 'pcb_component_1',
      connectedTo: [
        'pcb_smtpad_417',
        'connectivity_net3933',
        'pcb_trace_68',
        'pcb_trace_66',
...
      },
+     componentId: 'pcb_component_1',
      connectedTo: [
        'pcb_smtpad_418',
        'connectivity_net3932',
        'pcb_trace_67',
        'pcb_trace_65',
...
      },
+     componentId: 'pcb_component_1',
      connectedTo: [
        'pcb_smtpad_419',
        'connectivity_net3933',
        'pcb_trace_68',
        'pcb_trace_66',

    at file:///Users/abdolsalamallawlabi/Documents/Codex/2026-10-01-make-the-g350-gameboy-linux-using/scripts/select-am3352-native-clock-bootstrap.mjs:13:9
    at ModuleJob.run (node:internal/modules/esm/module_job:430:25)
    at async onImport.tracePromise.__proto__ (node:internal/modules/esm/loader:655:26)
    at async asyncRunEntryPointWithESMLoader (node:internal/modules/run_main:101:5) {
  generatedMessage: true,
  code: 'ERR_ASSERTION',
  actual: [
    {
      circuitJsonMetadata: {
        pcb_smtpad_id: 'pcb_smtpad_0',
        pcb_port_id: 'pcb_port_0',
        source_component_name: 'U_SOC',
        source_port_name: 'A1'
      },
      componentId: 'pcb_component_0',
      type: 'rect',
      shape: 'circle',
      layers: [ 'top' ],
      center: { x: -6.8, y: -6.8 },
      width: 0.4,
      height: 0.4,
      connectedTo: [
        'pcb_smtpad_0',     'connectivity_net3933', 'pcb_trace_68',
        'pcb_trace_66',     'pcb_trace_64',         'pcb_trace_62',
        'pcb_trace_60',     'pcb_trace_58',         'pcb_trace_56',
        'pcb_trace_54',     'pcb_trace_52',         'pcb_trace_50',
        'pcb_trace_48',     'pcb_trace_46',         'pcb_trace_44',
        'pcb_trace_42',     'pcb_trace_40',         'pcb_trace_38',
        'pcb_trace_36',     'pcb_trace_34',         'pcb_trace_33',
        'pcb_trace_29',     'pcb_trace_28',         'pcb_trace_26',
        'pcb_trace_25',     'pcb_trace_24',         'pcb_trace_23',
        'pcb_trace_20',     'pcb_trace_18',         'pcb_trace_16',
        'pcb_trace_13',     'pcb_trace_11',         'pcb_trace_9',
        'pcb_trace_8',      'pcb_trace_6',          'pcb_trace_5',
        'pcb_trace_3',      'pcb_trace_1',          'source_port_1023',
        'source_port_1019', 'source_port_1014',     'source_port_1010',
        'source_port_1006', 'source_port_1002',     'source_port_998',
        'source_port_994',  'source_port_990',      'source_port_986',
        'source_port_982',  'source_port_978',      'source_port_974',
        'source_port_970',  'source_port_967',      'source_port_963',
        'source_port_959',  'source_port_955',      'source_port_953',
        'source_port_945',  'source_port_943',      'source_port_939',
        'source_port_937',  'source_port_935',      'source_port_933',
        'source_port_927',  'source_port_923',      'source_port_919',
        'source_port_913',  'source_port_909',      'source_port_905',
        'source_port_903',  'source_port_899',      'source_port_897',
        'source_port_893',  'source_port_751',      'pcb_via_68',
        'pcb_port_1022',    'pcb_port_1023',        'pcb_via_66',
        'pcb_port_1018',    'pcb_port_1019',        'pcb_via_64',
        'pcb_port_1014',    'pcb_port_1015',        'pcb_via_62',
        'pcb_port_1010',    'pcb_port_1011',        'pcb_via_60',
        'pcb_port_1006',    'pcb_port_1007',        'pcb_via_58',
        'pcb_port_1002',    'pcb_port_1003',        'pcb_via_56',
        'pcb_port_998',     'pcb_port_999',         'pcb_via_54',
        'pcb_port_994',     'pcb_port_995',         'pcb_via_52',
        'pcb_port_990',
        ... 1132 more items
      ],
      offBoardConnectsTo: [ 'source_component_internal_connection_1' ],
      netIsAssignable: true
    },
    {
      circuitJsonMetadata: {
        pcb_smtpad_id: 'pcb_smtpad_1',
        pcb_port_id: 'pcb_port_1',
        source_component_name: 'U_SOC',
        source_port_name: 'B1'
      },
      componentId: 'pcb_component_0',
      type: 'rect',
      shape: 'circle',
      layers: [ 'top' ],
      center: { x: -6, y: -6.8 },
      width: 0.4,
      height: 0.4,
      connectedTo: [
        'pcb_smtpad_1',
        'connectivity_net34',
        'source_trace_8',
        'source_port_1',
        'source_port_353',
        'pcb_port_1',
        'pcb_smtpad_353',
        'pcb_port_353'
      ]
    },
    {
      circuitJsonMetadata: {
        pcb_smtpad_id: 'pcb_smtpad_2',
        pcb_port_id: 'pcb_port_2',
        source_component_name: 'U_SOC',
        source_port_name: 'C1'
      },
      componentId: 'pcb_component_0',
      type: 'rect',
      shape: 'circle',
      layers: [ 'top' ],
      center: { x: -5.2, y: -6.8 },
      width: 0.4,
      height: 0.4,
      connectedTo: [
        'pcb_smtpad_2',
        'connectivity_net82',
        'source_trace_24',
        'source_port_2',
        'source_port_370',
        'pcb_port_2',
        'pcb_smtpad_370',
        'pcb_port_370'
      ]
    },
    {
      circuitJsonMetadata: {
        pcb_smtpad_id: 'pcb_smtpad_3',
        pcb_port_id: 'pcb_port_3',
        source_component_name: 'U_SOC',
        source_port_name: 'D1'
      },
      componentId: 'pcb_component_0',
      type: 'rect',
      shape: 'circle',
      layers: [ 'top' ],
      center: { x: -4.4, y: -6.8 },
      width: 0.4,
      height: 0.4,
      connectedTo: [
        'pcb_smtpad_3',
        'connectivity_net112',
        'source_trace_34',
        'source_port_3',
        'source_port_381',
        'pcb_port_3',
        'pcb_smtpad_381',
        'pcb_port_381'
      ]
    },
    {
      circuitJsonMetadata: {
        pcb_smtpad_id: 'pcb_smtpad_4',
        pcb_port_id: 'pcb_port_4',
        source_component_name: 'U_SOC',
        source_port_name: 'E1'
      },
      componentId: 'pcb_component_0',
      type: 'rect',
      shape: 'circle',
      layers: [ 'top' ],
      center: { x: -3.6, y: -6.8 },
      width: 0.4,
      height: 0.4,
      connectedTo: [
        'pcb_smtpad_4',
        'connectivity_net142',
        'source_trace_44',
        'source_port_4',
        'source_port_400',
        'pcb_port_4',
        'pcb_smtpad_400',
        'pcb_port_400'
      ]
    },
    {
      circuitJsonMetadata: {
        pcb_smtpad_id: 'pcb_smtpad_5',
        pcb_port_id: 'pcb_port_5',
        source_component_name: 'U_SOC',
        source_port_name: 'F1'
      },
      componentId: 'pcb_component_0',
      type: 'rect',
      shape: 'circle',
      layers: [ 'top' ],
      center: { x: -2.8, y: -6.8 },
      width: 0.4,
      height: 0.4,
      connectedTo: [
        'pcb_smtpad_5',
        'connectivity_net67',
        'source_trace_19',
        'source_port_5',
        'source_port_365',
        'pcb_port_5',
        'pcb_smtpad_365',
        'pcb_port_365'
      ]
    },
    {
      circuitJsonMetadata: {
        pcb_smtpad_id: 'pcb_smtpad_6',
        pcb_port_id: 'pcb_port_6',
        source_component_name: 'U_SOC',
        source_port_name: 'G1'
      },
      componentId: 'pcb_component_0',
      type: 'rect',
      shape: 'circle',
      layers: [ 'top' ],
      center: { x: -2, y: -6.8 },
      width: 0.4,
      height: 0.4,
      connectedTo: [
        'pcb_smtpad_6',
        'connectivity_net10',
        'source_trace_0',
        'source_port_6',
        'source_port_333',
        'pcb_port_6',
        'pcb_smtpad_333',
        'pcb_port_333'
      ]
    },
    {
      circuitJsonMetadata: {
        pcb_smtpad_id: 'pcb_smtpad_7',
        pcb_port_id: 'pcb_port_7',
        source_component_name: 'U_SOC',
        source_port_name: 'H1'
      },
      componentId: 'pcb_component_0',
      type: 'rect',
      shape: 'circle',
      layers: [ 'top' ],
      center: { x: -1.2, y: -6.8 },
      width: 0.4,
      height: 0.4,
      connectedTo: [
        'pcb_smtpad_7',
        'connectivity_net121',
        'source_trace_37',
        'source_port_7',
        'source_port_385',
        'pcb_port_7',
        'pcb_smtpad_385',
        'pcb_port_385'
      ]
    },
    {
      circuitJsonMetadata: {
        pcb_smtpad_id: 'pcb_smtpad_8',
        pcb_port_id: 'pcb_port_8',
        source_component_name: 'U_SOC',
        source_port_name: 'J1'
      },
      componentId: 'pcb_component_0',
      type: 'rect',
      shape: 'circle',
      layers: [ 'top' ],
      center: { x: -0.4, y: -6.8 },
      width: 0.4,
      height: 0.4,
      connectedTo: [
        'pcb_smtpad_8',
        'connectivity_net13',
        'source_trace_1',
        'source_port_8',
        'source_port_390',
        'pcb_port_8',
        'pcb_smtpad_390',
        'pcb_port_390'
      ]
    },
    {
      circuitJsonMetadata: {
        pcb_smtpad_id: 'pcb_smtpad_9',
        pcb_port_id: 'pcb_port_9',
        source_component_name: 'U_SOC',
        source_port_name: 'K1'
      },
      componentId: 'pcb_component_0',
      type: 'rect',
      shape: 'circle',
      layers: [ 'top' ],
      center: { x: 0.4, y: -6.8 },
      width: 0.4,
      height: 0.4,
      connectedTo: [
        'pcb_smtpad_9',
        'connectivity_net16',
        'source_trace_2',
        'source_port_9',
        'source_port_372',
        'pcb_port_9',
        'pcb_smtpad_372',
        'pcb_port_372'
      ]
    },
    {
      circuitJsonMetadata: {
        pcb_smtpad_id: 'pcb_smtpad_10',
        pcb_port_id: 'pcb_port_10',
        source_component_name: 'U_SOC',
        source_port_name: 'L1'
      },
      componentId: 'pcb_component_0',
      type: 'rect',
      shape: 'circle',
      layers: [ 'top' ],
      center: { x: 1.2, y: -6.8 },
      width: 0.4,
      height: 0.4,
      connectedTo: [
        'pcb_smtpad_10',
        'connectivity_net94',
        'source_trace_28',
        'source_port_10',
        'source_port_374',
        'pcb_port_10',
        'pcb_smtpad_374',
        'pcb_port_374'
      ]
    },
    {
      circuitJsonMetadata: {
        pcb_smtpad_id: 'pcb_smtpad_11',
        pcb_port_id: 'pcb_port_11',
        source_component_name: 'U_SOC',
        source_port_name: 'M1'
      },
      componentId: 'pcb_component_0',
      type: 'rect',
      shape: 'circle',
      layers: [ 'top' ],
      center: { x: 2, y: -6.8 },
      width: 0.4,
      height: 0.4,
      connectedTo: [
        'pcb_smtpad_11',
        'connectivity_net133',
        'source_trace_41',
        'source_port_11',
        'source_port_389',
        'pcb_port_11',
        'pcb_smtpad_389',
        'pcb_port_389'
      ]
    },
    {
      circuitJsonMetadata: {
        pcb_smtpad_id: 'pcb_smtpad_12',
        pcb_port_id: 'pcb_port_12',
        source_component_name: 'U_SOC',
        source_port_name: 'N1'
      },
      componentId: 'pcb_component_0',
      type: 'rect',
      shape: 'circle',
      layers: [ 'top' ],
      center: { x: 2.8, y: -6.8 },
      width: 0.4,
      height: 0.4,
      connectedTo: [
        'pcb_smtpad_12',
        'connectivity_net19',
        'source_trace_3',
        'source_port_12',
        'source_port_360',
        'pcb_port_12',
        'pcb_smtpad_360',
        'pcb_port_360'
      ]
    },
    {
      circuitJsonMetadata: {
        pcb_smtpad_id: 'pcb_smtpad_13',
        pcb_port_id: 'pcb_port_13',
        source_component_name: 'U_SOC',
        source_port_name: 'P1'
      },
      componentId: 'pcb_component_0',
      type: 'rect',
      shape: 'circle',
      layers: [ 'top' ],
      center: { x: 3.6, y: -6.8 },
      width: 0.4,
      height: 0.4,
      connectedTo: [
        'pcb_smtpad_13',
        'connectivity_net55',
        'source_trace_15',
        'source_port_13',
        'source_port_361',
        'pcb_port_13',
        'pcb_smtpad_361',
        'pcb_port_361'
      ]
    },
    {
      circuitJsonMetadata: {
        pcb_smtpad_id: 'pcb_smtpad_14',
        pcb_port_id: 'pcb_port_14',
        source_component_name: 'U_SOC',
        source_port_name: 'R1'
      },
      componentId: 'pcb_component_0',
      type: 'rect',
      shape: 'circle',
      layers: [ 'top' ],
      center: { x: 4.4, y: -6.8 },
      width: 0.4,
      height: 0.4,
      connectedTo: [
        'pcb_smtpad_14',
        'connectivity_net1231',
        'source_trace_567',
        'source_port_766',
        'source_trace_565',
        'source_port_14',
        'source_net_41',
        'pcb_port_14',
        'pcb_smtpad_757',
        'pcb_port_766'
      ]
    },
    {
      circuitJsonMetadata: {
        pcb_smtpad_id: 'pcb_smtpad_15',
        pcb_port_id: 'pcb_port_15',
        source_component_name: 'U_SOC',
        source_port_name: 'T1'
      },
      componentId: 'pcb_component_0',
      type: 'rect',
      shape: 'circle',
      layers: [ 'top' ],
      center: { x: 5.2, y: -6.8 },
      width: 0.4,
      height: 0.4,
      connectedTo: [
        'pcb_smtpad_15',
        'connectivity_net1259',
        'source_trace_579',
        'source_port_774',
        'source_trace_577',
        'source_port_15',
        'source_net_45',
        'pcb_port_15',
        'pcb_smtpad_765',
        'pcb_port_774'
      ]
    },
    {
      circuitJsonMetadata: {
        pcb_smtpad_id: 'pcb_smtpad_16',
        pcb_port_id: 'pcb_port_16',
        source_component_name: 'U_SOC',
        source_port_name: 'U1'
      },
      componentId: 'pcb_component_0',
      type: 'rect',
      shape: 'circle',
      layers: [ 'top' ],
      center: { x: 6, y: -6.8 },
      width: 0.4,
      height: 0.4,
      connectedTo: [
        'pcb_smtpad_16',
        'connectivity_net1287',
        'source_trace_591',
        'source_port_782',
        'source_trace_589',
        'source_port_16',
        'source_net_49',
        'pcb_port_16',
        'pcb_smtpad_773',
        'pcb_port_782'
      ]
    },
    {
      circuitJsonMetadata: {
        pcb_smtpad_id: 'pcb_smtpad_17',
        pcb_port_id: 'pcb_port_17',
        source_component_name: 'U_SOC',
        source_port_name: 'V1'
      },
      componentId: 'pcb_component_0',
      type: 'rect',
      shape: 'circle',
      layers: [ 'top' ],
      center: { x: 6.8, y: -6.8 },
      width: 0.4,
      height: 0.4,
      connectedTo: [
        'pcb_smtpad_17',    'connectivity_net3933', 'pcb_trace_68',
        'pcb_trace_66',     'pcb_trace_64',         'pcb_trace_62',
        'pcb_trace_60',     'pcb_trace_58',         'pcb_trace_56',
        'pcb_trace_54',     'pcb_trace_52',         'pcb_trace_50',
        'pcb_trace_48',     'pcb_trace_46',         'pcb_trace_44',
        'pcb_trace_42',     'pcb_trace_40',         'pcb_trace_38',
        'pcb_trace_36',     'pcb_trace_34',         'pcb_trace_33',
        'pcb_trace_29',     'pcb_trace_28',         'pcb_trace_26',
        'pcb_trace_25',     'pcb_trace_24',         'pcb_trace_23',
        'pcb_trace_20',     'pcb_trace_18',         'pcb_trace_16',
        'pcb_trace_13',     'pcb_trace_11',         'pcb_trace_9',
        'pcb_trace_8',      'pcb_trace_6',          'pcb_trace_5',
        'pcb_trace_3',      'pcb_trace_1',          'source_port_1023',
        'source_port_1019', 'source_port_1014',     'source_port_1010',
        'source_port_1006', 'source_port_1002',     'source_port_998',
        'source_port_994',  'source_port_990',      'source_port_986',
        'source_port_982',  'source_port_978',      'source_port_974',
        'source_port_970',  'source_port_967',      'source_port_963',
        'source_port_959',  'source_port_955',      'source_port_953',
        'source_port_945',  'source_port_943',      'source_port_939',
        'source_port_937',  'source_port_935',      'source_port_933',
        'source_port_927',  'source_port_923',      'source_port_919',
        'source_port_913',  'source_port_909',      'source_port_905',
        'source_port_903',  'source_port_899',      'source_port_897',
        'source_port_893',  'source_port_751',      'pcb_via_68',
        'pcb_port_1022',    'pcb_port_1023',        'pcb_via_66',
        'pcb_port_1018',    'pcb_port_1019',        'pcb_via_64',
        'pcb_port_1014',    'pcb_port_1015',        'pcb_via_62',
        'pcb_port_1010',    'pcb_port_1011',        'pcb_via_60',
        'pcb_port_1006',    'pcb_port_1007',        'pcb_via_58',
        'pcb_port_1002',    'pcb_port_1003',        'pcb_via_56',
        'pcb_port_998',     'pcb_port_999',         'pcb_via_54',
        'pcb_port_994',     'pcb_port_995',         'pcb_via_52',
        'pcb_port_990',
        ... 1132 more items
      ],
      offBoardConnectsTo: [ 'source_component_internal_connection_1' ],
      netIsAssignable: true
    },
    {
      circuitJsonMetadata: {
        pcb_smtpad_id: 'pcb_smtpad_18',
        pcb_port_id: 'pcb_port_18',
        source_component_name: 'U_SOC',
        source_port_name: 'A2'
      },
      componentId: 'pcb_component_0',
      type: 'rect',
      shape: 'circle',
      layers: [ 'top' ],
      center: { x: -6.8, y: -6 },
      width: 0.4,
      height: 0.4,
      connectedTo: [
        'pcb_smtpad_18',    'connectivity_net857', 'source_trace_381',
        'source_port_581',  'source_trace_379',    'source_port_579',
        'source_trace_377', 'source_port_577',     'source_trace_375',
        'source_port_575',  'source_trace_373',    'source_port_573',
        'source_trace_371', 'source_port_571',     'source_trace_301',
        'source_port_501',  'source_trace_286',    'source_port_486',
        'source_trace_248', 'source_port_443',     'source_trace_162',
        'source_port_224',  'source_trace_161',    'source_port_223',
        'source_trace_160', 'source_port_222',     'source_trace_159',
        'source_port_221',  'source_trace_149',    'source_port_203',
        'source_trace_137', 'source_port_185',     'source_trace_125',
        'source_port_167',  'source_trace_51',     'source_port_18',
        'source_net_6',     'pcb_port_18',         'pcb_smtpad_167',
        'pcb_port_167',     'pcb_smtpad_185',      'pcb_port_185',
        'pcb_smtpad_203',   'pcb_port_203',        'pcb_smtpad_221',
        'pcb_port_221',     'pcb_smtpad_222',      'pcb_port_222',
        'pcb_smtpad_223',   'pcb_port_223',        'pcb_smtpad_224',
        'pcb_port_224',     'pcb_smtpad_455',      'pcb_port_443',
        'pcb_smtpad_482',   'pcb_port_486',        'pcb_smtpad_498',
        'pcb_port_501',     'pcb_smtpad_568',      'pcb_port_571',
        'pcb_smtpad_570',   'pcb_port_573',        'pcb_smtpad_572',
        'pcb_port_575',     'pcb_smtpad_574',      'pcb_port_577',
        'pcb_smtpad_576',   'pcb_port_579',        'pcb_smtpad_578',
        'pcb_port_581'
      ]
    },
    {
      circuitJsonMetadata: {
        pcb_smtpad_id: 'pcb_smtpad_19',
        pcb_port_id: 'pcb_port_19',
        source_component_name: 'U_SOC',
        source_port_name: 'B2'
      },
      componentId: 'pcb_component_0',
      type: 'rect',
      shape: 'circle',
      layers: [ 'top' ],
      center: { x: -6, y: -6 },
      width: 0.4,
      height: 0.4,
      connectedTo: [
        'pcb_smtpad_19',
        'connectivity_net70',
        'source_trace_20',
        'source_port_19',
        'source_port_366',
        'pcb_port_19',
        'pcb_smtpad_366',
        'pcb_port_366'
      ]
    },
    {
      circuitJsonMetadata: {
        pcb_smtpad_id: 'pcb_smtpad_20',
        pcb_port_id: 'pcb_port_20',
        source_component_name: 'U_SOC',
        source_port_name: 'C2'
      },
      componentId: 'pcb_component_0',
      type: 'rect',
      shape: 'circle',
      layers: [ 'top' ],
      center: { x: -5.2, y: -6 },
      width: 0.4,
      height: 0.4,
      connectedTo: [
        'pcb_smtpad_20',
        'connectivity_net145',
        'source_trace_45',
        'source_port_20',
        'source_port_401',
        'pcb_port_20',
        'pcb_smtpad_401',
        'pcb_port_401'
      ]
    },
    {
      circuitJsonMetadata: {
        pcb_smtpad_id: 'pcb_smtpad_21',
        pcb_port_id: 'pcb_port_21',
        source_component_name: 'U_SOC',
        source_port_name: 'D2'
      },
      componentId: 'pcb_component_0',
      type: 'rect',
      shape: 'circle',
      layers: [ 'top' ],
      center: { x: -4.4, y: -6 },
      width: 0.4,
      height: 0.4,
      connectedTo: [
        'pcb_smtpad_21',
        'connectivity_net109',
        'source_trace_33',
        'source_port_21',
        'source_port_380',
        'pcb_port_21',
        'pcb_smtpad_380',
        'pcb_port_380'
      ]
    },
    {
      circuitJsonMetadata: {
        pcb_smtpad_id: 'pcb_smtpad_22',
        pcb_port_id: 'pcb_port_22',
        source_component_name: 'U_SOC',
        source_port_name: 'E2'
      },
      componentId: 'pcb_component_0',
      type: 'rect',
      shape: 'circle',
      layers: [ 'top' ],
      center: { x: -3.6, y: -6 },
      width: 0.4,
      height: 0.4,
      connectedTo: [
        'pcb_smtpad_22',
        'connectivity_net37',
        'source_trace_9',
        'source_port_22',
        'source_port_354',
        'pcb_port_22',
        'pcb_smtpad_354',
        'pcb_port_354'
      ]
    },
    {
      circuitJsonMetadata: {
        pcb_smtpad_id: 'pcb_smtpad_23',
        pcb_port_id: 'pcb_port_23',
        source_component_name: 'U_SOC',
        source_port_name: 'F2'
      },
      componentId: 'pcb_component_0',
      type: 'rect',
      shape: 'circle',
      layers: [ 'top' ],
      center: { x: -2.8, y: -6 },
      width: 0.4,
      height: 0.4,
      connectedTo: [
        'pcb_smtpad_23',
        'connectivity_net124',
        'source_trace_38',
        'source_port_23',
        'source_port_386',
        'pcb_port_23',
        'pcb_smtpad_386',
        'pcb_port_386'
      ]
    },
    {
      circuitJsonMetadata: {
        pcb_smtpad_id: 'pcb_smtpad_24',
        pcb_port_id: 'pcb_port_24',
        source_component_name: 'U_SOC',
        source_port_name: 'G2'
      },
      componentId: 'pcb_component_0',
      type: 'rect',
      shape: 'circle',
      layers: [ 'top' ],
      center: { x: -2, y: -6 },
      width: 0.4,
      height: 0.4,
      connectedTo: [
        'pcb_smtpad_24',
        'connectivity_net40',
        'source_trace_10',
        'source_port_24',
        'source_port_355',
        'pcb_port_24',
        'pcb_smtpad_355',
        'pcb_port_355'
      ]
    },
    {
      circuitJsonMetadata: {
        pcb_smtpad_id: 'pcb_smtpad_25',
        pcb_port_id: 'pcb_port_25',
        source_component_name: 'U_SOC',
        source_port_name: 'H2'
      },
      componentId: 'pcb_component_0',
      type: 'rect',
      shape: 'circle',
      layers: [ 'top' ],
      center: { x: -1.2, y: -6 },
      width: 0.4,
      height: 0.4,
      connectedTo: [
        'pcb_smtpad_25',
        'connectivity_net25',
        'source_trace_5',
        'source_port_25',
        'source_port_350',
        'pcb_port_25',
        'pcb_smtpad_350',
        'pcb_port_350'
      ]
    },
    {
      circuitJsonMetadata: {
        pcb_smtpad_id: 'pcb_smtpad_26',
        pcb_port_id: 'pcb_port_26',
        source_component_name: 'U_SOC',
        source_port_name: 'J2'
      },
      componentId: 'pcb_component_0',
      type: 'rect',
      shape: 'circle',
      layers: [ 'top' ],
      center: { x: -0.4, y: -6 },
      width: 0.4,
      height: 0.4,
      connectedTo: [
        'pcb_smtpad_26',
        'connectivity_net49',
        'source_trace_13',
        'source_port_26',
        'source_port_359',
        'pcb_port_26',
        'pcb_smtpad_359',
        'pcb_port_359'
      ]
    },
    {
      circuitJsonMetadata: {
        pcb_smtpad_id: 'pcb_smtpad_27',
        pcb_port_id: 'pcb_port_27',
        source_component_name: 'U_SOC',
        source_port_name: 'K2'
      },
      componentId: 'pcb_component_0',
      type: 'rect',
      shape: 'circle',
      layers: [ 'top' ],
      center: { x: 0.4, y: -6 },
      width: 0.4,
      height: 0.4,
      connectedTo: [
        'pcb_smtpad_27',
        'connectivity_net43',
        'source_trace_11',
        'source_port_27',
        'source_port_358',
        'pcb_port_27',
        'pcb_smtpad_358',
        'pcb_port_358'
      ]
    },
    {
      circuitJsonMetadata: {
        pcb_smtpad_id: 'pcb_smtpad_28',
        pcb_port_id: 'pcb_port_28',
        source_component_name: 'U_SOC',
        source_port_name: 'L2'
      },
      componentId: 'pcb_component_0',
      type: 'rect',
      shape: 'circle',
      layers: [ 'top' ],
      center: { x: 1.2, y: -6 },
      width: 0.4,
      height: 0.4,
      connectedTo: [
        'pcb_smtpad_28',
        'connectivity_net91',
        'source_trace_27',
        'source_port_28',
        'source_port_373',
        'pcb_port_28',
        'pcb_smtpad_373',
        'pcb_port_373'
      ]
    },
    {
      circuitJsonMetadata: {
        pcb_smtpad_id: 'pcb_smtpad_29',
        pcb_port_id: 'pcb_port_29',
        source_component_name: 'U_SOC',
        source_port_name: 'M2'
      },
      componentId: 'pcb_component_0',
      type: 'rect',
      shape: 'circle',
      layers: [ 'top' ],
      center: { x: 2, y: -6 },
      width: 0.4,
      height: 0.4,
      connectedTo: [
        'pcb_smtpad_29',
        'connectivity_net100',
        'source_trace_30',
        'source_port_29',
        'source_port_376',
        'pcb_port_29',
        'pcb_smtpad_376',
        'pcb_port_376'
      ]
    },
    {
      circuitJsonMetadata: {
        pcb_smtpad_id: 'pcb_smtpad_30',
        pcb_port_id: 'pcb_port_30',
        source_component_name: 'U_SOC',
        source_port_name: 'N2'
      },
      componentId: 'pcb_component_0',
      type: 'rect',
      shape: 'circle',
      layers: [ 'top' ],
      center: { x: 2.8, y: -6 },
      width: 0.4,
      height: 0.4,
      connectedTo: [
        'pcb_smtpad_30',
        'connectivity_net136',
        'source_trace_42',
        'source_port_30',
        'source_port_363',
        'pcb_port_30',
        'pcb_smtpad_363',
        'pcb_port_363'
      ]
    },
    {
      circuitJsonMetadata: {
        pcb_smtpad_id: 'pcb_smtpad_31',
        pcb_port_id: 'pcb_port_31',
        source_component_name: 'U_SOC',
        source_port_name: 'P2'
      },
      componentId: 'pcb_component_0',
      type: 'rect',
      shape: 'circle',
      layers: [ 'top' ],
      center: { x: 3.6, y: -6 },
      width: 0.4,
      height: 0.4,
      connectedTo: [
        'pcb_smtpad_31',
        'connectivity_net58',
        'source_trace_16',
        'source_port_31',
        'source_port_362',
        'pcb_port_31',
        'pcb_smtpad_362',
        'pcb_port_362'
      ]
    },
    {
      circuitJsonMetadata: {
        pcb_smtpad_id: 'pcb_smtpad_32',
        pcb_port_id: 'pcb_port_32',
        source_component_name: 'U_SOC',
        source_port_name: 'R2'
      },
      componentId: 'pcb_component_0',
      type: 'rect',
      shape: 'circle',
      layers: [ 'top' ],
      center: { x: 4.4, y: -6 },
      width: 0.4,
      height: 0.4,
      connectedTo: [
        'pcb_smtpad_32',
        'connectivity_net1238',
        'source_trace_570',
        'source_port_768',
        'source_trace_568',
        'source_port_32',
        'source_net_42',
        'pcb_port_32',
        'pcb_smtpad_759',
        'pcb_port_768'
      ]
    },
    {
      circuitJsonMetadata: {
        pcb_smtpad_id: 'pcb_smtpad_33',
        pcb_port_id: 'pcb_port_33',
        source_component_name: 'U_SOC',
        source_port_name: 'T2'
      },
      componentId: 'pcb_component_0',
      type: 'rect',
      shape: 'circle',
      layers: [ 'top' ],
      center: { x: 5.2, y: -6 },
      width: 0.4,
      height: 0.4,
      connectedTo: [
        'pcb_smtpad_33',
        'connectivity_net1266',
        'source_trace_582',
        'source_port_776',
        'source_trace_580',
        'source_port_33',
        'source_net_46',
        'pcb_port_33',
        'pcb_smtpad_767',
        'pcb_port_776'
      ]
    },
    {
      circuitJsonMetadata: {
        pcb_smtpad_id: 'pcb_smtpad_34',
        pcb_port_id: 'pcb_port_34',
        source_component_name: 'U_SOC',
        source_port_name: 'U2'
      },
      componentId: 'pcb_component_0',
      type: 'rect',
      shape: 'circle',
      layers: [ 'top' ],
      center: { x: 6, y: -6 },
      width: 0.4,
      height: 0.4,
      connectedTo: [
        'pcb_smtpad_34',
        'connectivity_net1294',
        'source_trace_594',
        'source_port_784',
        'source_trace_592',
        'source_port_34',
        'source_net_50',
        'pcb_port_34',
        'pcb_smtpad_775',
        'pcb_port_784'
      ]
    },
    {
      circuitJsonMetadata: {
        pcb_smtpad_id: 'pcb_smtpad_35',
        pcb_port_id: 'pcb_port_35',
        source_component_name: 'U_SOC',
        source_port_name: 'V2'
      },
      componentId: 'pcb_component_0',
      type: 'rect',
      shape: 'circle',
      layers: [ 'top' ],
      center: { x: 6.8, y: -6 },
      width: 0.4,
      height: 0.4,
      connectedTo: [
        'pcb_smtpad_35',
        'connectivity_net1315',
        'source_trace_603',
        'source_port_790',
        'source_trace_601',
        'source_port_35',
        'source_net_53',
        'pcb_port_35',
        'pcb_smtpad_781',
        'pcb_port_790'
      ]
    },
    {
      circuitJsonMetadata: {
        pcb_smtpad_id: 'pcb_smtpad_36',
        pcb_port_id: 'pcb_port_36',
        source_component_name: 'U_SOC',
        source_port_name: 'A3'
      },
      componentId: 'pcb_component_0',
      type: 'rect',
      shape: 'circle',
      layers: [ 'top' ],
      center: { x: -6.8, y: -5.2 },
      width: 0.4,
      height: 0.4,
      connectedTo: [
        'pcb_smtpad_36',
        'connectivity_net3680',
        'source_port_36',
        'pcb_port_36'
      ]
    },
    {
      circuitJsonMetadata: {
        pcb_smtpad_id: 'pcb_smtpad_37',
        pcb_port_id: 'pcb_port_37',
        source_component_name: 'U_SOC',
        source_port_name: 'B3'
      },
      componentId: 'pcb_component_0',
      type: 'rect',
      shape: 'circle',
      layers: [ 'top' ],
      center: { x: -6, y: -5.2 },
      width: 0.4,
      height: 0.4,
      connectedTo: [
        'pcb_smtpad_37',
        'connectivity_net73',
        'source_trace_21',
        'source_port_37',
        'source_port_367',
        'pcb_port_37',
        'pcb_smtpad_367',
        'pcb_port_367'
      ]
    },
    {
      circuitJsonMetadata: {
        pcb_smtpad_id: 'pcb_smtpad_38',
        pcb_port_id: 'pcb_port_38',
        source_component_name: 'U_SOC',
        source_port_name: 'C3'
      },
      componentId: 'pcb_component_0',
      type: 'rect',
      shape: 'circle',
      layers: [ 'top' ],
      center: { x: -5.2, y: -5.2 },
      width: 0.4,
      height: 0.4,
      connectedTo: [
        'pcb_smtpad_38',
        'connectivity_net31',
        'source_trace_7',
        'source_port_38',
        'source_port_352',
        'pcb_port_38',
        'pcb_smtpad_352',
        'pcb_port_352'
      ]
    },
    {
      circuitJsonMetadata: {
        pcb_smtpad_id: 'pcb_smtpad_39',
        pcb_port_id: 'pcb_port_39',
        source_component_name: 'U_SOC',
        source_port_name: 'D3'
      },
      componentId: 'pcb_component_0',
      type: 'rect',
      shape: 'circle',
      layers: [ 'top' ],
      center: { x: -4.4, y: -5.2 },
      width: 0.4,
      height: 0.4,
      connectedTo: [
        'pcb_smtpad_39',
        'connectivity_net3681',
        'source_port_39',
        'pcb_port_39'
      ]
    },
    {
      circuitJsonMetadata: {
        pcb_smtpad_id: 'pcb_smtpad_40',
        pcb_port_id: 'pcb_port_40',
        source_component_name: 'U_SOC',
        source_port_name: 'E3'
      },
      componentId: 'pcb_component_0',
      type: 'rect',
      shape: 'circle',
      layers: [ 'top' ],
      center: { x: -3.6, y: -5.2 },
      width: 0.4,
      height: 0.4,
      connectedTo: [
        'pcb_smtpad_40',
        'connectivity_net118',
        'source_trace_36',
        'source_port_40',
        'source_port_384',
        'pcb_port_40',
        'pcb_smtpad_384',
        'pcb_port_384'
      ]
    },
    {
      circuitJsonMetadata: {
        pcb_smtpad_id: 'pcb_smtpad_41',
        pcb_port_id: 'pcb_port_41',
        source_component_name: 'U_SOC',
        source_port_name: 'F3'
      },
      componentId: 'pcb_component_0',
      type: 'rect',
      shape: 'circle',
      layers: [ 'top' ],
      center: { x: -2.8, y: -5.2 },
      width: 0.4,
      height: 0.4,
      connectedTo: [
        'pcb_smtpad_41',
        'connectivity_net76',
        'source_trace_22',
        'source_port_41',
        'source_port_368',
        'pcb_port_41',
        'pcb_smtpad_368',
        'pcb_port_368'
      ]
    },
    {
      circuitJsonMetadata: {
        pcb_smtpad_id: 'pcb_smtpad_42',
        pcb_port_id: 'pcb_port_42',
        source_component_name: 'U_SOC',
        source_port_name: 'G3'
      },
      componentId: 'pcb_component_0',
      type: 'rect',
      shape: 'circle',
      layers: [ 'top' ],
      center: { x: -2, y: -5.2 },
      width: 0.4,
      height: 0.4,
      connectedTo: [
        'pcb_smtpad_42',
        'connectivity_net154',
        'source_trace_48',
        'source_port_42',
        'source_port_413',
        'pcb_port_42',
        'pcb_smtpad_413',
        'pcb_port_413'
      ]
    },
    {
      circuitJsonMetadata: {
        pcb_smtpad_id: 'pcb_smtpad_43',
        pcb_port_id: 'pcb_port_43',
        source_component_name: 'U_SOC',
        source_port_name: 'H3'
      },
      componentId: 'pcb_component_0',
      type: 'rect',
      shape: 'circle',
      layers: [ 'top' ],
      center: { x: -1.2, y: -5.2 },
      width: 0.4,
      height: 0.4,
      connectedTo: [
        'pcb_smtpad_43',
        'connectivity_net85',
        'source_trace_25',
        'source_port_43',
        'source_port_371',
        'pcb_port_43',
        'pcb_smtpad_371',
        'pcb_port_371'
      ]
    },
    {
      circuitJsonMetadata: {
        pcb_smtpad_id: 'pcb_smtpad_44',
        pcb_port_id: 'pcb_port_44',
        source_component_name: 'U_SOC',
        source_port_name: 'J3'
      },
      componentId: 'pcb_component_0',
      type: 'rect',
      shape: 'circle',
      layers: [ 'top' ],
      center: { x: -0.4, y: -5.2 },
      width: 0.4,
      height: 0.4,
      connectedTo: [
        'pcb_smtpad_44',
        'connectivity_net793',
        'source_trace_349',
        'source_port_549',
        'source_trace_52',
        'source_port_44',
        'source_net_13',
        'pcb_port_44',
        'pcb_smtpad_546',
        'pcb_port_549'
      ]
    },
    {
      circuitJsonMetadata: {
        pcb_smtpad_id: 'pcb_smtpad_45',
        pcb_port_id: 'pcb_port_45',
        source_component_name: 'U_SOC',
        source_port_name: 'K3'
      },
      componentId: 'pcb_component_0',
      type: 'rect',
      shape: 'circle',
      layers: [ 'top' ],
      center: { x: 0.4, y: -5.2 },
      width: 0.4,
      height: 0.4,
      connectedTo: [
        'pcb_smtpad_45',
        'connectivity_net46',
        'source_trace_12',
        'source_port_45',
        'source_port_340',
        'pcb_port_45',
        'pcb_smtpad_340',
        'pcb_port_340'
      ]
    },
    {
      circuitJsonMetadata: {
        pcb_smtpad_id: 'pcb_smtpad_46',
        pcb_port_id: 'pcb_port_46',
        source_component_name: 'U_SOC',
        source_port_name: 'L3'
      },
      componentId: 'pcb_component_0',
      type: 'rect',
      shape: 'circle',
      layers: [ 'top' ],
      center: { x: 1.2, y: -5.2 },
      width: 0.4,
      height: 0.4,
      connectedTo: [
        'pcb_smtpad_46',
        'connectivity_net97',
        'source_trace_29',
        'source_port_46',
        'source_port_342',
        'pcb_port_46',
        'pcb_smtpad_342',
        'pcb_port_342'
      ]
    },
    {
      circuitJsonMetadata: {
        pcb_smtpad_id: 'pcb_smtpad_47',
        pcb_port_id: 'pcb_port_47',
        source_component_name: 'U_SOC',
        source_port_name: 'M3'
      },
      componentId: 'pcb_component_0',
      type: 'rect',
      shape: 'circle',
      layers: [ 'top' ],
      center: { x: 2, y: -5.2 },
      width: 0.4,
      height: 0.4,
      connectedTo: [
        'pcb_smtpad_47',
        'connectivity_net52',
        'source_trace_14',
        'source_port_47',
        'source_port_345',
        'pcb_port_47',
        'pcb_smtpad_345',
        'pcb_port_345'
      ]
    },
    {
      circuitJsonMetadata: {
        pcb_smtpad_id: 'pcb_smtpad_48',
        pcb_port_id: 'pcb_port_48',
        source_component_name: 'U_SOC',
        source_port_name: 'N3'
      },
      componentId: 'pcb_component_0',
      type: 'rect',
      shape: 'circle',
      layers: [ 'top' ],
      center: { x: 2.8, y: -5.2 },
      width: 0.4,
      height: 0.4,
      connectedTo: [
        'pcb_smtpad_48',
        'connectivity_net61',
        'source_trace_17',
        'source_port_48',
        'source_port_377',
        'pcb_port_48',
        'pcb_smtpad_377',
        'pcb_port_377'
      ]
    },
    {
      circuitJsonMetadata: {
        pcb_smtpad_id: 'pcb_smtpad_49',
        pcb_port_id: 'pcb_port_49',
        source_component_name: 'U_SOC',
        source_port_name: 'P3'
      },
      componentId: 'pcb_component_0',
      type: 'rect',
      shape: 'circle',
      layers: [ 'top' ],
      center: { x: 3.6, y: -5.2 },
      width: 0.4,
      height: 0.4,
      connectedTo: [
        'pcb_smtpad_49',
        'connectivity_net22',
        'source_trace_4',
        'source_port_49',
        'source_port_393',
        'pcb_port_49',
        'pcb_smtpad_393',
        'pcb_port_393'
      ]
    },
    {
      circuitJsonMetadata: {
        pcb_smtpad_id: 'pcb_smtpad_50',
        pcb_port_id: 'pcb_port_50',
        source_component_name: 'U_SOC',
        source_port_name: 'R3'
      },
      componentId: 'pcb_component_0',
      type: 'rect',
      shape: 'circle',
      layers: [ 'top' ],
      center: { x: 4.4, y: -5.2 },
      width: 0.4,
      height: 0.4,
      connectedTo: [
        'pcb_smtpad_50',
        'connectivity_net1245',
        'source_trace_573',
        'source_port_770',
        'source_trace_571',
        'source_port_50',
        'source_net_43',
        'pcb_port_50',
        'pcb_smtpad_761',
        'pcb_port_770'
      ]
    },
    {
      circuitJsonMetadata: {
        pcb_smtpad_id: 'pcb_smtpad_51',
        pcb_port_id: 'pcb_port_51',
        source_component_name: 'U_SOC',
        source_port_name: 'T3'
      },
      componentId: 'pcb_component_0',
      type: 'rect',
      shape: 'circle',
      layers: [ 'top' ],
      center: { x: 5.2, y: -5.2 },
      width: 0.4,
      height: 0.4,
      connectedTo: [
        'pcb_smtpad_51',
        'connectivity_net1273',
        'source_trace_585',
        'source_port_778',
        'source_trace_583',
        'source_port_51',
        'source_net_47',
        'pcb_port_51',
        'pcb_smtpad_769',
        'pcb_port_778'
      ]
    },
    {
      circuitJsonMetadata: {
        pcb_smtpad_id: 'pcb_smtpad_52',
        pcb_port_id: 'pcb_port_52',
        source_component_name: 'U_SOC',
        source_port_name: 'U3'
      },
      componentId: 'pcb_component_0',
      type: 'rect',
      shape: 'circle',
      layers: [ 'top' ],
      center: { x: 6, y: -5.2 },
      width: 0.4,
      height: 0.4,
      connectedTo: [
        'pcb_smtpad_52',
        'connectivity_net1301',
        'source_trace_597',
        'source_port_786',
        'source_trace_595',
        'source_port_52',
        'source_net_51',
        'pcb_port_52',
        'pcb_smtpad_777',
        'pcb_port_786'
      ]
    },
    {
      circuitJsonMetadata: {
        pcb_smtpad_id: 'pcb_smtpad_53',
        pcb_port_id: 'pcb_port_53',
        source_component_name: 'U_SOC',
        source_port_name: 'V3'
      },
      componentId: 'pcb_component_0',
      type: 'rect',
      shape: 'circle',
      layers: [ 'top' ],
      center: { x: 6.8, y: -5.2 },
      width: 0.4,
      height: 0.4,
      connectedTo: [
        'pcb_smtpad_53',
        'connectivity_net1322',
        'source_trace_606',
        'source_port_792',
        'source_trace_604',
        'source_port_53',
        'source_net_54',
        'pcb_port_53',
        'pcb_smtpad_783',
        'pcb_port_792'
      ]
    },
    {
      circuitJsonMetadata: {
        pcb_smtpad_id: 'pcb_smtpad_54',
        pcb_port_id: 'pcb_port_54',
        source_component_name: 'U_SOC',
        source_port_name: 'A4'
      },
      componentId: 'pcb_component_0',
      type: 'rect',
      shape: 'circle',
      layers: [ 'top' ],
      center: { x: -6.8, y: -4.4 },
      width: 0.4,
      height: 0.4,
      connectedTo: [
        'pcb_smtpad_54',
        'connectivity_net3682',
        'source_port_54',
        'pcb_port_54'
      ]
    },
    {
      circuitJsonMetadata: {
        pcb_smtpad_id: 'pcb_smtpad_55',
        pcb_port_id: 'pcb_port_55',
        source_component_name: 'U_SOC',
        source_port_name: 'B4'
      },
      componentId: 'pcb_component_0',
      type: 'rect',
      shape: 'circle',
      layers: [ 'top' ],
      center: { x: -6, y: -4.4 },
      width: 0.4,
      height: 0.4,
      connectedTo: [
        'pcb_smtpad_55',    'connectivity_net3933', 'pcb_trace_68',
        'pcb_trace_66',     'pcb_trace_64',         'pcb_trace_62',
        'pcb_trace_60',     'pcb_trace_58',         'pcb_trace_56',
        'pcb_trace_54',     'pcb_trace_52',         'pcb_trace_50',
        'pcb_trace_48',     'pcb_trace_46',         'pcb_trace_44',
        'pcb_trace_42',     'pcb_trace_40',         'pcb_trace_38',
        'pcb_trace_36',     'pcb_trace_34',         'pcb_trace_33',
        'pcb_trace_29',     'pcb_trace_28',         'pcb_trace_26',
        'pcb_trace_25',     'pcb_trace_24',         'pcb_trace_23',
        'pcb_trace_20',     'pcb_trace_18',         'pcb_trace_16',
        'pcb_trace_13',     'pcb_trace_11',         'pcb_trace_9',
        'pcb_trace_8',      'pcb_trace_6',          'pcb_trace_5',
        'pcb_trace_3',      'pcb_trace_1',          'source_port_1023',
        'source_port_1019', 'source_port_1014',     'source_port_1010',
        'source_port_1006', 'source_port_1002',     'source_port_998',
        'source_port_994',  'source_port_990',      'source_port_986',
        'source_port_982',  'source_port_978',      'source_port_974',
        'source_port_970',  'source_port_967',      'source_port_963',
        'source_port_959',  'source_port_955',      'source_port_953',
        'source_port_945',  'source_port_943',      'source_port_939',
        'source_port_937',  'source_port_935',      'source_port_933',
        'source_port_927',  'source_port_923',      'source_port_919',
        'source_port_913',  'source_port_909',      'source_port_905',
        'source_port_903',  'source_port_899',      'source_port_897',
        'source_port_893',  'source_port_751',      'pcb_via_68',
        'pcb_port_1022',    'pcb_port_1023',        'pcb_via_66',
        'pcb_port_1018',    'pcb_port_1019',        'pcb_via_64',
        'pcb_port_1014',    'pcb_port_1015',        'pcb_via_62',
        'pcb_port_1010',    'pcb_port_1011',        'pcb_via_60',
        'pcb_port_1006',    'pcb_port_1007',        'pcb_via_58',
        'pcb_port_1002',    'pcb_port_1003',        'pcb_via_56',
        'pcb_port_998',     'pcb_port_999',         'pcb_via_54',
        'pcb_port_994',     'pcb_port_995',         'pcb_via_52',
        'pcb_port_990',
        ... 1132 more items
      ],
      offBoardConnectsTo: [ 'source_component_internal_connection_1' ],
      netIsAssignable: true
    },
    {
      circuitJsonMetadata: {
        pcb_smtpad_id: 'pcb_smtpad_56',
        pcb_port_id: 'pcb_port_56',
        source_component_name: 'U_SOC',
        source_port_name: 'C4'
      },
      componentId: 'pcb_component_0',
      type: 'rect',
      shape: 'circle',
      layers: [ 'top' ],
      center: { x: -5.2, y: -4.4 },
      width: 0.4,
      height: 0.4,
      connectedTo: [
        'pcb_smtpad_56',
        'connectivity_net28',
        'source_trace_6',
        'source_port_56',
        'source_port_351',
        'pcb_port_56',
        'pcb_smtpad_351',
        'pcb_port_351'
      ]
    },
    {
      circuitJsonMetadata: {
        pcb_smtpad_id: 'pcb_smtpad_57',
        pcb_port_id: 'pcb_port_57',
        source_component_name: 'U_SOC',
        source_port_name: 'D4'
      },
      componentId: 'pcb_component_0',
      type: 'rect',
      shape: 'circle',
      layers: [ 'top' ],
      center: { x: -4.4, y: -4.4 },
      width: 0.4,
      height: 0.4,
      connectedTo: [
        'pcb_smtpad_57',
        'connectivity_net151',
        'source_trace_47',
        'source_port_57',
        'source_port_403',
        'pcb_port_57',
        'pcb_smtpad_403',
        'pcb_port_403'
      ]
    },
    {
      circuitJsonMetadata: {
        pcb_smtpad_id: 'pcb_smtpad_58',
        pcb_port_id: 'pcb_port_58',
        source_component_name: 'U_SOC',
        source_port_name: 'E4'
      },
      componentId: 'pcb_component_0',
      type: 'rect',
      shape: 'circle',
      layers: [ 'top' ],
      center: { x: -3.6, y: -4.4 },
      width: 0.4,
      height: 0.4,
      connectedTo: [
        'pcb_smtpad_58',
        'connectivity_net79',
        'source_trace_23',
        'source_port_58',
        'source_port_369',
        'pcb_port_58',
        'pcb_smtpad_369',
        'pcb_port_369'
      ]
    },
    {
      circuitJsonMetadata: {
        pcb_smtpad_id: 'pcb_smtpad_59',
        pcb_port_id: 'pcb_port_59',
        source_component_name: 'U_SOC',
        source_port_name: 'F4'
      },
      componentId: 'pcb_component_0',
      type: 'rect',
      shape: 'circle',
      layers: [ 'top' ],
      center: { x: -2.8, y: -4.4 },
      width: 0.4,
      height: 0.4,
      connectedTo: [
        'pcb_smtpad_59',
        'connectivity_net115',
        'source_trace_35',
        'source_port_59',
        'source_port_382',
        'pcb_port_59',
        'pcb_smtpad_382',
        'pcb_port_382'
      ]
    },
    {
      circuitJsonMetadata: {
        pcb_smtpad_id: 'pcb_smtpad_60',
        pcb_port_id: 'pcb_port_60',
        source_component_name: 'U_SOC',
        source_port_name: 'G4'
      },
      componentId: 'pcb_component_0',
      type: 'rect',
      shape: 'circle',
      layers: [ 'top' ],
      center: { x: -2, y: -4.4 },
      width: 0.4,
      height: 0.4,
      connectedTo: [
        'pcb_smtpad_60',
        'connectivity_net64',
        'source_trace_18',
        'source_port_60',
        'source_port_364',
        'pcb_port_60',
        'pcb_smtpad_364',
        'pcb_port_364'
      ]
    },
    {
      circuitJsonMetadata: {
        pcb_smtpad_id: 'pcb_smtpad_61',
        pcb_port_id: 'pcb_port_61',
        source_component_name: 'U_SOC',
        source_port_name: 'H4'
      },
      componentId: 'pcb_component_0',
      type: 'rect',
      shape: 'circle',
      layers: [ 'top' ],
      center: { x: -1.2, y: -4.4 },
      width: 0.4,
      height: 0.4,
      connectedTo: [
        'pcb_smtpad_61',
        'connectivity_net127',
        'source_trace_39',
        'source_port_61',
        'source_port_387',
        'pcb_port_61',
        'pcb_smtpad_387',
        'pcb_port_387'
      ]
    },
    {
      circuitJsonMetadata: {
        pcb_smtpad_id: 'pcb_smtpad_62',
        pcb_port_id: 'pcb_port_62',
        source_component_name: 'U_SOC',
        source_port_name: 'J4'
      },
      componentId: 'pcb_component_0',
      type: 'rect',
      shape: 'circle',
      layers: [ 'top' ],
      center: { x: -0.4, y: -4.4 },
      width: 0.4,
      height: 0.4,
      connectedTo: [
        'pcb_smtpad_62',    'connectivity_net1189',
        'source_trace_547', 'source_port_747',
        'source_trace_545', 'source_port_745',
        'source_trace_543', 'source_port_743',
        'source_trace_347', 'source_port_547',
        'source_trace_346', 'source_port_546',
        'source_trace_217', 'source_port_399',
        'source_trace_196', 'source_port_331',
        'source_trace_54',  'source_port_62',
        'source_net_14',    'pcb_port_62',
        'pcb_smtpad_331',   'pcb_port_331',
        'pcb_smtpad_399',   'pcb_port_399',
        'pcb_smtpad_541',   'pcb_port_546',
        'pcb_smtpad_544',   'pcb_port_547',
        'pcb_smtpad_740',   'pcb_port_743',
        'pcb_smtpad_742',   'pcb_port_745',
        'pcb_smtpad_744',   'pcb_port_747'
      ]
    },
    {
      circuitJsonMetadata: {
        pcb_smtpad_id: 'pcb_smtpad_63',
        pcb_port_id: 'pcb_port_63',
        source_component_name: 'U_SOC',
        source_port_name: 'K4'
      },
      componentId: 'pcb_component_0',
      type: 'rect',
      shape: 'circle',
      layers: [ 'top' ],
      center: { x: 0.4, y: -4.4 },
      width: 0.4,
      height: 0.4,
      connectedTo: [
        'pcb_smtpad_63',
        'connectivity_net88',
        'source_trace_26',
        'source_port_63',
        'source_port_375',
        'pcb_port_63',
        'pcb_smtpad_375',
        'pcb_port_375'
      ]
    },
    {
      circuitJsonMetadata: {
        pcb_smtpad_id: 'pcb_smtpad_64',
        pcb_port_id: 'pcb_port_64',
        source_component_name: 'U_SOC',
        source_port_name: 'L4'
      },
      componentId: 'pcb_component_0',
      type: 'rect',
      shape: 'circle',
      layers: [ 'top' ],
      center: { x: 1.2, y: -4.4 },
      width: 0.4,
      height: 0.4,
      connectedTo: [
        'pcb_smtpad_64',
        'connectivity_net130',
        'source_trace_40',
        'source_port_64',
        'source_port_356',
        'pcb_port_64',
        'pcb_smtpad_356',
        'pcb_port_356'
      ]
    },
    {
      circuitJsonMetadata: {
        pcb_smtpad_id: 'pcb_smtpad_65',
        pcb_port_id: 'pcb_port_65',
        source_component_name: 'U_SOC',
        source_port_name: 'M4'
      },
      componentId: 'pcb_component_0',
      type: 'rect',
      shape: 'circle',
      layers: [ 'top' ],
      center: { x: 2, y: -4.4 },
      width: 0.4,
      height: 0.4,
      connectedTo: [
        'pcb_smtpad_65',
        'connectivity_net103',
        'source_trace_31',
        'source_port_65',
        'source_port_395',
        'pcb_port_65',
        'pcb_smtpad_395',
        'pcb_port_395'
      ]
    },
    {
      circuitJsonMetadata: {
        pcb_smtpad_id: 'pcb_smtpad_66',
        pcb_port_id: 'pcb_port_66',
        source_component_name: 'U_SOC',
        source_port_name: 'N4'
      },
      componentId: 'pcb_component_0',
      type: 'rect',
      shape: 'circle',
      layers: [ 'top' ],
      center: { x: 2.8, y: -4.4 },
      width: 0.4,
      height: 0.4,
      connectedTo: [
        'pcb_smtpad_66',
        'connectivity_net139',
        'source_trace_43',
        'source_port_66',
        'source_port_346',
        'pcb_port_66',
        'pcb_smtpad_346',
        'pcb_port_346'
      ]
    },
    {
      circuitJsonMetadata: {
        pcb_smtpad_id: 'pcb_smtpad_67',
        pcb_port_id: 'pcb_port_67',
        source_component_name: 'U_SOC',
        source_port_name: 'P4'
      },
      componentId: 'pcb_component_0',
      type: 'rect',
      shape: 'circle',
      layers: [ 'top' ],
      center: { x: 3.6, y: -4.4 },
      width: 0.4,
      height: 0.4,
      connectedTo: [
        'pcb_smtpad_67',
        'connectivity_net106',
        'source_trace_32',
        'source_port_67',
        'source_port_379',
        'pcb_port_67',
        'pcb_smtpad_379',
        'pcb_port_379'
      ]
    },
    {
      circuitJsonMetadata: {
        pcb_smtpad_id: 'pcb_smtpad_68',
        pcb_port_id: 'pcb_port_68',
        source_component_name: 'U_SOC',
        source_port_name: 'R4'
      },
      componentId: 'pcb_component_0',
      type: 'rect',
      shape: 'circle',
      layers: [ 'top' ],
      center: { x: 4.4, y: -4.4 },
      width: 0.4,
      height: 0.4,
      connectedTo: [
        'pcb_smtpad_68',
        'connectivity_net1252',
        'source_trace_576',
        'source_port_772',
        'source_trace_574',
        'source_port_68',
        'source_net_44',
        'pcb_port_68',
        'pcb_smtpad_763',
        'pcb_port_772'
      ]
    },
    {
      circuitJsonMetadata: {
        pcb_smtpad_id: 'pcb_smtpad_69',
        pcb_port_id: 'pcb_port_69',
        source_component_name: 'U_SOC',
        source_port_name: 'T4'
      },
      componentId: 'pcb_component_0',
      type: 'rect',
      shape: 'circle',
      layers: [ 'top' ],
      center: { x: 5.2, y: -4.4 },
      width: 0.4,
      height: 0.4,
      connectedTo: [
        'pcb_smtpad_69',
        'connectivity_net1280',
        'source_trace_588',
        'source_port_780',
        'source_trace_586',
        'source_port_69',
        'source_net_48',
        'pcb_port_69',
        'pcb_smtpad_771',
        'pcb_port_780'
      ]
    },
    {
      circuitJsonMetadata: {
        pcb_smtpad_id: 'pcb_smtpad_70',
        pcb_port_id: 'pcb_port_70',
        source_component_name: 'U_SOC',
        source_port_name: 'U4'
      },
      componentId: 'pcb_component_0',
      type: 'rect',
      shape: 'circle',
      layers: [ 'top' ],
      center: { x: 6, y: -4.4 },
      width: 0.4,
      height: 0.4,
      connectedTo: [
        'pcb_smtpad_70',
        'connectivity_net1308',
        'source_trace_600',
        'source_port_788',
        'source_trace_598',
        'source_port_70',
        'source_net_52',
        'pcb_port_70',
        'pcb_smtpad_779',
        'pcb_port_788'
      ]
    },
    {
      circuitJsonMetadata: {
        pcb_smtpad_id: 'pcb_smtpad_71',
        pcb_port_id: 'pcb_port_71',
        source_component_name: 'U_SOC',
        source_port_name: 'V4'
      },
      componentId: 'pcb_component_0',
      type: 'rect',
      shape: 'circle',
      layers: [ 'top' ],
      center: { x: 6.8, y: -4.4 },
      width: 0.4,
      height: 0.4,
      connectedTo: [
        'pcb_smtpad_71',
        'connectivity_net1329',
        'source_trace_609',
        'source_port_794',
        'source_trace_607',
        'source_port_71',
        'source_net_55',
        'pcb_port_71',
        'pcb_smtpad_785',
        'pcb_port_794'
      ]
    },
    {
      circuitJsonMetadata: {
        pcb_smtpad_id: 'pcb_smtpad_72',
        pcb_port_id: 'pcb_port_72',
        source_component_name: 'U_SOC',
        source_port_name: 'A5'
      },
      componentId: 'pcb_component_0',
      type: 'rect',
      shape: 'circle',
      layers: [ 'top' ],
      center: { x: -6.8, y: -3.6 },
      width: 0.4,
      height: 0.4,
      connectedTo: [
        'pcb_smtpad_72',    'connectivity_net3933', 'pcb_trace_68',
        'pcb_trace_66',     'pcb_trace_64',         'pcb_trace_62',
        'pcb_trace_60',     'pcb_trace_58',         'pcb_trace_56',
        'pcb_trace_54',     'pcb_trace_52',         'pcb_trace_50',
        'pcb_trace_48',     'pcb_trace_46',         'pcb_trace_44',
        'pcb_trace_42',     'pcb_trace_40',         'pcb_trace_38',
        'pcb_trace_36',     'pcb_trace_34',         'pcb_trace_33',
        'pcb_trace_29',     'pcb_trace_28',         'pcb_trace_26',
        'pcb_trace_25',     'pcb_trace_24',         'pcb_trace_23',
        'pcb_trace_20',     'pcb_trace_18',         'pcb_trace_16',
        'pcb_trace_13',     'pcb_trace_11',         'pcb_trace_9',
        'pcb_trace_8',      'pcb_trace_6',          'pcb_trace_5',
        'pcb_trace_3',      'pcb_trace_1',          'source_port_1023',
        'source_port_1019', 'source_port_1014',     'source_port_1010',
        'source_port_1006', 'source_port_1002',     'source_port_998',
        'source_port_994',  'source_port_990',      'source_port_986',
        'source_port_982',  'source_port_978',      'source_port_974',
        'source_port_970',  'source_port_967',      'source_port_963',
        'source_port_959',  'source_port_955',      'source_port_953',
        'source_port_945',  'source_port_943',      'source_port_939',
        'source_port_937',  'source_port_935',      'source_port_933',
        'source_port_927',  'source_port_923',      'source_port_919',
        'source_port_913',  'source_port_909',      'source_port_905',
        'source_port_903',  'source_port_899',      'source_port_897',
        'source_port_893',  'source_port_751',      'pcb_via_68',
        'pcb_port_1022',    'pcb_port_1023',        'pcb_via_66',
        'pcb_port_1018',    'pcb_port_1019',        'pcb_via_64',
        'pcb_port_1014',    'pcb_port_1015',        'pcb_via_62',
        'pcb_port_1010',    'pcb_port_1011',        'pcb_via_60',
        'pcb_port_1006',    'pcb_port_1007',        'pcb_via_58',
        'pcb_port_1002',    'pcb_port_1003',        'pcb_via_56',
        'pcb_port_998',     'pcb_port_999',         'pcb_via_54',
        'pcb_port_994',     'pcb_port_995',         'pcb_via_52',
        'pcb_port_990',
        ... 1132 more items
      ],
      offBoardConnectsTo: [ 'source_component_internal_connection_1' ],
      netIsAssignable: true
    },
    {
      circuitJsonMetadata: {
        pcb_smtpad_id: 'pcb_smtpad_73',
        pcb_port_id: 'pcb_port_73',
        source_component_name: 'U_SOC',
        source_port_name: 'B5'
      },
      componentId: 'pcb_component_0',
      type: 'rect',
      shape: 'circle',
      layers: [ 'top' ],
      center: { x: -6, y: -3.6 },
      width: 0.4,
      height: 0.4,
      connectedTo: [
        'pcb_smtpad_73',
        'connectivity_net621',
        'source_trace_264',
        'source_port_465',
        'source_trace_56',
        'source_port_73',
        'source_net_15',
        'pcb_port_73',
        'pcb_smtpad_465',
        'pcb_port_465'
      ]
    },
    {
      circuitJsonMetadata: {
        pcb_smtpad_id: 'pcb_smtpad_74',
        pcb_port_id: 'pcb_port_74',
        source_component_name: 'U_SOC',
        source_port_name: 'C5'
      },
      componentId: 'pcb_component_0',
      type: 'rect',
      shape: 'circle',
      layers: [ 'top' ],
      center: { x: -5.2, y: -3.6 },
      width: 0.4,
      height: 0.4,
      connectedTo: [
        'pcb_smtpad_74',
        'connectivity_net771',
        'source_trace_338',
        'source_port_538',
        'source_trace_241',
        'source_port_432',
        'source_trace_57',
        'source_port_74',
        'source_net_16',
        'pcb_port_74',
        'pcb_smtpad_444',
        'pcb_port_432',
        'pcb_smtpad_533',
        'pcb_port_538'
      ]
    },
    {
      circuitJsonMetadata: {
        pcb_smtpad_id: 'pcb_smtpad_75',
        pcb_port_id: 'pcb_port_75',
        source_component_name: 'U_SOC',
        source_port_name: 'D5'
      },
      componentId: 'pcb_component_0',
      type: 'rect',
      shape: 'circle',
      layers: [ 'top' ],
      center: { x: -4.4, y: -3.6 },
      width: 0.4,
      height: 0.4,
      connectedTo: [
        'pcb_smtpad_75',
        'connectivity_net148',
        'source_trace_46',
        'source_port_75',
        'source_port_402',
        'pcb_port_75',
        'pcb_smtpad_402',
        'pcb_port_402'
      ]
    },
    {
      circuitJsonMetadata: {
        pcb_smtpad_id: 'pcb_smtpad_76',
        pcb_port_id: 'pcb_port_76',
        source_component_name: 'U_SOC',
        source_port_name: 'E5'
      },
      componentId: 'pcb_component_0',
      type: 'rect',
      shape: 'circle',
      layers: [ 'top' ],
      center: { x: -3.6, y: -3.6 },
      width: 0.4,
      height: 0.4,
      connectedTo: [
        'pcb_smtpad_76',    'connectivity_net3932', 'pcb_trace_67',
        'pcb_trace_65',     'pcb_trace_63',         'pcb_trace_61',
        'pcb_trace_59',     'pcb_trace_57',         'pcb_trace_55',
        'pcb_trace_53',     'pcb_trace_51',         'pcb_trace_49',
        'pcb_trace_47',     'pcb_trace_45',         'pcb_trace_43',
        'pcb_trace_41',     'pcb_trace_39',         'pcb_trace_37',
        'pcb_trace_35',     'pcb_trace_32',         'pcb_trace_31',
        'pcb_trace_30',     'pcb_trace_27',         'pcb_trace_22',
        'pcb_trace_21',     'pcb_trace_19',         'pcb_trace_17',
        'pcb_trace_15',     'pcb_trace_14',         'pcb_trace_12',
        'pcb_trace_10',     'pcb_trace_7',          'pcb_trace_4',
        'pcb_trace_2',      'pcb_trace_0',          'source_port_1021',
        'source_port_1017', 'source_port_1012',     'source_port_1008',
        'source_port_1004', 'source_port_1000',     'source_port_996',
        'source_port_992',  'source_port_988',      'source_port_984',
        'source_port_980',  'source_port_976',      'source_port_972',
        'source_port_968',  'source_port_965',      'source_port_961',
        'source_port_957',  'source_port_951',      'source_port_949',
        'source_port_947',  'source_port_941',      'source_port_931',
        'source_port_929',  'source_port_925',      'source_port_921',
        'source_port_917',  'source_port_915',      'source_port_911',
        'source_port_907',  'source_port_901',      'source_port_895',
        'source_port_891',  'source_port_749',      'pcb_via_67',
        'pcb_port_1020',    'pcb_port_1021',        'pcb_via_65',
        'pcb_port_1016',    'pcb_port_1017',        'pcb_via_63',
        'pcb_port_1012',    'pcb_port_1013',        'pcb_via_61',
        'pcb_port_1008',    'pcb_port_1009',        'pcb_via_59',
        'pcb_port_1004',    'pcb_port_1005',        'pcb_via_57',
        'pcb_port_1000',    'pcb_port_1001',        'pcb_via_55',
        'pcb_port_996',     'pcb_port_997',         'pcb_via_53',
        'pcb_port_992',     'pcb_port_993',         'pcb_via_51',
        'pcb_port_988',     'pcb_port_989',         'pcb_via_49',
        'pcb_port_984',     'pcb_port_985',         'pcb_via_47',
        'pcb_port_980',
        ... 393 more items
      ]
    },
    {
      circuitJsonMetadata: {
        pcb_smtpad_id: 'pcb_smtpad_77',
        pcb_port_id: 'pcb_port_77',
        source_component_name: 'U_SOC',
        source_port_name: 'F5'
      },
      componentId: 'pcb_component_0',
      type: 'rect',
      shape: 'circle',
      layers: [ 'top' ],
      center: { x: -2.8, y: -3.6 },
      width: 0.4,
      height: 0.4,
      connectedTo: [
        'pcb_smtpad_77',    'connectivity_net3932', 'pcb_trace_67',
        'pcb_trace_65',     'pcb_trace_63',         'pcb_trace_61',
        'pcb_trace_59',     'pcb_trace_57',         'pcb_trace_55',
        'pcb_trace_53',     'pcb_trace_51',         'pcb_trace_49',
        'pcb_trace_47',     'pcb_trace_45',         'pcb_trace_43',
        'pcb_trace_41',     'pcb_trace_39',         'pcb_trace_37',
        'pcb_trace_35',     'pcb_trace_32',         'pcb_trace_31',
        'pcb_trace_30',     'pcb_trace_27',         'pcb_trace_22',
        'pcb_trace_21',     'pcb_trace_19',         'pcb_trace_17',
        'pcb_trace_15',     'pcb_trace_14',         'pcb_trace_12',
        'pcb_trace_10',     'pcb_trace_7',          'pcb_trace_4',
        'pcb_trace_2',      'pcb_trace_0',          'source_port_1021',
        'source_port_1017', 'source_port_1012',     'source_port_1008',
        'source_port_1004', 'source_port_1000',     'source_port_996',
        'source_port_992',  'source_port_988',      'source_port_984',
        'source_port_980',  'source_port_976',      'source_port_972',
        'source_port_968',  'source_port_965',      'source_port_961',
        'source_port_957',  'source_port_951',      'source_port_949',
        'source_port_947',  'source_port_941',      'source_port_931',
        'source_port_929',  'source_port_925',      'source_port_921',
        'source_port_917',  'source_port_915',      'source_port_911',
        'source_port_907',  'source_port_901',      'source_port_895',
        'source_port_891',  'source_port_749',      'pcb_via_67',
        'pcb_port_1020',    'pcb_port_1021',        'pcb_via_65',
        'pcb_port_1016',    'pcb_port_1017',        'pcb_via_63',
        'pcb_port_1012',    'pcb_port_1013',        'pcb_via_61',
        'pcb_port_1008',    'pcb_port_1009',        'pcb_via_59',
        'pcb_port_1004',    'pcb_port_1005',        'pcb_via_57',
        'pcb_port_1000',    'pcb_port_1001',        'pcb_via_55',
        'pcb_port_996',     'pcb_port_997',         'pcb_via_53',
        'pcb_port_992',     'pcb_port_993',         'pcb_via_51',
        'pcb_port_988',     'pcb_port_989',         'pcb_via_49',
        'pcb_port_984',     'pcb_port_985',         'pcb_via_47',
        'pcb_port_980',
        ... 393 more items
      ]
    },
    {
      circuitJsonMetadata: {
        pcb_smtpad_id: 'pcb_smtpad_78',
        pcb_port_id: 'pcb_port_78',
        source_component_name: 'U_SOC',
        source_port_name: 'G5'
      },
      componentId: 'pcb_component_0',
      type: 'rect',
      shape: 'circle',
      layers: [ 'top' ],
      center: { x: -2, y: -3.6 },
      width: 0.4,
      height: 0.4,
      connectedTo: [
        'pcb_smtpad_78',    'connectivity_net3932', 'pcb_trace_67',
        'pcb_trace_65',     'pcb_trace_63',         'pcb_trace_61',
        'pcb_trace_59',     'pcb_trace_57',         'pcb_trace_55',
        'pcb_trace_53',     'pcb_trace_51',         'pcb_trace_49',
        'pcb_trace_47',     'pcb_trace_45',         'pcb_trace_43',
        'pcb_trace_41',     'pcb_trace_39',         'pcb_trace_37',
        'pcb_trace_35',     'pcb_trace_32',         'pcb_trace_31',
        'pcb_trace_30',     'pcb_trace_27',         'pcb_trace_22',
        'pcb_trace_21',     'pcb_trace_19',         'pcb_trace_17',
        'pcb_trace_15',     'pcb_trace_14',         'pcb_trace_12',
        'pcb_trace_10',     'pcb_trace_7',          'pcb_trace_4',
        'pcb_trace_2',      'pcb_trace_0',          'source_port_1021',
        'source_port_1017', 'source_port_1012',     'source_port_1008',
        'source_port_1004', 'source_port_1000',     'source_port_996',
        'source_port_992',  'source_port_988',      'source_port_984',
        'source_port_980',  'source_port_976',      'source_port_972',
        'source_port_968',  'source_port_965',      'source_port_961',
        'source_port_957',  'source_port_951',      'source_port_949',
        'source_port_947',  'source_port_941',      'source_port_931',
        'source_port_929',  'source_port_925',      'source_port_921',
        'source_port_917',  'source_port_915',      'source_port_911',
        'source_port_907',  'source_port_901',      'source_port_895',
        'source_port_891',  'source_port_749',      'pcb_via_67',
        'pcb_port_1020',    'pcb_port_1021',        'pcb_via_65',
        'pcb_port_1016',    'pcb_port_1017',        'pcb_via_63',
        'pcb_port_1012',    'pcb_port_1013',        'pcb_via_61',
        'pcb_port_1008',    'pcb_port_1009',        'pcb_via_59',
        'pcb_port_1004',    'pcb_port_1005',        'pcb_via_57',
        'pcb_port_1000',    'pcb_port_1001',        'pcb_via_55',
        'pcb_port_996',     'pcb_port_997',         'pcb_via_53',
        'pcb_port_992',     'pcb_port_993',         'pcb_via_51',
        'pcb_port_988',     'pcb_port_989',         'pcb_via_49',
        'pcb_port_984',     'pcb_port_985',         'pcb_via_47',
        'pcb_port_980',
        ... 393 more items
      ]
    },
    {
      circuitJsonMetadata: {
        pcb_smtpad_id: 'pcb_smtpad_79',
        pcb_port_id: 'pcb_port_79',
        source_component_name: 'U_SOC',
        source_port_name: 'H5'
      },
      componentId: 'pcb_component_0',
      type: 'rect',
      shape: 'circle',
      layers: [ 'top' ],
      center: { x: -1.2, y: -3.6 },
      width: 0.4,
      height: 0.4,
      connectedTo: [
        'pcb_smtpad_79',    'connectivity_net3932', 'pcb_trace_67',
        'pcb_trace_65',     'pcb_trace_63',         'pcb_trace_61',
        'pcb_trace_59',     'pcb_trace_57',         'pcb_trace_55',
        'pcb_trace_53',     'pcb_trace_51',         'pcb_trace_49',
        'pcb_trace_47',     'pcb_trace_45',         'pcb_trace_43',
        'pcb_trace_41',     'pcb_trace_39',         'pcb_trace_37',
        'pcb_trace_35',     'pcb_trace_32',         'pcb_trace_31',
        'pcb_trace_30',     'pcb_trace_27',         'pcb_trace_22',
        'pcb_trace_21',     'pcb_trace_19',         'pcb_trace_17',
        'pcb_trace_15',     'pcb_trace_14',         'pcb_trace_12',
        'pcb_trace_10',     'pcb_trace_7',          'pcb_trace_4',
        'pcb_trace_2',      'pcb_trace_0',          'source_port_1021',
        'source_port_1017', 'source_port_1012',     'source_port_1008',
        'source_port_1004', 'source_port_1000',     'source_port_996',
        'source_port_992',  'source_port_988',      'source_port_984',
        'source_port_980',  'source_port_976',      'source_port_972',
        'source_port_968',  'source_port_965',      'source_port_961',
        'source_port_957',  'source_port_951',      'source_port_949',
        'source_port_947',  'source_port_941',      'source_port_931',
        'source_port_929',  'source_port_925',      'source_port_921',
        'source_port_917',  'source_port_915',      'source_port_911',
        'source_port_907',  'source_port_901',      'source_port_895',
        'source_port_891',  'source_port_749',      'pcb_via_67',
        'pcb_port_1020',    'pcb_port_1021',        'pcb_via_65',
        'pcb_port_1016',    'pcb_port_1017',        'pcb_via_63',
        'pcb_port_1012',    'pcb_port_1013',        'pcb_via_61',
        'pcb_port_1008',    'pcb_port_1009',        'pcb_via_59',
        'pcb_port_1004',    'pcb_port_1005',        'pcb_via_57',
        'pcb_port_1000',    'pcb_port_1001',        'pcb_via_55',
        'pcb_port_996',     'pcb_port_997',         'pcb_via_53',
        'pcb_port_992',     'pcb_port_993',         'pcb_via_51',
        'pcb_port_988',     'pcb_port_989',         'pcb_via_49',
        'pcb_port_984',     'pcb_port_985',         'pcb_via_47',
        'pcb_port_980',
        ... 393 more items
      ]
    },
    {
      circuitJsonMetadata: {
        pcb_smtpad_id: 'pcb_smtpad_80',
        pcb_port_id: 'pcb_port_80',
        source_component_name: 'U_SOC',
        source_port_name: 'J5'
      },
      componentId: 'pcb_component_0',
      type: 'rect',
      shape: 'circle',
      layers: [ 'top' ],
      center: { x: -0.4, y: -3.6 },
      width: 0.4,
      height: 0.4,
      connectedTo: [
        'pcb_smtpad_80',    'connectivity_net3932', 'pcb_trace_67',
        'pcb_trace_65',     'pcb_trace_63',         'pcb_trace_61',
        'pcb_trace_59',     'pcb_trace_57',         'pcb_trace_55',
        'pcb_trace_53',     'pcb_trace_51',         'pcb_trace_49',
        'pcb_trace_47',     'pcb_trace_45',         'pcb_trace_43',
        'pcb_trace_41',     'pcb_trace_39',         'pcb_trace_37',
        'pcb_trace_35',     'pcb_trace_32',         'pcb_trace_31',
        'pcb_trace_30',     'pcb_trace_27',         'pcb_trace_22',
        'pcb_trace_21',     'pcb_trace_19',         'pcb_trace_17',
        'pcb_trace_15',     'pcb_trace_14',         'pcb_trace_12',
        'pcb_trace_10',     'pcb_trace_7',          'pcb_trace_4',
        'pcb_trace_2',      'pcb_trace_0',          'source_port_1021',
        'source_port_1017', 'source_port_1012',     'source_port_1008',
        'source_port_1004', 'source_port_1000',     'source_port_996',
        'source_port_992',  'source_port_988',      'source_port_984',
        'source_port_980',  'source_port_976',      'source_port_972',
        'source_port_968',  'source_port_965',      'source_port_961',
        'source_port_957',  'source_port_951',      'source_port_949',
        'source_port_947',  'source_port_941',      'source_port_931',
        'source_port_929',  'source_port_925',      'source_port_921',
        'source_port_917',  'source_port_915',      'source_port_911',
        'source_port_907',  'source_port_901',      'source_port_895',
        'source_port_891',  'source_port_749',      'pcb_via_67',
        'pcb_port_1020',    'pcb_port_1021',        'pcb_via_65',
        'pcb_port_1016',    'pcb_port_1017',        'pcb_via_63',
        'pcb_port_1012',    'pcb_port_1013',        'pcb_via_61',
        'pcb_port_1008',    'pcb_port_1009',        'pcb_via_59',
        'pcb_port_1004',    'pcb_port_1005',        'pcb_via_57',
        'pcb_port_1000',    'pcb_port_1001',        'pcb_via_55',
        'pcb_port_996',     'pcb_port_997',         'pcb_via_53',
        'pcb_port_992',     'pcb_port_993',         'pcb_via_51',
        'pcb_port_988',     'pcb_port_989',         'pcb_via_49',
        'pcb_port_984',     'pcb_port_985',         'pcb_via_47',
        'pcb_port_980',
        ... 393 more items
      ]
    },
    {
      circuitJsonMetadata: {
        pcb_smtpad_id: 'pcb_smtpad_81',
        pcb_port_id: 'pcb_port_81',
        source_component_name: 'U_SOC',
        source_port_name: 'K5'
      },
      componentId: 'pcb_component_0',
      type: 'rect',
      shape: 'circle',
      layers: [ 'top' ],
      center: { x: 0.4, y: -3.6 },
      width: 0.4,
      height: 0.4,
      connectedTo: [
        'pcb_smtpad_81',    'connectivity_net3932', 'pcb_trace_67',
        'pcb_trace_65',     'pcb_trace_63',         'pcb_trace_61',
        'pcb_trace_59',     'pcb_trace_57',         'pcb_trace_55',
        'pcb_trace_53',     'pcb_trace_51',         'pcb_trace_49',
        'pcb_trace_47',     'pcb_trace_45',         'pcb_trace_43',
        'pcb_trace_41',     'pcb_trace_39',         'pcb_trace_37',
        'pcb_trace_35',     'pcb_trace_32',         'pcb_trace_31',
        'pcb_trace_30',     'pcb_trace_27',         'pcb_trace_22',
        'pcb_trace_21',     'pcb_trace_19',         'pcb_trace_17',
        'pcb_trace_15',     'pcb_trace_14',         'pcb_trace_12',
        'pcb_trace_10',     'pcb_trace_7',          'pcb_trace_4',
        'pcb_trace_2',      'pcb_trace_0',          'source_port_1021',
        'source_port_1017', 'source_port_1012',     'source_port_1008',
        'source_port_1004', 'source_port_1000',     'source_port_996',
        'source_port_992',  'source_port_988',      'source_port_984',
        'source_port_980',  'source_port_976',      'source_port_972',
        'source_port_968',  'source_port_965',      'source_port_961',
        'source_port_957',  'source_port_951',      'source_port_949',
        'source_port_947',  'source_port_941',      'source_port_931',
        'source_port_929',  'source_port_925',      'source_port_921',
        'source_port_917',  'source_port_915',      'source_port_911',
        'source_port_907',  'source_port_901',      'source_port_895',
        'source_port_891',  'source_port_749',      'pcb_via_67',
        'pcb_port_1020',    'pcb_port_1021',        'pcb_via_65',
        'pcb_port_1016',    'pcb_port_1017',        'pcb_via_63',
        'pcb_port_1012',    'pcb_port_1013',        'pcb_via_61',
        'pcb_port_1008',    'pcb_port_1009',        'pcb_via_59',
        'pcb_port_1004',    'pcb_port_1005',        'pcb_via_57',
        'pcb_port_1000',    'pcb_port_1001',        'pcb_via_55',
        'pcb_port_996',     'pcb_port_997',         'pcb_via_53',
        'pcb_port_992',     'pcb_port_993',         'pcb_via_51',
        'pcb_port_988',     'pcb_port_989',         'pcb_via_49',
        'pcb_port_984',     'pcb_port_985',         'pcb_via_47',
        'pcb_port_980',
        ... 393 more items
      ]
    },
    {
      circuitJsonMetadata: {
        pcb_smtpad_id: 'pcb_smtpad_82',
        pcb_port_id: 'pcb_port_82',
        source_component_name: 'U_SOC',
        source_port_name: 'L5'
      },
      componentId: 'pcb_component_0',
      type: 'rect',
      shape: 'circle',
      layers: [ 'top' ],
      center: { x: 1.2, y: -3.6 },
      width: 0.4,
      height: 0.4,
      connectedTo: [
        'pcb_smtpad_82',    'connectivity_net3932', 'pcb_trace_67',
        'pcb_trace_65',     'pcb_trace_63',         'pcb_trace_61',
        'pcb_trace_59',     'pcb_trace_57',         'pcb_trace_55',
        'pcb_trace_53',     'pcb_trace_51',         'pcb_trace_49',
        'pcb_trace_47',     'pcb_trace_45',         'pcb_trace_43',
        'pcb_trace_41',     'pcb_trace_39',         'pcb_trace_37',
        'pcb_trace_35',     'pcb_trace_32',         'pcb_trace_31',
        'pcb_trace_30',     'pcb_trace_27',         'pcb_trace_22',
        'pcb_trace_21',     'pcb_trace_19',         'pcb_trace_17',
        'pcb_trace_15',     'pcb_trace_14',         'pcb_trace_12',
        'pcb_trace_10',     'pcb_trace_7',          'pcb_trace_4',
        'pcb_trace_2',      'pcb_trace_0',          'source_port_1021',
        'source_port_1017', 'source_port_1012',     'source_port_1008',
        'source_port_1004', 'source_port_1000',     'source_port_996',
        'source_port_992',  'source_port_988',      'source_port_984',
        'source_port_980',  'source_port_976',      'source_port_972',
        'source_port_968',  'source_port_965',      'source_port_961',
        'source_port_957',  'source_port_951',      'source_port_949',
        'source_port_947',  'source_port_941',      'source_port_931',
        'source_port_929',  'source_port_925',      'source_port_921',
        'source_port_917',  'source_port_915',      'source_port_911',
        'source_port_907',  'source_port_901',      'source_port_895',
        'source_port_891',  'source_port_749',      'pcb_via_67',
        'pcb_port_1020',    'pcb_port_1021',        'pcb_via_65',
        'pcb_port_1016',    'pcb_port_1017',        'pcb_via_63',
        'pcb_port_1012',    'pcb_port_1013',        'pcb_via_61',
        'pcb_port_1008',    'pcb_port_1009',        'pcb_via_59',
        'pcb_port_1004',    'pcb_port_1005',        'pcb_via_57',
        'pcb_port_1000',    'pcb_port_1001',        'pcb_via_55',
        'pcb_port_996',     'pcb_port_997',         'pcb_via_53',
        'pcb_port_992',     'pcb_port_993',         'pcb_via_51',
        'pcb_port_988',     'pcb_port_989',         'pcb_via_49',
        'pcb_port_984',     'pcb_port_985',         'pcb_via_47',
        'pcb_port_980',
        ... 393 more items
      ]
    },
    {
      circuitJsonMetadata: {
        pcb_smtpad_id: 'pcb_smtpad_83',
        pcb_port_id: 'pcb_port_83',
        source_component_name: 'U_SOC',
        source_port_name: 'M5'
      },
      componentId: 'pcb_component_0',
      type: 'rect',
      shape: 'circle',
      layers: [ 'top' ],
      center: { x: 2, y: -3.6 },
      width: 0.4,
      height: 0.4,
      connectedTo: [
        'pcb_smtpad_83',
        'connectivity_net3683',
        'source_port_83',
        'pcb_port_83'
      ]
    },
    {
      circuitJsonMetadata: {
        pcb_smtpad_id: 'pcb_smtpad_84',
        pcb_port_id: 'pcb_port_84',
        source_component_name: 'U_SOC',
        source_port_name: 'N5'
      },
      componentId: 'pcb_component_0',
      type: 'rect',
      shape: 'circle',
      layers: [ 'top' ],
      center: { x: 2.8, y: -3.6 },
      width: 0.4,
      height: 0.4,
      connectedTo: [
        'pcb_smtpad_84',    'connectivity_net1555', 'source_trace_713',
        'source_port_884',  'source_trace_655',     'source_port_831',
        'source_trace_650', 'source_port_824',      'source_trace_646',
        'source_port_820',  'source_trace_632',     'source_port_809',
        'source_trace_623', 'source_port_803',      'source_trace_620',
        'source_port_801',  'source_trace_617',     'source_port_799',
        'source_trace_614', 'source_port_797',      'source_trace_608',
        'source_port_793',  'source_trace_578',     'source_port_773',
        'source_trace_572', 'source_port_769',      'source_trace_569',
        'source_port_767',  'source_trace_566',     'source_port_765',
        'source_trace_457', 'source_port_657',      'source_trace_455',
        'source_port_655',  'source_trace_443',     'source_port_643',
        'source_trace_441', 'source_port_641',      'source_trace_439',
        'source_port_639',  'source_trace_437',     'source_port_637',
        'source_trace_435', 'source_port_635',      'source_trace_433',
        'source_port_633',  'source_trace_431',     'source_port_631',
        'source_trace_429', 'source_port_629',      'source_trace_427',
        'source_port_627',  'source_trace_425',     'source_port_625',
        'source_trace_343', 'source_port_543',      'source_trace_341',
        'source_port_541',  'source_trace_339',     'source_port_539',
        'source_trace_307', 'source_port_507',      'source_trace_261',
        'source_port_462',  'source_trace_181',     'source_port_266',
        'source_trace_180', 'source_port_264',      'source_trace_174',
        'source_port_244',  'source_trace_173',     'source_port_243',
        'source_trace_170', 'source_port_240',      'source_trace_169',
        'source_port_239',  'source_trace_158',     'source_port_220',
        'source_trace_148', 'source_port_202',      'source_trace_136',
        'source_port_184',  'source_trace_124',     'source_port_166',
        'source_trace_79',  'source_port_103',      'source_trace_66',
        'source_port_85',   'source_trace_65',      'source_port_84',
        'source_net_10',    'pcb_port_84',          'pcb_smtpad_85',
        'pcb_port_85',      'pcb_smtpad_103',       'pcb_port_103',
        'pcb_smtpad_166',   'pcb_port_166',         'pcb_smtpad_184',
        'pcb_port_184',
        ... 78 more items
      ]
    },
    {
      circuitJsonMetadata: {
        pcb_smtpad_id: 'pcb_smtpad_85',
        pcb_port_id: 'pcb_port_85',
        source_component_name: 'U_SOC',
        source_port_name: 'P5'
      },
      componentId: 'pcb_component_0',
      type: 'rect',
      shape: 'circle',
      layers: [ 'top' ],
      center: { x: 3.6, y: -3.6 },
      width: 0.4,
      height: 0.4,
      connectedTo: [
        'pcb_smtpad_85',    'connectivity_net1555', 'source_trace_713',
        'source_port_884',  'source_trace_655',     'source_port_831',
        'source_trace_650', 'source_port_824',      'source_trace_646',
        'source_port_820',  'source_trace_632',     'source_port_809',
        'source_trace_623', 'source_port_803',      'source_trace_620',
        'source_port_801',  'source_trace_617',     'source_port_799',
        'source_trace_614', 'source_port_797',      'source_trace_608',
        'source_port_793',  'source_trace_578',     'source_port_773',
        'source_trace_572', 'source_port_769',      'source_trace_569',
        'source_port_767',  'source_trace_566',     'source_port_765',
        'source_trace_457', 'source_port_657',      'source_trace_455',
        'source_port_655',  'source_trace_443',     'source_port_643',
        'source_trace_441', 'source_port_641',      'source_trace_439',
        'source_port_639',  'source_trace_437',     'source_port_637',
        'source_trace_435', 'source_port_635',      'source_trace_433',
        'source_port_633',  'source_trace_431',     'source_port_631',
        'source_trace_429', 'source_port_629',      'source_trace_427',
        'source_port_627',  'source_trace_425',     'source_port_625',
        'source_trace_343', 'source_port_543',      'source_trace_341',
        'source_port_541',  'source_trace_339',     'source_port_539',
        'source_trace_307', 'source_port_507',      'source_trace_261',
        'source_port_462',  'source_trace_181',     'source_port_266',
        'source_trace_180', 'source_port_264',      'source_trace_174',
        'source_port_244',  'source_trace_173',     'source_port_243',
        'source_trace_170', 'source_port_240',      'source_trace_169',
        'source_port_239',  'source_trace_158',     'source_port_220',
        'source_trace_148', 'source_port_202',      'source_trace_136',
        'source_port_184',  'source_trace_124',     'source_port_166',
        'source_trace_79',  'source_port_103',      'source_trace_66',
        'source_port_85',   'source_trace_65',      'source_port_84',
        'source_net_10',    'pcb_smtpad_84',        'pcb_port_84',
        'pcb_port_85',      'pcb_smtpad_103',       'pcb_port_103',
        'pcb_smtpad_166',   'pcb_port_166',         'pcb_smtpad_184',
        'pcb_port_184',
        ... 78 more items
      ]
    },
    {
      circuitJsonMetadata: {
        pcb_smtpad_id: 'pcb_smtpad_86',
        pcb_port_id: 'pcb_port_86',
        source_component_name: 'U_SOC',
        source_port_name: 'R5'
      },
      componentId: 'pcb_component_0',
      type: 'rect',
      shape: 'circle',
      layers: [ 'top' ],
      center: { x: 4.4, y: -3.6 },
      width: 0.4,
      height: 0.4,
      connectedTo: [
        'pcb_smtpad_86',
        'connectivity_net3684',
        'source_port_86',
        'pcb_port_86'
      ]
    },
    {
      circuitJsonMetadata: {
        pcb_smtpad_id: 'pcb_smtpad_87',
        pcb_port_id: 'pcb_port_87',
        source_component_name: 'U_SOC',
        source_port_name: 'T5'
      },
      componentId: 'pcb_component_0',
      type: 'rect',
      shape: 'circle',
      layers: [ 'top' ],
      center: { x: 5.2, y: -3.6 },
      width: 0.4,
      height: 0.4,
      connectedTo: [
        'pcb_smtpad_87',
        'connectivity_net1336',
        'source_trace_612',
        'source_port_796',
        'source_trace_610',
        'source_port_87',
        'source_net_56',
        'pcb_port_87',
        'pcb_smtpad_787',
        'pcb_port_796'
      ]
    },
    {
      circuitJsonMetadata: {
        pcb_smtpad_id: 'pcb_smtpad_88',
        pcb_port_id: 'pcb_port_88',
        source_component_name: 'U_SOC',
        source_port_name: 'U5'
      },
      componentId: 'pcb_component_0',
      type: 'rect',
      shape: 'circle',
      layers: [ 'top' ],
      center: { x: 6, y: -3.6 },
      width: 0.4,
      height: 0.4,
      connectedTo: [
        'pcb_smtpad_88',
        'connectivity_net3685',
        'source_port_88',
        'pcb_port_88'
      ]
    },
    {
      circuitJsonMetadata: {
        pcb_smtpad_id: 'pcb_smtpad_89',
        pcb_port_id: 'pcb_port_89',
        source_component_name: 'U_SOC',
        source_port_name: 'V5'
      },
      componentId: 'pcb_component_0',
      type: 'rect',
      shape: 'circle',
      layers: [ 'top' ],
      center: { x: 6.8, y: -3.6 },
      width: 0.4,
      height: 0.4,
      connectedTo: [
        'pcb_smtpad_89',
        'connectivity_net3686',
        'source_port_89',
        'pcb_port_89'
      ]
    },
    {
      circuitJsonMetadata: {
        pcb_smtpad_id: 'pcb_smtpad_90',
        pcb_port_id: 'pcb_port_90',
        source_component_name: 'U_SOC',
        source_port_name: 'A6'
      },
      componentId: 'pcb_component_0',
      type: 'rect',
      shape: 'circle',
      layers: [ 'top' ],
      center: { x: -6.8, y: -2.8 },
      width: 0.4,
      height: 0.4,
      connectedTo: [
        'pcb_smtpad_90',
        'connectivity_net3687',
        'source_port_90',
        'pcb_port_90'
      ]
    },
    {
      circuitJsonMetadata: {
        pcb_smtpad_id: 'pcb_smtpad_91',
        pcb_port_id: 'pcb_port_91',
        source_component_name: 'U_SOC',
        source_port_name: 'B6'
      },
      componentId: 'pcb_component_0',
      type: 'rect',
      shape: 'circle',
      layers: [ 'top' ],
      center: { x: -6, y: -2.8 },
      width: 0.4,
      height: 0.4,
      connectedTo: [
        'pcb_smtpad_91',    'connectivity_net3933', 'pcb_trace_68',
        'pcb_trace_66',     'pcb_trace_64',         'pcb_trace_62',
        'pcb_trace_60',     'pcb_trace_58',         'pcb_trace_56',
        'pcb_trace_54',     'pcb_trace_52',         'pcb_trace_50',
        'pcb_trace_48',     'pcb_trace_46',         'pcb_trace_44',
        'pcb_trace_42',     'pcb_trace_40',         'pcb_trace_38',
        'pcb_trace_36',     'pcb_trace_34',         'pcb_trace_33',
        'pcb_trace_29',     'pcb_trace_28',         'pcb_trace_26',
        'pcb_trace_25',     'pcb_trace_24',         'pcb_trace_23',
        'pcb_trace_20',     'pcb_trace_18',         'pcb_trace_16',
        'pcb_trace_13',     'pcb_trace_11',         'pcb_trace_9',
        'pcb_trace_8',      'pcb_trace_6',          'pcb_trace_5',
        'pcb_trace_3',      'pcb_trace_1',          'source_port_1023',
        'source_port_1019', 'source_port_1014',     'source_port_1010',
        'source_port_1006', 'source_port_1002',     'source_port_998',
        'source_port_994',  'source_port_990',      'source_port_986',
        'source_port_982',  'source_port_978',      'source_port_974',
        'source_port_970',  'source_port_967',      'source_port_963',
        'source_port_959',  'source_port_955',      'source_port_953',
        'source_port_945',  'source_port_943',      'source_port_939',
        'source_port_937',  'source_port_935',      'source_port_933',
        'source_port_927',  'source_port_923',      'source_port_919',
        'source_port_913',  'source_port_909',      'source_port_905',
        'source_port_903',  'source_port_899',      'source_port_897',
        'source_port_893',  'source_port_751',      'pcb_via_68',
        'pcb_port_1022',    'pcb_port_1023',        'pcb_via_66',
        'pcb_port_1018',    'pcb_port_1019',        'pcb_via_64',
        'pcb_port_1014',    'pcb_port_1015',        'pcb_via_62',
        'pcb_port_1010',    'pcb_port_1011',        'pcb_via_60',
        'pcb_port_1006',    'pcb_port_1007',        'pcb_via_58',
        'pcb_port_1002',    'pcb_port_1003',        'pcb_via_56',
        'pcb_port_998',     'pcb_port_999',         'pcb_via_54',
        'pcb_port_994',     'pcb_port_995',         'pcb_via_52',
        'pcb_port_990',
        ... 1132 more items
      ],
      offBoardConnectsTo: [ 'source_component_internal_connection_1' ],
      netIsAssignable: true
    },
    {
      circuitJsonMetadata: {
        pcb_smtpad_id: 'pcb_smtpad_92',
        pcb_port_id: 'pcb_port_92',
        source_component_name: 'U_SOC',
        source_port_name: 'C6'
      },
      componentId: 'pcb_component_0',
      type: 'rect',
      shape: 'circle',
      layers: [ 'top' ],
      center: { x: -5.2, y: -2.8 },
      width: 0.4,
      height: 0.4,
      connectedTo: [
        'pcb_smtpad_92',
        'connectivity_net561',
        'source_trace_238',
        'source_port_428',
        'source_trace_68',
        'source_port_92',
        'source_net_17',
        'pcb_port_92',
        'pcb_smtpad_428',
        'pcb_port_428'
      ]
    },
    {
      circuitJsonMetadata: {
        pcb_smtpad_id: 'pcb_smtpad_93',
        pcb_port_id: 'pcb_port_93',
        source_component_name: 'U_SOC',
        source_port_name: 'D6'
      },
      componentId: 'pcb_component_0',
      type: 'rect',
      shape: 'circle',
      layers: [ 'top' ],
      center: { x: -4.4, y: -2.8 },
      width: 0.4,
      height: 0.4,
      connectedTo: [
        'pcb_smtpad_93',
        'connectivity_net1033',
        'source_trace_469',
        'source_port_669',
        'source_trace_69',
        'source_port_93',
        'source_net_18',
        'pcb_port_93',
        'pcb_smtpad_666',
        'pcb_port_669'
      ]
    },
    {
      circuitJsonMetadata: {
        pcb_smtpad_id: 'pcb_smtpad_94',
        pcb_port_id: 'pcb_port_94',
        source_component_name: 'U_SOC',
        source_port_name: 'E6'
      },
      componentId: 'pcb_component_0',
      type: 'rect',
      shape: 'circle',
      layers: [ 'top' ],
      center: { x: -3.6, y: -2.8 },
      width: 0.4,
      height: 0.4,
      connectedTo: [
        'pcb_smtpad_94',    'connectivity_net1473', 'source_trace_676',
        'source_port_854',  'source_trace_674',     'source_port_852',
        'source_trace_673', 'source_port_851',      'source_trace_445',
        'source_port_645',  'source_trace_391',     'source_port_591',
        'source_trace_389', 'source_port_589',      'source_trace_387',
        'source_port_587',  'source_trace_385',     'source_port_585',
        'source_trace_383', 'source_port_583',      'source_trace_337',
        'source_port_537',  'source_trace_335',     'source_port_535',
        'source_trace_323', 'source_port_523',      'source_trace_242',
        'source_port_437',  'source_trace_233',     'source_port_422',
        'source_trace_177', 'source_port_247',      'source_trace_168',
        'source_port_238',  'source_trace_163',     'source_port_225',
        'source_trace_121', 'source_port_157',      'source_trace_113',
        'source_port_149',  'source_trace_83',      'source_port_111',
        'source_trace_78',  'source_port_102',      'source_trace_70',
        'source_port_94',   'source_net_8',         'pcb_port_94',
        'pcb_smtpad_102',   'pcb_port_102',         'pcb_smtpad_111',
        'pcb_port_111',     'pcb_smtpad_149',       'pcb_port_149',
        'pcb_smtpad_157',   'pcb_port_157',         'pcb_smtpad_225',
        'pcb_port_225',     'pcb_smtpad_238',       'pcb_port_238',
        'pcb_smtpad_247',   'pcb_port_247',         'pcb_smtpad_422',
        'pcb_port_422',     'pcb_smtpad_449',       'pcb_port_437',
        'pcb_smtpad_520',   'pcb_port_523',         'pcb_smtpad_532',
        'pcb_port_535',     'pcb_smtpad_534',       'pcb_port_537',
        'pcb_smtpad_580',   'pcb_port_583',         'pcb_smtpad_582',
        'pcb_port_585',     'pcb_smtpad_584',       'pcb_port_587',
        'pcb_smtpad_586',   'pcb_port_589',         'pcb_smtpad_588',
        'pcb_port_591',     'pcb_smtpad_642',       'pcb_port_645',
        'pcb_smtpad_841',   'pcb_port_851',         'pcb_smtpad_845',
        'pcb_port_852',     'pcb_smtpad_847',       'pcb_port_854'
      ]
    },
    {
      circuitJsonMetadata: {
        pcb_smtpad_id: 'pcb_smtpad_95',
        pcb_port_id: 'pcb_port_95',
        source_component_name: 'U_SOC',
        source_port_name: 'F6'
      },
      componentId: 'pcb_component_0',
      type: 'rect',
      shape: 'circle',
      layers: [ 'top' ],
      center: { x: -2.8, y: -2.8 },
      width: 0.4,
      height: 0.4,
      connectedTo: [
        'pcb_smtpad_95',    'connectivity_net833', 'source_trace_369',
        'source_port_569',  'source_trace_367',    'source_port_567',
        'source_trace_365', 'source_port_565',     'source_trace_363',
        'source_port_563',  'source_trace_361',    'source_port_561',
        'source_trace_359', 'source_port_559',     'source_trace_357',
        'source_port_557',  'source_trace_355',    'source_port_555',
        'source_trace_353', 'source_port_553',     'source_trace_303',
        'source_port_503',  'source_trace_288',    'source_port_488',
        'source_trace_253', 'source_port_448',     'source_trace_166',
        'source_port_228',  'source_trace_165',    'source_port_227',
        'source_trace_156', 'source_port_210',     'source_trace_153',
        'source_port_207',  'source_trace_152',    'source_port_206',
        'source_trace_143', 'source_port_191',     'source_trace_139',
        'source_port_187',  'source_trace_126',    'source_port_168',
        'source_trace_120', 'source_port_156',     'source_trace_118',
        'source_port_154',  'source_trace_106',    'source_port_138',
        'source_trace_104', 'source_port_136',     'source_trace_103',
        'source_port_135',  'source_trace_90',     'source_port_118',
        'source_trace_86',  'source_port_114',     'source_trace_85',
        'source_port_113',  'source_trace_76',     'source_port_100',
        'source_trace_75',  'source_port_99',      'source_trace_72',
        'source_port_96',   'source_trace_71',     'source_port_95',
        'source_net_7',     'pcb_port_95',         'pcb_smtpad_96',
        'pcb_port_96',      'pcb_smtpad_99',       'pcb_port_99',
        'pcb_smtpad_100',   'pcb_port_100',        'pcb_smtpad_113',
        'pcb_port_113',     'pcb_smtpad_114',      'pcb_port_114',
        'pcb_smtpad_118',   'pcb_port_118',        'pcb_smtpad_135',
        'pcb_port_135',     'pcb_smtpad_136',      'pcb_port_136',
        'pcb_smtpad_138',   'pcb_port_138',        'pcb_smtpad_154',
        'pcb_port_154',     'pcb_smtpad_156',      'pcb_port_156',
        'pcb_smtpad_168',   'pcb_port_168',        'pcb_smtpad_187',
        'pcb_port_187',     'pcb_smtpad_191',      'pcb_port_191',
        'pcb_smtpad_206',   'pcb_port_206',        'pcb_smtpad_207',
        'pcb_port_207',
        ... 30 more items
      ]
    },
    {
      circuitJsonMetadata: {
        pcb_smtpad_id: 'pcb_smtpad_96',
        pcb_port_id: 'pcb_port_96',
        source_component_name: 'U_SOC',
        source_port_name: 'G6'
      },
      componentId: 'pcb_component_0',
      type: 'rect',
      shape: 'circle',
      layers: [ 'top' ],
      center: { x: -2, y: -2.8 },
      width: 0.4,
      height: 0.4,
      connectedTo: [
        'pcb_smtpad_96',    'connectivity_net833', 'source_trace_369',
        'source_port_569',  'source_trace_367',    'source_port_567',
        'source_trace_365', 'source_port_565',     'source_trace_363',
        'source_port_563',  'source_trace_361',    'source_port_561',
        'source_trace_359', 'source_port_559',     'source_trace_357',
        'source_port_557',  'source_trace_355',    'source_port_555',
        'source_trace_353', 'source_port_553',     'source_trace_303',
        'source_port_503',  'source_trace_288',    'source_port_488',
        'source_trace_253', 'source_port_448',     'source_trace_166',
        'source_port_228',  'source_trace_165',    'source_port_227',
        'source_trace_156', 'source_port_210',     'source_trace_153',
        'source_port_207',  'source_trace_152',    'source_port_206',
        'source_trace_143', 'source_port_191',     'source_trace_139',
        'source_port_187',  'source_trace_126',    'source_port_168',
        'source_trace_120', 'source_port_156',     'source_trace_118',
        'source_port_154',  'source_trace_106',    'source_port_138',
        'source_trace_104', 'source_port_136',     'source_trace_103',
        'source_port_135',  'source_trace_90',     'source_port_118',
        'source_trace_86',  'source_port_114',     'source_trace_85',
        'source_port_113',  'source_trace_76',     'source_port_100',
        'source_trace_75',  'source_port_99',      'source_trace_72',
        'source_port_96',   'source_trace_71',     'source_port_95',
        'source_net_7',     'pcb_smtpad_95',       'pcb_port_95',
        'pcb_port_96',      'pcb_smtpad_99',       'pcb_port_99',
        'pcb_smtpad_100',   'pcb_port_100',        'pcb_smtpad_113',
        'pcb_port_113',     'pcb_smtpad_114',      'pcb_port_114',
        'pcb_smtpad_118',   'pcb_port_118',        'pcb_smtpad_135',
        'pcb_port_135',     'pcb_smtpad_136',      'pcb_port_136',
        'pcb_smtpad_138',   'pcb_port_138',        'pcb_smtpad_154',
        'pcb_port_154',     'pcb_smtpad_156',      'pcb_port_156',
        'pcb_smtpad_168',   'pcb_port_168',        'pcb_smtpad_187',
        'pcb_port_187',     'pcb_smtpad_191',      'pcb_port_191',
        'pcb_smtpad_206',   'pcb_port_206',        'pcb_smtpad_207',
        'pcb_port_207',
        ... 30 more items
      ]
    },
    {
      circuitJsonMetadata: {
        pcb_smtpad_id: 'pcb_smtpad_97',
        pcb_port_id: 'pcb_port_97',
        source_component_name: 'U_SOC',
        source_port_name: 'H6'
      },
      componentId: 'pcb_component_0',
      type: 'rect',
      shape: 'circle',
      layers: [ 'top' ],
      center: { x: -1.2, y: -2.8 },
      width: 0.4,
      height: 0.4,
      connectedTo: [
        'pcb_smtpad_97',    'connectivity_net3933', 'pcb_trace_68',
        'pcb_trace_66',     'pcb_trace_64',         'pcb_trace_62',
        'pcb_trace_60',     'pcb_trace_58',         'pcb_trace_56',
        'pcb_trace_54',     'pcb_trace_52',         'pcb_trace_50',
        'pcb_trace_48',     'pcb_trace_46',         'pcb_trace_44',
        'pcb_trace_42',     'pcb_trace_40',         'pcb_trace_38',
        'pcb_trace_36',     'pcb_trace_34',         'pcb_trace_33',
        'pcb_trace_29',     'pcb_trace_28',         'pcb_trace_26',
        'pcb_trace_25',     'pcb_trace_24',         'pcb_trace_23',
        'pcb_trace_20',     'pcb_trace_18',         'pcb_trace_16',
        'pcb_trace_13',     'pcb_trace_11',         'pcb_trace_9',
        'pcb_trace_8',      'pcb_trace_6',          'pcb_trace_5',
        'pcb_trace_3',      'pcb_trace_1',          'source_port_1023',
        'source_port_1019', 'source_port_1014',     'source_port_1010',
        'source_port_1006', 'source_port_1002',     'source_port_998',
        'source_port_994',  'source_port_990',      'source_port_986',
        'source_port_982',  'source_port_978',      'source_port_974',
        'source_port_970',  'source_port_967',      'source_port_963',
        'source_port_959',  'source_port_955',      'source_port_953',
        'source_port_945',  'source_port_943',      'source_port_939',
        'source_port_937',  'source_port_935',      'source_port_933',
        'source_port_927',  'source_port_923',      'source_port_919',
        'source_port_913',  'source_port_909',      'source_port_905',
        'source_port_903',  'source_port_899',      'source_port_897',
        'source_port_893',  'source_port_751',      'pcb_via_68',
        'pcb_port_1022',    'pcb_port_1023',        'pcb_via_66',
        'pcb_port_1018',    'pcb_port_1019',        'pcb_via_64',
        'pcb_port_1014',    'pcb_port_1015',        'pcb_via_62',
        'pcb_port_1010',    'pcb_port_1011',        'pcb_via_60',
        'pcb_port_1006',    'pcb_port_1007',        'pcb_via_58',
        'pcb_port_1002',    'pcb_port_1003',        'pcb_via_56',
        'pcb_port_998',     'pcb_port_999',         'pcb_via_54',
        'pcb_port_994',     'pcb_port_995',         'pcb_via_52',
        'pcb_port_990',
        ... 1132 more items
      ],
      offBoardConnectsTo: [ 'source_component_internal_connection_1' ],
      netIsAssignable: true
    },
    {
      circuitJsonMetadata: {
        pcb_smtpad_id: 'pcb_smtpad_98',
        pcb_port_id: 'pcb_port_98',
        source_component_name: 'U_SOC',
        source_port_name: 'J6'
      },
      componentId: 'pcb_component_0',
      type: 'rect',
      shape: 'circle',
      layers: [ 'top' ],
      center: { x: -0.4, y: -2.8 },
      width: 0.4,
      height: 0.4,
      connectedTo: [
        'pcb_smtpad_98',    'connectivity_net3933', 'pcb_trace_68',
        'pcb_trace_66',     'pcb_trace_64',         'pcb_trace_62',
        'pcb_trace_60',     'pcb_trace_58',         'pcb_trace_56',
        'pcb_trace_54',     'pcb_trace_52',         'pcb_trace_50',
        'pcb_trace_48',     'pcb_trace_46',         'pcb_trace_44',
        'pcb_trace_42',     'pcb_trace_40',         'pcb_trace_38',
        'pcb_trace_36',     'pcb_trace_34',         'pcb_trace_33',
        'pcb_trace_29',     'pcb_trace_28',         'pcb_trace_26',
        'pcb_trace_25',     'pcb_trace_24',         'pcb_trace_23',
        'pcb_trace_20',     'pcb_trace_18',         'pcb_trace_16',
        'pcb_trace_13',     'pcb_trace_11',         'pcb_trace_9',
        'pcb_trace_8',      'pcb_trace_6',          'pcb_trace_5',
        'pcb_trace_3',      'pcb_trace_1',          'source_port_1023',
        'source_port_1019', 'source_port_1014',     'source_port_1010',
        'source_port_1006', 'source_port_1002',     'source_port_998',
        'source_port_994',  'source_port_990',      'source_port_986',
        'source_port_982',  'source_port_978',      'source_port_974',
        'source_port_970',  'source_port_967',      'source_port_963',
        'source_port_959',  'source_port_955',      'source_port_953',
        'source_port_945',  'source_port_943',      'source_port_939',
        'source_port_937',  'source_port_935',      'source_port_933',
        'source_port_927',  'source_port_923',      'source_port_919',
        'source_port_913',  'source_port_909',      'source_port_905',
        'source_port_903',  'source_port_899',      'source_port_897',
        'source_port_893',  'source_port_751',      'pcb_via_68',
        'pcb_port_1022',    'pcb_port_1023',        'pcb_via_66',
        'pcb_port_1018',    'pcb_port_1019',        'pcb_via_64',
        'pcb_port_1014',    'pcb_port_1015',        'pcb_via_62',
        'pcb_port_1010',    'pcb_port_1011',        'pcb_via_60',
        'pcb_port_1006',    'pcb_port_1007',        'pcb_via_58',
        'pcb_port_1002',    'pcb_port_1003',        'pcb_via_56',
        'pcb_port_998',     'pcb_port_999',         'pcb_via_54',
        'pcb_port_994',     'pcb_port_995',         'pcb_via_52',
        'pcb_port_990',
        ... 1132 more items
      ],
      offBoardConnectsTo: [ 'source_component_internal_connection_1' ],
      netIsAssignable: true
    },
    {
      circuitJsonMetadata: {
        pcb_smtpad_id: 'pcb_smtpad_99',
        pcb_port_id: 'pcb_port_99',
        source_component_name: 'U_SOC',
        source_port_name: 'K6'
      },
      componentId: 'pcb_component_0',
      type: 'rect',
      shape: 'circle',
      layers: [ 'top' ],
      center: { x: 0.4, y: -2.8 },
      width: 0.4,
      height: 0.4,
      connectedTo: [
        'pcb_smtpad_99',    'connectivity_net833', 'source_trace_369',
        'source_port_569',  'source_trace_367',    'source_port_567',
        'source_trace_365', 'source_port_565',     'source_trace_363',
        'source_port_563',  'source_trace_361',    'source_port_561',
        'source_trace_359', 'source_port_559',     'source_trace_357',
        'source_port_557',  'source_trace_355',    'source_port_555',
        'source_trace_353', 'source_port_553',     'source_trace_303',
        'source_port_503',  'source_trace_288',    'source_port_488',
        'source_trace_253', 'source_port_448',     'source_trace_166',
        'source_port_228',  'source_trace_165',    'source_port_227',
        'source_trace_156', 'source_port_210',     'source_trace_153',
        'source_port_207',  'source_trace_152',    'source_port_206',
        'source_trace_143', 'source_port_191',     'source_trace_139',
        'source_port_187',  'source_trace_126',    'source_port_168',
        'source_trace_120', 'source_port_156',     'source_trace_118',
        'source_port_154',  'source_trace_106',    'source_port_138',
        'source_trace_104', 'source_port_136',     'source_trace_103',
        'source_port_135',  'source_trace_90',     'source_port_118',
        'source_trace_86',  'source_port_114',     'source_trace_85',
        'source_port_113',  'source_trace_76',     'source_port_100',
        'source_trace_75',  'source_port_99',      'source_trace_72',
        'source_port_96',   'source_trace_71',     'source_port_95',
        'source_net_7',     'pcb_smtpad_95',       'pcb_port_95',
        'pcb_smtpad_96',    'pcb_port_96',         'pcb_port_99',
        'pcb_smtpad_100',   'pcb_port_100',        'pcb_smtpad_113',
        'pcb_port_113',     'pcb_smtpad_114',      'pcb_port_114',
        'pcb_smtpad_118',   'pcb_port_118',        'pcb_smtpad_135',
        'pcb_port_135',     'pcb_smtpad_136',      'pcb_port_136',
        'pcb_smtpad_138',   'pcb_port_138',        'pcb_smtpad_154',
        'pcb_port_154',     'pcb_smtpad_156',      'pcb_port_156',
        'pcb_smtpad_168',   'pcb_port_168',        'pcb_smtpad_187',
        'pcb_port_187',     'pcb_smtpad_191',      'pcb_port_191',
        'pcb_smtpad_206',   'pcb_port_206',        'pcb_smtpad_207',
        'pcb_port_207',
        ... 30 more items
      ]
    },
    ... 857 more items
  ],
  expected: [
    {
      circuitJsonMetadata: {
        pcb_smtpad_id: 'pcb_smtpad_0',
        pcb_port_id: 'pcb_port_0',
        source_component_name: 'U_SOC',
        source_port_name: 'A1'
      },
      type: 'rect',
      shape: 'circle',
      layers: [ 'top' ],
      center: { x: -6.8, y: -6.8 },
      width: 0.4,
      height: 0.4,
      connectedTo: [
        'pcb_smtpad_0',     'connectivity_net3933', 'pcb_trace_68',
        'pcb_trace_66',     'pcb_trace_64',         'pcb_trace_62',
        'pcb_trace_60',     'pcb_trace_58',         'pcb_trace_56',
        'pcb_trace_54',     'pcb_trace_52',         'pcb_trace_50',
        'pcb_trace_48',     'pcb_trace_46',         'pcb_trace_44',
        'pcb_trace_42',     'pcb_trace_40',         'pcb_trace_38',
        'pcb_trace_36',     'pcb_trace_34',         'pcb_trace_33',
        'pcb_trace_29',     'pcb_trace_28',         'pcb_trace_26',
        'pcb_trace_25',     'pcb_trace_24',         'pcb_trace_23',
        'pcb_trace_20',     'pcb_trace_18',         'pcb_trace_16',
        'pcb_trace_13',     'pcb_trace_11',         'pcb_trace_9',
        'pcb_trace_8',      'pcb_trace_6',          'pcb_trace_5',
        'pcb_trace_3',      'pcb_trace_1',          'source_port_1023',
        'source_port_1019', 'source_port_1014',     'source_port_1010',
        'source_port_1006', 'source_port_1002',     'source_port_998',
        'source_port_994',  'source_port_990',      'source_port_986',
        'source_port_982',  'source_port_978',      'source_port_974',
        'source_port_970',  'source_port_967',      'source_port_963',
        'source_port_959',  'source_port_955',      'source_port_953',
        'source_port_945',  'source_port_943',      'source_port_939',
        'source_port_937',  'source_port_935',      'source_port_933',
        'source_port_927',  'source_port_923',      'source_port_919',
        'source_port_913',  'source_port_909',      'source_port_905',
        'source_port_903',  'source_port_899',      'source_port_897',
        'source_port_893',  'source_port_751',      'pcb_via_68',
        'pcb_port_1022',    'pcb_port_1023',        'pcb_via_66',
        'pcb_port_1018',    'pcb_port_1019',        'pcb_via_64',
        'pcb_port_1014',    'pcb_port_1015',        'pcb_via_62',
        'pcb_port_1010',    'pcb_port_1011',        'pcb_via_60',
        'pcb_port_1006',    'pcb_port_1007',        'pcb_via_58',
        'pcb_port_1002',    'pcb_port_1003',        'pcb_via_56',
        'pcb_port_998',     'pcb_port_999',         'pcb_via_54',
        'pcb_port_994',     'pcb_port_995',         'pcb_via_52',
        'pcb_port_990',
        ... 1132 more items
      ],
      offBoardConnectsTo: [ 'source_component_internal_connection_1' ],
      netIsAssignable: true
    },
    {
      circuitJsonMetadata: {
        pcb_smtpad_id: 'pcb_smtpad_1',
        pcb_port_id: 'pcb_port_1',
        source_component_name: 'U_SOC',
        source_port_name: 'B1'
      },
      type: 'rect',
      shape: 'circle',
      layers: [ 'top' ],
      center: { x: -6, y: -6.8 },
      width: 0.4,
      height: 0.4,
      connectedTo: [
        'pcb_smtpad_1',
        'connectivity_net34',
        'source_trace_8',
        'source_port_1',
        'source_port_353',
        'pcb_port_1',
        'pcb_smtpad_353',
        'pcb_port_353'
      ]
    },
    {
      circuitJsonMetadata: {
        pcb_smtpad_id: 'pcb_smtpad_2',
        pcb_port_id: 'pcb_port_2',
        source_component_name: 'U_SOC',
        source_port_name: 'C1'
      },
      type: 'rect',
      shape: 'circle',
      layers: [ 'top' ],
      center: { x: -5.2, y: -6.8 },
      width: 0.4,
      height: 0.4,
      connectedTo: [
        'pcb_smtpad_2',
        'connectivity_net82',
        'source_trace_24',
        'source_port_2',
        'source_port_370',
        'pcb_port_2',
        'pcb_smtpad_370',
        'pcb_port_370'
      ]
    },
    {
      circuitJsonMetadata: {
        pcb_smtpad_id: 'pcb_smtpad_3',
        pcb_port_id: 'pcb_port_3',
        source_component_name: 'U_SOC',
        source_port_name: 'D1'
      },
      type: 'rect',
      shape: 'circle',
      layers: [ 'top' ],
      center: { x: -4.4, y: -6.8 },
      width: 0.4,
      height: 0.4,
      connectedTo: [
        'pcb_smtpad_3',
        'connectivity_net112',
        'source_trace_34',
        'source_port_3',
        'source_port_381',
        'pcb_port_3',
        'pcb_smtpad_381',
        'pcb_port_381'
      ]
    },
    {
      circuitJsonMetadata: {
        pcb_smtpad_id: 'pcb_smtpad_4',
        pcb_port_id: 'pcb_port_4',
        source_component_name: 'U_SOC',
        source_port_name: 'E1'
      },
      type: 'rect',
      shape: 'circle',
      layers: [ 'top' ],
      center: { x: -3.6, y: -6.8 },
      width: 0.4,
      height: 0.4,
      connectedTo: [
        'pcb_smtpad_4',
        'connectivity_net142',
        'source_trace_44',
        'source_port_4',
        'source_port_400',
        'pcb_port_4',
        'pcb_smtpad_400',
        'pcb_port_400'
      ]
    },
    {
      circuitJsonMetadata: {
        pcb_smtpad_id: 'pcb_smtpad_5',
        pcb_port_id: 'pcb_port_5',
        source_component_name: 'U_SOC',
        source_port_name: 'F1'
      },
      type: 'rect',
      shape: 'circle',
      layers: [ 'top' ],
      center: { x: -2.8, y: -6.8 },
      width: 0.4,
      height: 0.4,
      connectedTo: [
        'pcb_smtpad_5',
        'connectivity_net67',
        'source_trace_19',
        'source_port_5',
        'source_port_365',
        'pcb_port_5',
        'pcb_smtpad_365',
        'pcb_port_365'
      ]
    },
    {
      circuitJsonMetadata: {
        pcb_smtpad_id: 'pcb_smtpad_6',
        pcb_port_id: 'pcb_port_6',
        source_component_name: 'U_SOC',
        source_port_name: 'G1'
      },
      type: 'rect',
      shape: 'circle',
      layers: [ 'top' ],
      center: { x: -2, y: -6.8 },
      width: 0.4,
      height: 0.4,
      connectedTo: [
        'pcb_smtpad_6',
        'connectivity_net10',
        'source_trace_0',
        'source_port_6',
        'source_port_333',
        'pcb_port_6',
        'pcb_smtpad_333',
        'pcb_port_333'
      ]
    },
    {
      circuitJsonMetadata: {
        pcb_smtpad_id: 'pcb_smtpad_7',
        pcb_port_id: 'pcb_port_7',
        source_component_name: 'U_SOC',
        source_port_name: 'H1'
      },
      type: 'rect',
      shape: 'circle',
      layers: [ 'top' ],
      center: { x: -1.2, y: -6.8 },
      width: 0.4,
      height: 0.4,
      connectedTo: [
        'pcb_smtpad_7',
        'connectivity_net121',
        'source_trace_37',
        'source_port_7',
        'source_port_385',
        'pcb_port_7',
        'pcb_smtpad_385',
        'pcb_port_385'
      ]
    },
    {
      circuitJsonMetadata: {
        pcb_smtpad_id: 'pcb_smtpad_8',
        pcb_port_id: 'pcb_port_8',
        source_component_name: 'U_SOC',
        source_port_name: 'J1'
      },
      type: 'rect',
      shape: 'circle',
      layers: [ 'top' ],
      center: { x: -0.4, y: -6.8 },
      width: 0.4,
      height: 0.4,
      connectedTo: [
        'pcb_smtpad_8',
        'connectivity_net13',
        'source_trace_1',
        'source_port_8',
        'source_port_390',
        'pcb_port_8',
        'pcb_smtpad_390',
        'pcb_port_390'
      ]
    },
    {
      circuitJsonMetadata: {
        pcb_smtpad_id: 'pcb_smtpad_9',
        pcb_port_id: 'pcb_port_9',
        source_component_name: 'U_SOC',
        source_port_name: 'K1'
      },
      type: 'rect',
      shape: 'circle',
      layers: [ 'top' ],
      center: { x: 0.4, y: -6.8 },
      width: 0.4,
      height: 0.4,
      connectedTo: [
        'pcb_smtpad_9',
        'connectivity_net16',
        'source_trace_2',
        'source_port_9',
        'source_port_372',
        'pcb_port_9',
        'pcb_smtpad_372',
        'pcb_port_372'
      ]
    },
    {
      circuitJsonMetadata: {
        pcb_smtpad_id: 'pcb_smtpad_10',
        pcb_port_id: 'pcb_port_10',
        source_component_name: 'U_SOC',
        source_port_name: 'L1'
      },
      type: 'rect',
      shape: 'circle',
      layers: [ 'top' ],
      center: { x: 1.2, y: -6.8 },
      width: 0.4,
      height: 0.4,
      connectedTo: [
        'pcb_smtpad_10',
        'connectivity_net94',
        'source_trace_28',
        'source_port_10',
        'source_port_374',
        'pcb_port_10',
        'pcb_smtpad_374',
        'pcb_port_374'
      ]
    },
    {
      circuitJsonMetadata: {
        pcb_smtpad_id: 'pcb_smtpad_11',
        pcb_port_id: 'pcb_port_11',
        source_component_name: 'U_SOC',
        source_port_name: 'M1'
      },
      type: 'rect',
      shape: 'circle',
      layers: [ 'top' ],
      center: { x: 2, y: -6.8 },
      width: 0.4,
      height: 0.4,
      connectedTo: [
        'pcb_smtpad_11',
        'connectivity_net133',
        'source_trace_41',
        'source_port_11',
        'source_port_389',
        'pcb_port_11',
        'pcb_smtpad_389',
        'pcb_port_389'
      ]
    },
    {
      circuitJsonMetadata: {
        pcb_smtpad_id: 'pcb_smtpad_12',
        pcb_port_id: 'pcb_port_12',
        source_component_name: 'U_SOC',
        source_port_name: 'N1'
      },
      type: 'rect',
      shape: 'circle',
      layers: [ 'top' ],
      center: { x: 2.8, y: -6.8 },
      width: 0.4,
      height: 0.4,
      connectedTo: [
        'pcb_smtpad_12',
        'connectivity_net19',
        'source_trace_3',
        'source_port_12',
        'source_port_360',
        'pcb_port_12',
        'pcb_smtpad_360',
        'pcb_port_360'
      ]
    },
    {
      circuitJsonMetadata: {
        pcb_smtpad_id: 'pcb_smtpad_13',
        pcb_port_id: 'pcb_port_13',
        source_component_name: 'U_SOC',
        source_port_name: 'P1'
      },
      type: 'rect',
      shape: 'circle',
      layers: [ 'top' ],
      center: { x: 3.6, y: -6.8 },
      width: 0.4,
      height: 0.4,
      connectedTo: [
        'pcb_smtpad_13',
        'connectivity_net55',
        'source_trace_15',
        'source_port_13',
        'source_port_361',
        'pcb_port_13',
        'pcb_smtpad_361',
        'pcb_port_361'
      ]
    },
    {
      circuitJsonMetadata: {
        pcb_smtpad_id: 'pcb_smtpad_14',
        pcb_port_id: 'pcb_port_14',
        source_component_name: 'U_SOC',
        source_port_name: 'R1'
      },
      type: 'rect',
      shape: 'circle',
      layers: [ 'top' ],
      center: { x: 4.4, y: -6.8 },
      width: 0.4,
      height: 0.4,
      connectedTo: [
        'pcb_smtpad_14',
        'connectivity_net1231',
        'source_trace_567',
        'source_port_766',
        'source_trace_565',
        'source_port_14',
        'source_net_41',
        'pcb_port_14',
        'pcb_smtpad_757',
        'pcb_port_766'
      ]
    },
    {
      circuitJsonMetadata: {
        pcb_smtpad_id: 'pcb_smtpad_15',
        pcb_port_id: 'pcb_port_15',
        source_component_name: 'U_SOC',
        source_port_name: 'T1'
      },
      type: 'rect',
      shape: 'circle',
      layers: [ 'top' ],
      center: { x: 5.2, y: -6.8 },
      width: 0.4,
      height: 0.4,
      connectedTo: [
        'pcb_smtpad_15',
        'connectivity_net1259',
        'source_trace_579',
        'source_port_774',
        'source_trace_577',
        'source_port_15',
        'source_net_45',
        'pcb_port_15',
        'pcb_smtpad_765',
        'pcb_port_774'
      ]
    },
    {
      circuitJsonMetadata: {
        pcb_smtpad_id: 'pcb_smtpad_16',
        pcb_port_id: 'pcb_port_16',
        source_component_name: 'U_SOC',
        source_port_name: 'U1'
      },
      type: 'rect',
      shape: 'circle',
      layers: [ 'top' ],
      center: { x: 6, y: -6.8 },
      width: 0.4,
      height: 0.4,
      connectedTo: [
        'pcb_smtpad_16',
        'connectivity_net1287',
        'source_trace_591',
        'source_port_782',
        'source_trace_589',
        'source_port_16',
        'source_net_49',
        'pcb_port_16',
        'pcb_smtpad_773',
        'pcb_port_782'
      ]
    },
    {
      circuitJsonMetadata: {
        pcb_smtpad_id: 'pcb_smtpad_17',
        pcb_port_id: 'pcb_port_17',
        source_component_name: 'U_SOC',
        source_port_name: 'V1'
      },
      type: 'rect',
      shape: 'circle',
      layers: [ 'top' ],
      center: { x: 6.8, y: -6.8 },
      width: 0.4,
      height: 0.4,
      connectedTo: [
        'pcb_smtpad_17',    'connectivity_net3933', 'pcb_trace_68',
        'pcb_trace_66',     'pcb_trace_64',         'pcb_trace_62',
        'pcb_trace_60',     'pcb_trace_58',         'pcb_trace_56',
        'pcb_trace_54',     'pcb_trace_52',         'pcb_trace_50',
        'pcb_trace_48',     'pcb_trace_46',         'pcb_trace_44',
        'pcb_trace_42',     'pcb_trace_40',         'pcb_trace_38',
        'pcb_trace_36',     'pcb_trace_34',         'pcb_trace_33',
        'pcb_trace_29',     'pcb_trace_28',         'pcb_trace_26',
        'pcb_trace_25',     'pcb_trace_24',         'pcb_trace_23',
        'pcb_trace_20',     'pcb_trace_18',         'pcb_trace_16',
        'pcb_trace_13',     'pcb_trace_11',         'pcb_trace_9',
        'pcb_trace_8',      'pcb_trace_6',          'pcb_trace_5',
        'pcb_trace_3',      'pcb_trace_1',          'source_port_1023',
        'source_port_1019', 'source_port_1014',     'source_port_1010',
        'source_port_1006', 'source_port_1002',     'source_port_998',
        'source_port_994',  'source_port_990',      'source_port_986',
        'source_port_982',  'source_port_978',      'source_port_974',
        'source_port_970',  'source_port_967',      'source_port_963',
        'source_port_959',  'source_port_955',      'source_port_953',
        'source_port_945',  'source_port_943',      'source_port_939',
        'source_port_937',  'source_port_935',      'source_port_933',
        'source_port_927',  'source_port_923',      'source_port_919',
        'source_port_913',  'source_port_909',      'source_port_905',
        'source_port_903',  'source_port_899',      'source_port_897',
        'source_port_893',  'source_port_751',      'pcb_via_68',
        'pcb_port_1022',    'pcb_port_1023',        'pcb_via_66',
        'pcb_port_1018',    'pcb_port_1019',        'pcb_via_64',
        'pcb_port_1014',    'pcb_port_1015',        'pcb_via_62',
        'pcb_port_1010',    'pcb_port_1011',        'pcb_via_60',
        'pcb_port_1006',    'pcb_port_1007',        'pcb_via_58',
        'pcb_port_1002',    'pcb_port_1003',        'pcb_via_56',
        'pcb_port_998',     'pcb_port_999',         'pcb_via_54',
        'pcb_port_994',     'pcb_port_995',         'pcb_via_52',
        'pcb_port_990',
        ... 1132 more items
      ],
      offBoardConnectsTo: [ 'source_component_internal_connection_1' ],
      netIsAssignable: true
    },
    {
      circuitJsonMetadata: {
        pcb_smtpad_id: 'pcb_smtpad_18',
        pcb_port_id: 'pcb_port_18',
        source_component_name: 'U_SOC',
        source_port_name: 'A2'
      },
      type: 'rect',
      shape: 'circle',
      layers: [ 'top' ],
      center: { x: -6.8, y: -6 },
      width: 0.4,
      height: 0.4,
      connectedTo: [
        'pcb_smtpad_18',    'connectivity_net857', 'source_trace_381',
        'source_port_581',  'source_trace_379',    'source_port_579',
        'source_trace_377', 'source_port_577',     'source_trace_375',
        'source_port_575',  'source_trace_373',    'source_port_573',
        'source_trace_371', 'source_port_571',     'source_trace_301',
        'source_port_501',  'source_trace_286',    'source_port_486',
        'source_trace_248', 'source_port_443',     'source_trace_162',
        'source_port_224',  'source_trace_161',    'source_port_223',
        'source_trace_160', 'source_port_222',     'source_trace_159',
        'source_port_221',  'source_trace_149',    'source_port_203',
        'source_trace_137', 'source_port_185',     'source_trace_125',
        'source_port_167',  'source_trace_51',     'source_port_18',
        'source_net_6',     'pcb_port_18',         'pcb_smtpad_167',
        'pcb_port_167',     'pcb_smtpad_185',      'pcb_port_185',
        'pcb_smtpad_203',   'pcb_port_203',        'pcb_smtpad_221',
        'pcb_port_221',     'pcb_smtpad_222',      'pcb_port_222',
        'pcb_smtpad_223',   'pcb_port_223',        'pcb_smtpad_224',
        'pcb_port_224',     'pcb_smtpad_455',      'pcb_port_443',
        'pcb_smtpad_482',   'pcb_port_486',        'pcb_smtpad_498',
        'pcb_port_501',     'pcb_smtpad_568',      'pcb_port_571',
        'pcb_smtpad_570',   'pcb_port_573',        'pcb_smtpad_572',
        'pcb_port_575',     'pcb_smtpad_574',      'pcb_port_577',
        'pcb_smtpad_576',   'pcb_port_579',        'pcb_smtpad_578',
        'pcb_port_581'
      ]
    },
    {
      circuitJsonMetadata: {
        pcb_smtpad_id: 'pcb_smtpad_19',
        pcb_port_id: 'pcb_port_19',
        source_component_name: 'U_SOC',
        source_port_name: 'B2'
      },
      type: 'rect',
      shape: 'circle',
      layers: [ 'top' ],
      center: { x: -6, y: -6 },
      width: 0.4,
      height: 0.4,
      connectedTo: [
        'pcb_smtpad_19',
        'connectivity_net70',
        'source_trace_20',
        'source_port_19',
        'source_port_366',
        'pcb_port_19',
        'pcb_smtpad_366',
        'pcb_port_366'
      ]
    },
    {
      circuitJsonMetadata: {
        pcb_smtpad_id: 'pcb_smtpad_20',
        pcb_port_id: 'pcb_port_20',
        source_component_name: 'U_SOC',
        source_port_name: 'C2'
      },
      type: 'rect',
      shape: 'circle',
      layers: [ 'top' ],
      center: { x: -5.2, y: -6 },
      width: 0.4,
      height: 0.4,
      connectedTo: [
        'pcb_smtpad_20',
        'connectivity_net145',
        'source_trace_45',
        'source_port_20',
        'source_port_401',
        'pcb_port_20',
        'pcb_smtpad_401',
        'pcb_port_401'
      ]
    },
    {
      circuitJsonMetadata: {
        pcb_smtpad_id: 'pcb_smtpad_21',
        pcb_port_id: 'pcb_port_21',
        source_component_name: 'U_SOC',
        source_port_name: 'D2'
      },
      type: 'rect',
      shape: 'circle',
      layers: [ 'top' ],
      center: { x: -4.4, y: -6 },
      width: 0.4,
      height: 0.4,
      connectedTo: [
        'pcb_smtpad_21',
        'connectivity_net109',
        'source_trace_33',
        'source_port_21',
        'source_port_380',
        'pcb_port_21',
        'pcb_smtpad_380',
        'pcb_port_380'
      ]
    },
    {
      circuitJsonMetadata: {
        pcb_smtpad_id: 'pcb_smtpad_22',
        pcb_port_id: 'pcb_port_22',
        source_component_name: 'U_SOC',
        source_port_name: 'E2'
      },
      type: 'rect',
      shape: 'circle',
      layers: [ 'top' ],
      center: { x: -3.6, y: -6 },
      width: 0.4,
      height: 0.4,
      connectedTo: [
        'pcb_smtpad_22',
        'connectivity_net37',
        'source_trace_9',
        'source_port_22',
        'source_port_354',
        'pcb_port_22',
        'pcb_smtpad_354',
        'pcb_port_354'
      ]
    },
    {
      circuitJsonMetadata: {
        pcb_smtpad_id: 'pcb_smtpad_23',
        pcb_port_id: 'pcb_port_23',
        source_component_name: 'U_SOC',
        source_port_name: 'F2'
      },
      type: 'rect',
      shape: 'circle',
      layers: [ 'top' ],
      center: { x: -2.8, y: -6 },
      width: 0.4,
      height: 0.4,
      connectedTo: [
        'pcb_smtpad_23',
        'connectivity_net124',
        'source_trace_38',
        'source_port_23',
        'source_port_386',
        'pcb_port_23',
        'pcb_smtpad_386',
        'pcb_port_386'
      ]
    },
    {
      circuitJsonMetadata: {
        pcb_smtpad_id: 'pcb_smtpad_24',
        pcb_port_id: 'pcb_port_24',
        source_component_name: 'U_SOC',
        source_port_name: 'G2'
      },
      type: 'rect',
      shape: 'circle',
      layers: [ 'top' ],
      center: { x: -2, y: -6 },
      width: 0.4,
      height: 0.4,
      connectedTo: [
        'pcb_smtpad_24',
        'connectivity_net40',
        'source_trace_10',
        'source_port_24',
        'source_port_355',
        'pcb_port_24',
        'pcb_smtpad_355',
        'pcb_port_355'
      ]
    },
    {
      circuitJsonMetadata: {
        pcb_smtpad_id: 'pcb_smtpad_25',
        pcb_port_id: 'pcb_port_25',
        source_component_name: 'U_SOC',
        source_port_name: 'H2'
      },
      type: 'rect',
      shape: 'circle',
      layers: [ 'top' ],
      center: { x: -1.2, y: -6 },
      width: 0.4,
      height: 0.4,
      connectedTo: [
        'pcb_smtpad_25',
        'connectivity_net25',
        'source_trace_5',
        'source_port_25',
        'source_port_350',
        'pcb_port_25',
        'pcb_smtpad_350',
        'pcb_port_350'
      ]
    },
    {
      circuitJsonMetadata: {
        pcb_smtpad_id: 'pcb_smtpad_26',
        pcb_port_id: 'pcb_port_26',
        source_component_name: 'U_SOC',
        source_port_name: 'J2'
      },
      type: 'rect',
      shape: 'circle',
      layers: [ 'top' ],
      center: { x: -0.4, y: -6 },
      width: 0.4,
      height: 0.4,
      connectedTo: [
        'pcb_smtpad_26',
        'connectivity_net49',
        'source_trace_13',
        'source_port_26',
        'source_port_359',
        'pcb_port_26',
        'pcb_smtpad_359',
        'pcb_port_359'
      ]
    },
    {
      circuitJsonMetadata: {
        pcb_smtpad_id: 'pcb_smtpad_27',
        pcb_port_id: 'pcb_port_27',
        source_component_name: 'U_SOC',
        source_port_name: 'K2'
      },
      type: 'rect',
      shape: 'circle',
      layers: [ 'top' ],
      center: { x: 0.4, y: -6 },
      width: 0.4,
      height: 0.4,
      connectedTo: [
        'pcb_smtpad_27',
        'connectivity_net43',
        'source_trace_11',
        'source_port_27',
        'source_port_358',
        'pcb_port_27',
        'pcb_smtpad_358',
        'pcb_port_358'
      ]
    },
    {
      circuitJsonMetadata: {
        pcb_smtpad_id: 'pcb_smtpad_28',
        pcb_port_id: 'pcb_port_28',
        source_component_name: 'U_SOC',
        source_port_name: 'L2'
      },
      type: 'rect',
      shape: 'circle',
      layers: [ 'top' ],
      center: { x: 1.2, y: -6 },
      width: 0.4,
      height: 0.4,
      connectedTo: [
        'pcb_smtpad_28',
        'connectivity_net91',
        'source_trace_27',
        'source_port_28',
        'source_port_373',
        'pcb_port_28',
        'pcb_smtpad_373',
        'pcb_port_373'
      ]
    },
    {
      circuitJsonMetadata: {
        pcb_smtpad_id: 'pcb_smtpad_29',
        pcb_port_id: 'pcb_port_29',
        source_component_name: 'U_SOC',
        source_port_name: 'M2'
      },
      type: 'rect',
      shape: 'circle',
      layers: [ 'top' ],
      center: { x: 2, y: -6 },
      width: 0.4,
      height: 0.4,
      connectedTo: [
        'pcb_smtpad_29',
        'connectivity_net100',
        'source_trace_30',
        'source_port_29',
        'source_port_376',
        'pcb_port_29',
        'pcb_smtpad_376',
        'pcb_port_376'
      ]
    },
    {
      circuitJsonMetadata: {
        pcb_smtpad_id: 'pcb_smtpad_30',
        pcb_port_id: 'pcb_port_30',
        source_component_name: 'U_SOC',
        source_port_name: 'N2'
      },
      type: 'rect',
      shape: 'circle',
      layers: [ 'top' ],
      center: { x: 2.8, y: -6 },
      width: 0.4,
      height: 0.4,
      connectedTo: [
        'pcb_smtpad_30',
        'connectivity_net136',
        'source_trace_42',
        'source_port_30',
        'source_port_363',
        'pcb_port_30',
        'pcb_smtpad_363',
        'pcb_port_363'
      ]
    },
    {
      circuitJsonMetadata: {
        pcb_smtpad_id: 'pcb_smtpad_31',
        pcb_port_id: 'pcb_port_31',
        source_component_name: 'U_SOC',
        source_port_name: 'P2'
      },
      type: 'rect',
      shape: 'circle',
      layers: [ 'top' ],
      center: { x: 3.6, y: -6 },
      width: 0.4,
      height: 0.4,
      connectedTo: [
        'pcb_smtpad_31',
        'connectivity_net58',
        'source_trace_16',
        'source_port_31',
        'source_port_362',
        'pcb_port_31',
        'pcb_smtpad_362',
        'pcb_port_362'
      ]
    },
    {
      circuitJsonMetadata: {
        pcb_smtpad_id: 'pcb_smtpad_32',
        pcb_port_id: 'pcb_port_32',
        source_component_name: 'U_SOC',
        source_port_name: 'R2'
      },
      type: 'rect',
      shape: 'circle',
      layers: [ 'top' ],
      center: { x: 4.4, y: -6 },
      width: 0.4,
      height: 0.4,
      connectedTo: [
        'pcb_smtpad_32',
        'connectivity_net1238',
        'source_trace_570',
        'source_port_768',
        'source_trace_568',
        'source_port_32',
        'source_net_42',
        'pcb_port_32',
        'pcb_smtpad_759',
        'pcb_port_768'
      ]
    },
    {
      circuitJsonMetadata: {
        pcb_smtpad_id: 'pcb_smtpad_33',
        pcb_port_id: 'pcb_port_33',
        source_component_name: 'U_SOC',
        source_port_name: 'T2'
      },
      type: 'rect',
      shape: 'circle',
      layers: [ 'top' ],
      center: { x: 5.2, y: -6 },
      width: 0.4,
      height: 0.4,
      connectedTo: [
        'pcb_smtpad_33',
        'connectivity_net1266',
        'source_trace_582',
        'source_port_776',
        'source_trace_580',
        'source_port_33',
        'source_net_46',
        'pcb_port_33',
        'pcb_smtpad_767',
        'pcb_port_776'
      ]
    },
    {
      circuitJsonMetadata: {
        pcb_smtpad_id: 'pcb_smtpad_34',
        pcb_port_id: 'pcb_port_34',
        source_component_name: 'U_SOC',
        source_port_name: 'U2'
      },
      type: 'rect',
      shape: 'circle',
      layers: [ 'top' ],
      center: { x: 6, y: -6 },
      width: 0.4,
      height: 0.4,
      connectedTo: [
        'pcb_smtpad_34',
        'connectivity_net1294',
        'source_trace_594',
        'source_port_784',
        'source_trace_592',
        'source_port_34',
        'source_net_50',
        'pcb_port_34',
        'pcb_smtpad_775',
        'pcb_port_784'
      ]
    },
    {
      circuitJsonMetadata: {
        pcb_smtpad_id: 'pcb_smtpad_35',
        pcb_port_id: 'pcb_port_35',
        source_component_name: 'U_SOC',
        source_port_name: 'V2'
      },
      type: 'rect',
      shape: 'circle',
      layers: [ 'top' ],
      center: { x: 6.8, y: -6 },
      width: 0.4,
      height: 0.4,
      connectedTo: [
        'pcb_smtpad_35',
        'connectivity_net1315',
        'source_trace_603',
        'source_port_790',
        'source_trace_601',
        'source_port_35',
        'source_net_53',
        'pcb_port_35',
        'pcb_smtpad_781',
        'pcb_port_790'
      ]
    },
    {
      circuitJsonMetadata: {
        pcb_smtpad_id: 'pcb_smtpad_36',
        pcb_port_id: 'pcb_port_36',
        source_component_name: 'U_SOC',
        source_port_name: 'A3'
      },
      type: 'rect',
      shape: 'circle',
      layers: [ 'top' ],
      center: { x: -6.8, y: -5.2 },
      width: 0.4,
      height: 0.4,
      connectedTo: [
        'pcb_smtpad_36',
        'connectivity_net3680',
        'source_port_36',
        'pcb_port_36'
      ]
    },
    {
      circuitJsonMetadata: {
        pcb_smtpad_id: 'pcb_smtpad_37',
        pcb_port_id: 'pcb_port_37',
        source_component_name: 'U_SOC',
        source_port_name: 'B3'
      },
      type: 'rect',
      shape: 'circle',
      layers: [ 'top' ],
      center: { x: -6, y: -5.2 },
      width: 0.4,
      height: 0.4,
      connectedTo: [
        'pcb_smtpad_37',
        'connectivity_net73',
        'source_trace_21',
        'source_port_37',
        'source_port_367',
        'pcb_port_37',
        'pcb_smtpad_367',
        'pcb_port_367'
      ]
    },
    {
      circuitJsonMetadata: {
        pcb_smtpad_id: 'pcb_smtpad_38',
        pcb_port_id: 'pcb_port_38',
        source_component_name: 'U_SOC',
        source_port_name: 'C3'
      },
      type: 'rect',
      shape: 'circle',
      layers: [ 'top' ],
      center: { x: -5.2, y: -5.2 },
      width: 0.4,
      height: 0.4,
      connectedTo: [
        'pcb_smtpad_38',
        'connectivity_net31',
        'source_trace_7',
        'source_port_38',
        'source_port_352',
        'pcb_port_38',
        'pcb_smtpad_352',
        'pcb_port_352'
      ]
    },
    {
      circuitJsonMetadata: {
        pcb_smtpad_id: 'pcb_smtpad_39',
        pcb_port_id: 'pcb_port_39',
        source_component_name: 'U_SOC',
        source_port_name: 'D3'
      },
      type: 'rect',
      shape: 'circle',
      layers: [ 'top' ],
      center: { x: -4.4, y: -5.2 },
      width: 0.4,
      height: 0.4,
      connectedTo: [
        'pcb_smtpad_39',
        'connectivity_net3681',
        'source_port_39',
        'pcb_port_39'
      ]
    },
    {
      circuitJsonMetadata: {
        pcb_smtpad_id: 'pcb_smtpad_40',
        pcb_port_id: 'pcb_port_40',
        source_component_name: 'U_SOC',
        source_port_name: 'E3'
      },
      type: 'rect',
      shape: 'circle',
      layers: [ 'top' ],
      center: { x: -3.6, y: -5.2 },
      width: 0.4,
      height: 0.4,
      connectedTo: [
        'pcb_smtpad_40',
        'connectivity_net118',
        'source_trace_36',
        'source_port_40',
        'source_port_384',
        'pcb_port_40',
        'pcb_smtpad_384',
        'pcb_port_384'
      ]
    },
    {
      circuitJsonMetadata: {
        pcb_smtpad_id: 'pcb_smtpad_41',
        pcb_port_id: 'pcb_port_41',
        source_component_name: 'U_SOC',
        source_port_name: 'F3'
      },
      type: 'rect',
      shape: 'circle',
      layers: [ 'top' ],
      center: { x: -2.8, y: -5.2 },
      width: 0.4,
      height: 0.4,
      connectedTo: [
        'pcb_smtpad_41',
        'connectivity_net76',
        'source_trace_22',
        'source_port_41',
        'source_port_368',
        'pcb_port_41',
        'pcb_smtpad_368',
        'pcb_port_368'
      ]
    },
    {
      circuitJsonMetadata: {
        pcb_smtpad_id: 'pcb_smtpad_42',
        pcb_port_id: 'pcb_port_42',
        source_component_name: 'U_SOC',
        source_port_name: 'G3'
      },
      type: 'rect',
      shape: 'circle',
      layers: [ 'top' ],
      center: { x: -2, y: -5.2 },
      width: 0.4,
      height: 0.4,
      connectedTo: [
        'pcb_smtpad_42',
        'connectivity_net154',
        'source_trace_48',
        'source_port_42',
        'source_port_413',
        'pcb_port_42',
        'pcb_smtpad_413',
        'pcb_port_413'
      ]
    },
    {
      circuitJsonMetadata: {
        pcb_smtpad_id: 'pcb_smtpad_43',
        pcb_port_id: 'pcb_port_43',
        source_component_name: 'U_SOC',
        source_port_name: 'H3'
      },
      type: 'rect',
      shape: 'circle',
      layers: [ 'top' ],
      center: { x: -1.2, y: -5.2 },
      width: 0.4,
      height: 0.4,
      connectedTo: [
        'pcb_smtpad_43',
        'connectivity_net85',
        'source_trace_25',
        'source_port_43',
        'source_port_371',
        'pcb_port_43',
        'pcb_smtpad_371',
        'pcb_port_371'
      ]
    },
    {
      circuitJsonMetadata: {
        pcb_smtpad_id: 'pcb_smtpad_44',
        pcb_port_id: 'pcb_port_44',
        source_component_name: 'U_SOC',
        source_port_name: 'J3'
      },
      type: 'rect',
      shape: 'circle',
      layers: [ 'top' ],
      center: { x: -0.4, y: -5.2 },
      width: 0.4,
      height: 0.4,
      connectedTo: [
        'pcb_smtpad_44',
        'connectivity_net793',
        'source_trace_349',
        'source_port_549',
        'source_trace_52',
        'source_port_44',
        'source_net_13',
        'pcb_port_44',
        'pcb_smtpad_546',
        'pcb_port_549'
      ]
    },
    {
      circuitJsonMetadata: {
        pcb_smtpad_id: 'pcb_smtpad_45',
        pcb_port_id: 'pcb_port_45',
        source_component_name: 'U_SOC',
        source_port_name: 'K3'
      },
      type: 'rect',
      shape: 'circle',
      layers: [ 'top' ],
      center: { x: 0.4, y: -5.2 },
      width: 0.4,
      height: 0.4,
      connectedTo: [
        'pcb_smtpad_45',
        'connectivity_net46',
        'source_trace_12',
        'source_port_45',
        'source_port_340',
        'pcb_port_45',
        'pcb_smtpad_340',
        'pcb_port_340'
      ]
    },
    {
      circuitJsonMetadata: {
        pcb_smtpad_id: 'pcb_smtpad_46',
        pcb_port_id: 'pcb_port_46',
        source_component_name: 'U_SOC',
        source_port_name: 'L3'
      },
      type: 'rect',
      shape: 'circle',
      layers: [ 'top' ],
      center: { x: 1.2, y: -5.2 },
      width: 0.4,
      height: 0.4,
      connectedTo: [
        'pcb_smtpad_46',
        'connectivity_net97',
        'source_trace_29',
        'source_port_46',
        'source_port_342',
        'pcb_port_46',
        'pcb_smtpad_342',
        'pcb_port_342'
      ]
    },
    {
      circuitJsonMetadata: {
        pcb_smtpad_id: 'pcb_smtpad_47',
        pcb_port_id: 'pcb_port_47',
        source_component_name: 'U_SOC',
        source_port_name: 'M3'
      },
      type: 'rect',
      shape: 'circle',
      layers: [ 'top' ],
      center: { x: 2, y: -5.2 },
      width: 0.4,
      height: 0.4,
      connectedTo: [
        'pcb_smtpad_47',
        'connectivity_net52',
        'source_trace_14',
        'source_port_47',
        'source_port_345',
        'pcb_port_47',
        'pcb_smtpad_345',
        'pcb_port_345'
      ]
    },
    {
      circuitJsonMetadata: {
        pcb_smtpad_id: 'pcb_smtpad_48',
        pcb_port_id: 'pcb_port_48',
        source_component_name: 'U_SOC',
        source_port_name: 'N3'
      },
      type: 'rect',
      shape: 'circle',
      layers: [ 'top' ],
      center: { x: 2.8, y: -5.2 },
      width: 0.4,
      height: 0.4,
      connectedTo: [
        'pcb_smtpad_48',
        'connectivity_net61',
        'source_trace_17',
        'source_port_48',
        'source_port_377',
        'pcb_port_48',
        'pcb_smtpad_377',
        'pcb_port_377'
      ]
    },
    {
      circuitJsonMetadata: {
        pcb_smtpad_id: 'pcb_smtpad_49',
        pcb_port_id: 'pcb_port_49',
        source_component_name: 'U_SOC',
        source_port_name: 'P3'
      },
      type: 'rect',
      shape: 'circle',
      layers: [ 'top' ],
      center: { x: 3.6, y: -5.2 },
      width: 0.4,
      height: 0.4,
      connectedTo: [
        'pcb_smtpad_49',
        'connectivity_net22',
        'source_trace_4',
        'source_port_49',
        'source_port_393',
        'pcb_port_49',
        'pcb_smtpad_393',
        'pcb_port_393'
      ]
    },
    {
      circuitJsonMetadata: {
        pcb_smtpad_id: 'pcb_smtpad_50',
        pcb_port_id: 'pcb_port_50',
        source_component_name: 'U_SOC',
        source_port_name: 'R3'
      },
      type: 'rect',
      shape: 'circle',
      layers: [ 'top' ],
      center: { x: 4.4, y: -5.2 },
      width: 0.4,
      height: 0.4,
      connectedTo: [
        'pcb_smtpad_50',
        'connectivity_net1245',
        'source_trace_573',
        'source_port_770',
        'source_trace_571',
        'source_port_50',
        'source_net_43',
        'pcb_port_50',
        'pcb_smtpad_761',
        'pcb_port_770'
      ]
    },
    {
      circuitJsonMetadata: {
        pcb_smtpad_id: 'pcb_smtpad_51',
        pcb_port_id: 'pcb_port_51',
        source_component_name: 'U_SOC',
        source_port_name: 'T3'
      },
      type: 'rect',
      shape: 'circle',
      layers: [ 'top' ],
      center: { x: 5.2, y: -5.2 },
      width: 0.4,
      height: 0.4,
      connectedTo: [
        'pcb_smtpad_51',
        'connectivity_net1273',
        'source_trace_585',
        'source_port_778',
        'source_trace_583',
        'source_port_51',
        'source_net_47',
        'pcb_port_51',
        'pcb_smtpad_769',
        'pcb_port_778'
      ]
    },
    {
      circuitJsonMetadata: {
        pcb_smtpad_id: 'pcb_smtpad_52',
        pcb_port_id: 'pcb_port_52',
        source_component_name: 'U_SOC',
        source_port_name: 'U3'
      },
      type: 'rect',
      shape: 'circle',
      layers: [ 'top' ],
      center: { x: 6, y: -5.2 },
      width: 0.4,
      height: 0.4,
      connectedTo: [
        'pcb_smtpad_52',
        'connectivity_net1301',
        'source_trace_597',
        'source_port_786',
        'source_trace_595',
        'source_port_52',
        'source_net_51',
        'pcb_port_52',
        'pcb_smtpad_777',
        'pcb_port_786'
      ]
    },
    {
      circuitJsonMetadata: {
        pcb_smtpad_id: 'pcb_smtpad_53',
        pcb_port_id: 'pcb_port_53',
        source_component_name: 'U_SOC',
        source_port_name: 'V3'
      },
      type: 'rect',
      shape: 'circle',
      layers: [ 'top' ],
      center: { x: 6.8, y: -5.2 },
      width: 0.4,
      height: 0.4,
      connectedTo: [
        'pcb_smtpad_53',
        'connectivity_net1322',
        'source_trace_606',
        'source_port_792',
        'source_trace_604',
        'source_port_53',
        'source_net_54',
        'pcb_port_53',
        'pcb_smtpad_783',
        'pcb_port_792'
      ]
    },
    {
      circuitJsonMetadata: {
        pcb_smtpad_id: 'pcb_smtpad_54',
        pcb_port_id: 'pcb_port_54',
        source_component_name: 'U_SOC',
        source_port_name: 'A4'
      },
      type: 'rect',
      shape: 'circle',
      layers: [ 'top' ],
      center: { x: -6.8, y: -4.4 },
      width: 0.4,
      height: 0.4,
      connectedTo: [
        'pcb_smtpad_54',
        'connectivity_net3682',
        'source_port_54',
        'pcb_port_54'
      ]
    },
    {
      circuitJsonMetadata: {
        pcb_smtpad_id: 'pcb_smtpad_55',
        pcb_port_id: 'pcb_port_55',
        source_component_name: 'U_SOC',
        source_port_name: 'B4'
      },
      type: 'rect',
      shape: 'circle',
      layers: [ 'top' ],
      center: { x: -6, y: -4.4 },
      width: 0.4,
      height: 0.4,
      connectedTo: [
        'pcb_smtpad_55',    'connectivity_net3933', 'pcb_trace_68',
        'pcb_trace_66',     'pcb_trace_64',         'pcb_trace_62',
        'pcb_trace_60',     'pcb_trace_58',         'pcb_trace_56',
        'pcb_trace_54',     'pcb_trace_52',         'pcb_trace_50',
        'pcb_trace_48',     'pcb_trace_46',         'pcb_trace_44',
        'pcb_trace_42',     'pcb_trace_40',         'pcb_trace_38',
        'pcb_trace_36',     'pcb_trace_34',         'pcb_trace_33',
        'pcb_trace_29',     'pcb_trace_28',         'pcb_trace_26',
        'pcb_trace_25',     'pcb_trace_24',         'pcb_trace_23',
        'pcb_trace_20',     'pcb_trace_18',         'pcb_trace_16',
        'pcb_trace_13',     'pcb_trace_11',         'pcb_trace_9',
        'pcb_trace_8',      'pcb_trace_6',          'pcb_trace_5',
        'pcb_trace_3',      'pcb_trace_1',          'source_port_1023',
        'source_port_1019', 'source_port_1014',     'source_port_1010',
        'source_port_1006', 'source_port_1002',     'source_port_998',
        'source_port_994',  'source_port_990',      'source_port_986',
        'source_port_982',  'source_port_978',      'source_port_974',
        'source_port_970',  'source_port_967',      'source_port_963',
        'source_port_959',  'source_port_955',      'source_port_953',
        'source_port_945',  'source_port_943',      'source_port_939',
        'source_port_937',  'source_port_935',      'source_port_933',
        'source_port_927',  'source_port_923',      'source_port_919',
        'source_port_913',  'source_port_909',      'source_port_905',
        'source_port_903',  'source_port_899',      'source_port_897',
        'source_port_893',  'source_port_751',      'pcb_via_68',
        'pcb_port_1022',    'pcb_port_1023',        'pcb_via_66',
        'pcb_port_1018',    'pcb_port_1019',        'pcb_via_64',
        'pcb_port_1014',    'pcb_port_1015',        'pcb_via_62',
        'pcb_port_1010',    'pcb_port_1011',        'pcb_via_60',
        'pcb_port_1006',    'pcb_port_1007',        'pcb_via_58',
        'pcb_port_1002',    'pcb_port_1003',        'pcb_via_56',
        'pcb_port_998',     'pcb_port_999',         'pcb_via_54',
        'pcb_port_994',     'pcb_port_995',         'pcb_via_52',
        'pcb_port_990',
        ... 1132 more items
      ],
      offBoardConnectsTo: [ 'source_component_internal_connection_1' ],
      netIsAssignable: true
    },
    {
      circuitJsonMetadata: {
        pcb_smtpad_id: 'pcb_smtpad_56',
        pcb_port_id: 'pcb_port_56',
        source_component_name: 'U_SOC',
        source_port_name: 'C4'
      },
      type: 'rect',
      shape: 'circle',
      layers: [ 'top' ],
      center: { x: -5.2, y: -4.4 },
      width: 0.4,
      height: 0.4,
      connectedTo: [
        'pcb_smtpad_56',
        'connectivity_net28',
        'source_trace_6',
        'source_port_56',
        'source_port_351',
        'pcb_port_56',
        'pcb_smtpad_351',
        'pcb_port_351'
      ]
    },
    {
      circuitJsonMetadata: {
        pcb_smtpad_id: 'pcb_smtpad_57',
        pcb_port_id: 'pcb_port_57',
        source_component_name: 'U_SOC',
        source_port_name: 'D4'
      },
      type: 'rect',
      shape: 'circle',
      layers: [ 'top' ],
      center: { x: -4.4, y: -4.4 },
      width: 0.4,
      height: 0.4,
      connectedTo: [
        'pcb_smtpad_57',
        'connectivity_net151',
        'source_trace_47',
        'source_port_57',
        'source_port_403',
        'pcb_port_57',
        'pcb_smtpad_403',
        'pcb_port_403'
      ]
    },
    {
      circuitJsonMetadata: {
        pcb_smtpad_id: 'pcb_smtpad_58',
        pcb_port_id: 'pcb_port_58',
        source_component_name: 'U_SOC',
        source_port_name: 'E4'
      },
      type: 'rect',
      shape: 'circle',
      layers: [ 'top' ],
      center: { x: -3.6, y: -4.4 },
      width: 0.4,
      height: 0.4,
      connectedTo: [
        'pcb_smtpad_58',
        'connectivity_net79',
        'source_trace_23',
        'source_port_58',
        'source_port_369',
        'pcb_port_58',
        'pcb_smtpad_369',
        'pcb_port_369'
      ]
    },
    {
      circuitJsonMetadata: {
        pcb_smtpad_id: 'pcb_smtpad_59',
        pcb_port_id: 'pcb_port_59',
        source_component_name: 'U_SOC',
        source_port_name: 'F4'
      },
      type: 'rect',
      shape: 'circle',
      layers: [ 'top' ],
      center: { x: -2.8, y: -4.4 },
      width: 0.4,
      height: 0.4,
      connectedTo: [
        'pcb_smtpad_59',
        'connectivity_net115',
        'source_trace_35',
        'source_port_59',
        'source_port_382',
        'pcb_port_59',
        'pcb_smtpad_382',
        'pcb_port_382'
      ]
    },
    {
      circuitJsonMetadata: {
        pcb_smtpad_id: 'pcb_smtpad_60',
        pcb_port_id: 'pcb_port_60',
        source_component_name: 'U_SOC',
        source_port_name: 'G4'
      },
      type: 'rect',
      shape: 'circle',
      layers: [ 'top' ],
      center: { x: -2, y: -4.4 },
      width: 0.4,
      height: 0.4,
      connectedTo: [
        'pcb_smtpad_60',
        'connectivity_net64',
        'source_trace_18',
        'source_port_60',
        'source_port_364',
        'pcb_port_60',
        'pcb_smtpad_364',
        'pcb_port_364'
      ]
    },
    {
      circuitJsonMetadata: {
        pcb_smtpad_id: 'pcb_smtpad_61',
        pcb_port_id: 'pcb_port_61',
        source_component_name: 'U_SOC',
        source_port_name: 'H4'
      },
      type: 'rect',
      shape: 'circle',
      layers: [ 'top' ],
      center: { x: -1.2, y: -4.4 },
      width: 0.4,
      height: 0.4,
      connectedTo: [
        'pcb_smtpad_61',
        'connectivity_net127',
        'source_trace_39',
        'source_port_61',
        'source_port_387',
        'pcb_port_61',
        'pcb_smtpad_387',
        'pcb_port_387'
      ]
    },
    {
      circuitJsonMetadata: {
        pcb_smtpad_id: 'pcb_smtpad_62',
        pcb_port_id: 'pcb_port_62',
        source_component_name: 'U_SOC',
        source_port_name: 'J4'
      },
      type: 'rect',
      shape: 'circle',
      layers: [ 'top' ],
      center: { x: -0.4, y: -4.4 },
      width: 0.4,
      height: 0.4,
      connectedTo: [
        'pcb_smtpad_62',    'connectivity_net1189',
        'source_trace_547', 'source_port_747',
        'source_trace_545', 'source_port_745',
        'source_trace_543', 'source_port_743',
        'source_trace_347', 'source_port_547',
        'source_trace_346', 'source_port_546',
        'source_trace_217', 'source_port_399',
        'source_trace_196', 'source_port_331',
        'source_trace_54',  'source_port_62',
        'source_net_14',    'pcb_port_62',
        'pcb_smtpad_331',   'pcb_port_331',
        'pcb_smtpad_399',   'pcb_port_399',
        'pcb_smtpad_541',   'pcb_port_546',
        'pcb_smtpad_544',   'pcb_port_547',
        'pcb_smtpad_740',   'pcb_port_743',
        'pcb_smtpad_742',   'pcb_port_745',
        'pcb_smtpad_744',   'pcb_port_747'
      ]
    },
    {
      circuitJsonMetadata: {
        pcb_smtpad_id: 'pcb_smtpad_63',
        pcb_port_id: 'pcb_port_63',
        source_component_name: 'U_SOC',
        source_port_name: 'K4'
      },
      type: 'rect',
      shape: 'circle',
      layers: [ 'top' ],
      center: { x: 0.4, y: -4.4 },
      width: 0.4,
      height: 0.4,
      connectedTo: [
        'pcb_smtpad_63',
        'connectivity_net88',
        'source_trace_26',
        'source_port_63',
        'source_port_375',
        'pcb_port_63',
        'pcb_smtpad_375',
        'pcb_port_375'
      ]
    },
    {
      circuitJsonMetadata: {
        pcb_smtpad_id: 'pcb_smtpad_64',
        pcb_port_id: 'pcb_port_64',
        source_component_name: 'U_SOC',
        source_port_name: 'L4'
      },
      type: 'rect',
      shape: 'circle',
      layers: [ 'top' ],
      center: { x: 1.2, y: -4.4 },
      width: 0.4,
      height: 0.4,
      connectedTo: [
        'pcb_smtpad_64',
        'connectivity_net130',
        'source_trace_40',
        'source_port_64',
        'source_port_356',
        'pcb_port_64',
        'pcb_smtpad_356',
        'pcb_port_356'
      ]
    },
    {
      circuitJsonMetadata: {
        pcb_smtpad_id: 'pcb_smtpad_65',
        pcb_port_id: 'pcb_port_65',
        source_component_name: 'U_SOC',
        source_port_name: 'M4'
      },
      type: 'rect',
      shape: 'circle',
      layers: [ 'top' ],
      center: { x: 2, y: -4.4 },
      width: 0.4,
      height: 0.4,
      connectedTo: [
        'pcb_smtpad_65',
        'connectivity_net103',
        'source_trace_31',
        'source_port_65',
        'source_port_395',
        'pcb_port_65',
        'pcb_smtpad_395',
        'pcb_port_395'
      ]
    },
    {
      circuitJsonMetadata: {
        pcb_smtpad_id: 'pcb_smtpad_66',
        pcb_port_id: 'pcb_port_66',
        source_component_name: 'U_SOC',
        source_port_name: 'N4'
      },
      type: 'rect',
      shape: 'circle',
      layers: [ 'top' ],
      center: { x: 2.8, y: -4.4 },
      width: 0.4,
      height: 0.4,
      connectedTo: [
        'pcb_smtpad_66',
        'connectivity_net139',
        'source_trace_43',
        'source_port_66',
        'source_port_346',
        'pcb_port_66',
        'pcb_smtpad_346',
        'pcb_port_346'
      ]
    },
    {
      circuitJsonMetadata: {
        pcb_smtpad_id: 'pcb_smtpad_67',
        pcb_port_id: 'pcb_port_67',
        source_component_name: 'U_SOC',
        source_port_name: 'P4'
      },
      type: 'rect',
      shape: 'circle',
      layers: [ 'top' ],
      center: { x: 3.6, y: -4.4 },
      width: 0.4,
      height: 0.4,
      connectedTo: [
        'pcb_smtpad_67',
        'connectivity_net106',
        'source_trace_32',
        'source_port_67',
        'source_port_379',
        'pcb_port_67',
        'pcb_smtpad_379',
        'pcb_port_379'
      ]
    },
    {
      circuitJsonMetadata: {
        pcb_smtpad_id: 'pcb_smtpad_68',
        pcb_port_id: 'pcb_port_68',
        source_component_name: 'U_SOC',
        source_port_name: 'R4'
      },
      type: 'rect',
      shape: 'circle',
      layers: [ 'top' ],
      center: { x: 4.4, y: -4.4 },
      width: 0.4,
      height: 0.4,
      connectedTo: [
        'pcb_smtpad_68',
        'connectivity_net1252',
        'source_trace_576',
        'source_port_772',
        'source_trace_574',
        'source_port_68',
        'source_net_44',
        'pcb_port_68',
        'pcb_smtpad_763',
        'pcb_port_772'
      ]
    },
    {
      circuitJsonMetadata: {
        pcb_smtpad_id: 'pcb_smtpad_69',
        pcb_port_id: 'pcb_port_69',
        source_component_name: 'U_SOC',
        source_port_name: 'T4'
      },
      type: 'rect',
      shape: 'circle',
      layers: [ 'top' ],
      center: { x: 5.2, y: -4.4 },
      width: 0.4,
      height: 0.4,
      connectedTo: [
        'pcb_smtpad_69',
        'connectivity_net1280',
        'source_trace_588',
        'source_port_780',
        'source_trace_586',
        'source_port_69',
        'source_net_48',
        'pcb_port_69',
        'pcb_smtpad_771',
        'pcb_port_780'
      ]
    },
    {
      circuitJsonMetadata: {
        pcb_smtpad_id: 'pcb_smtpad_70',
        pcb_port_id: 'pcb_port_70',
        source_component_name: 'U_SOC',
        source_port_name: 'U4'
      },
      type: 'rect',
      shape: 'circle',
      layers: [ 'top' ],
      center: { x: 6, y: -4.4 },
      width: 0.4,
      height: 0.4,
      connectedTo: [
        'pcb_smtpad_70',
        'connectivity_net1308',
        'source_trace_600',
        'source_port_788',
        'source_trace_598',
        'source_port_70',
        'source_net_52',
        'pcb_port_70',
        'pcb_smtpad_779',
        'pcb_port_788'
      ]
    },
    {
      circuitJsonMetadata: {
        pcb_smtpad_id: 'pcb_smtpad_71',
        pcb_port_id: 'pcb_port_71',
        source_component_name: 'U_SOC',
        source_port_name: 'V4'
      },
      type: 'rect',
      shape: 'circle',
      layers: [ 'top' ],
      center: { x: 6.8, y: -4.4 },
      width: 0.4,
      height: 0.4,
      connectedTo: [
        'pcb_smtpad_71',
        'connectivity_net1329',
        'source_trace_609',
        'source_port_794',
        'source_trace_607',
        'source_port_71',
        'source_net_55',
        'pcb_port_71',
        'pcb_smtpad_785',
        'pcb_port_794'
      ]
    },
    {
      circuitJsonMetadata: {
        pcb_smtpad_id: 'pcb_smtpad_72',
        pcb_port_id: 'pcb_port_72',
        source_component_name: 'U_SOC',
        source_port_name: 'A5'
      },
      type: 'rect',
      shape: 'circle',
      layers: [ 'top' ],
      center: { x: -6.8, y: -3.6 },
      width: 0.4,
      height: 0.4,
      connectedTo: [
        'pcb_smtpad_72',    'connectivity_net3933', 'pcb_trace_68',
        'pcb_trace_66',     'pcb_trace_64',         'pcb_trace_62',
        'pcb_trace_60',     'pcb_trace_58',         'pcb_trace_56',
        'pcb_trace_54',     'pcb_trace_52',         'pcb_trace_50',
        'pcb_trace_48',     'pcb_trace_46',         'pcb_trace_44',
        'pcb_trace_42',     'pcb_trace_40',         'pcb_trace_38',
        'pcb_trace_36',     'pcb_trace_34',         'pcb_trace_33',
        'pcb_trace_29',     'pcb_trace_28',         'pcb_trace_26',
        'pcb_trace_25',     'pcb_trace_24',         'pcb_trace_23',
        'pcb_trace_20',     'pcb_trace_18',         'pcb_trace_16',
        'pcb_trace_13',     'pcb_trace_11',         'pcb_trace_9',
        'pcb_trace_8',      'pcb_trace_6',          'pcb_trace_5',
        'pcb_trace_3',      'pcb_trace_1',          'source_port_1023',
        'source_port_1019', 'source_port_1014',     'source_port_1010',
        'source_port_1006', 'source_port_1002',     'source_port_998',
        'source_port_994',  'source_port_990',      'source_port_986',
        'source_port_982',  'source_port_978',      'source_port_974',
        'source_port_970',  'source_port_967',      'source_port_963',
        'source_port_959',  'source_port_955',      'source_port_953',
        'source_port_945',  'source_port_943',      'source_port_939',
        'source_port_937',  'source_port_935',      'source_port_933',
        'source_port_927',  'source_port_923',      'source_port_919',
        'source_port_913',  'source_port_909',      'source_port_905',
        'source_port_903',  'source_port_899',      'source_port_897',
        'source_port_893',  'source_port_751',      'pcb_via_68',
        'pcb_port_1022',    'pcb_port_1023',        'pcb_via_66',
        'pcb_port_1018',    'pcb_port_1019',        'pcb_via_64',
        'pcb_port_1014',    'pcb_port_1015',        'pcb_via_62',
        'pcb_port_1010',    'pcb_port_1011',        'pcb_via_60',
        'pcb_port_1006',    'pcb_port_1007',        'pcb_via_58',
        'pcb_port_1002',    'pcb_port_1003',        'pcb_via_56',
        'pcb_port_998',     'pcb_port_999',         'pcb_via_54',
        'pcb_port_994',     'pcb_port_995',         'pcb_via_52',
        'pcb_port_990',
        ... 1132 more items
      ],
      offBoardConnectsTo: [ 'source_component_internal_connection_1' ],
      netIsAssignable: true
    },
    {
      circuitJsonMetadata: {
        pcb_smtpad_id: 'pcb_smtpad_73',
        pcb_port_id: 'pcb_port_73',
        source_component_name: 'U_SOC',
        source_port_name: 'B5'
      },
      type: 'rect',
      shape: 'circle',
      layers: [ 'top' ],
      center: { x: -6, y: -3.6 },
      width: 0.4,
      height: 0.4,
      connectedTo: [
        'pcb_smtpad_73',
        'connectivity_net621',
        'source_trace_264',
        'source_port_465',
        'source_trace_56',
        'source_port_73',
        'source_net_15',
        'pcb_port_73',
        'pcb_smtpad_465',
        'pcb_port_465'
      ]
    },
    {
      circuitJsonMetadata: {
        pcb_smtpad_id: 'pcb_smtpad_74',
        pcb_port_id: 'pcb_port_74',
        source_component_name: 'U_SOC',
        source_port_name: 'C5'
      },
      type: 'rect',
      shape: 'circle',
      layers: [ 'top' ],
      center: { x: -5.2, y: -3.6 },
      width: 0.4,
      height: 0.4,
      connectedTo: [
        'pcb_smtpad_74',
        'connectivity_net771',
        'source_trace_338',
        'source_port_538',
        'source_trace_241',
        'source_port_432',
        'source_trace_57',
        'source_port_74',
        'source_net_16',
        'pcb_port_74',
        'pcb_smtpad_444',
        'pcb_port_432',
        'pcb_smtpad_533',
        'pcb_port_538'
      ]
    },
    {
      circuitJsonMetadata: {
        pcb_smtpad_id: 'pcb_smtpad_75',
        pcb_port_id: 'pcb_port_75',
        source_component_name: 'U_SOC',
        source_port_name: 'D5'
      },
      type: 'rect',
      shape: 'circle',
      layers: [ 'top' ],
      center: { x: -4.4, y: -3.6 },
      width: 0.4,
      height: 0.4,
      connectedTo: [
        'pcb_smtpad_75',
        'connectivity_net148',
        'source_trace_46',
        'source_port_75',
        'source_port_402',
        'pcb_port_75',
        'pcb_smtpad_402',
        'pcb_port_402'
      ]
    },
    {
      circuitJsonMetadata: {
        pcb_smtpad_id: 'pcb_smtpad_76',
        pcb_port_id: 'pcb_port_76',
        source_component_name: 'U_SOC',
        source_port_name: 'E5'
      },
      type: 'rect',
      shape: 'circle',
      layers: [ 'top' ],
      center: { x: -3.6, y: -3.6 },
      width: 0.4,
      height: 0.4,
      connectedTo: [
        'pcb_smtpad_76',    'connectivity_net3932', 'pcb_trace_67',
        'pcb_trace_65',     'pcb_trace_63',         'pcb_trace_61',
        'pcb_trace_59',     'pcb_trace_57',         'pcb_trace_55',
        'pcb_trace_53',     'pcb_trace_51',         'pcb_trace_49',
        'pcb_trace_47',     'pcb_trace_45',         'pcb_trace_43',
        'pcb_trace_41',     'pcb_trace_39',         'pcb_trace_37',
        'pcb_trace_35',     'pcb_trace_32',         'pcb_trace_31',
        'pcb_trace_30',     'pcb_trace_27',         'pcb_trace_22',
        'pcb_trace_21',     'pcb_trace_19',         'pcb_trace_17',
        'pcb_trace_15',     'pcb_trace_14',         'pcb_trace_12',
        'pcb_trace_10',     'pcb_trace_7',          'pcb_trace_4',
        'pcb_trace_2',      'pcb_trace_0',          'source_port_1021',
        'source_port_1017', 'source_port_1012',     'source_port_1008',
        'source_port_1004', 'source_port_1000',     'source_port_996',
        'source_port_992',  'source_port_988',      'source_port_984',
        'source_port_980',  'source_port_976',      'source_port_972',
        'source_port_968',  'source_port_965',      'source_port_961',
        'source_port_957',  'source_port_951',      'source_port_949',
        'source_port_947',  'source_port_941',      'source_port_931',
        'source_port_929',  'source_port_925',      'source_port_921',
        'source_port_917',  'source_port_915',      'source_port_911',
        'source_port_907',  'source_port_901',      'source_port_895',
        'source_port_891',  'source_port_749',      'pcb_via_67',
        'pcb_port_1020',    'pcb_port_1021',        'pcb_via_65',
        'pcb_port_1016',    'pcb_port_1017',        'pcb_via_63',
        'pcb_port_1012',    'pcb_port_1013',        'pcb_via_61',
        'pcb_port_1008',    'pcb_port_1009',        'pcb_via_59',
        'pcb_port_1004',    'pcb_port_1005',        'pcb_via_57',
        'pcb_port_1000',    'pcb_port_1001',        'pcb_via_55',
        'pcb_port_996',     'pcb_port_997',         'pcb_via_53',
        'pcb_port_992',     'pcb_port_993',         'pcb_via_51',
        'pcb_port_988',     'pcb_port_989',         'pcb_via_49',
        'pcb_port_984',     'pcb_port_985',         'pcb_via_47',
        'pcb_port_980',
        ... 393 more items
      ]
    },
    {
      circuitJsonMetadata: {
        pcb_smtpad_id: 'pcb_smtpad_77',
        pcb_port_id: 'pcb_port_77',
        source_component_name: 'U_SOC',
        source_port_name: 'F5'
      },
      type: 'rect',
      shape: 'circle',
      layers: [ 'top' ],
      center: { x: -2.8, y: -3.6 },
      width: 0.4,
      height: 0.4,
      connectedTo: [
        'pcb_smtpad_77',    'connectivity_net3932', 'pcb_trace_67',
        'pcb_trace_65',     'pcb_trace_63',         'pcb_trace_61',
        'pcb_trace_59',     'pcb_trace_57',         'pcb_trace_55',
        'pcb_trace_53',     'pcb_trace_51',         'pcb_trace_49',
        'pcb_trace_47',     'pcb_trace_45',         'pcb_trace_43',
        'pcb_trace_41',     'pcb_trace_39',         'pcb_trace_37',
        'pcb_trace_35',     'pcb_trace_32',         'pcb_trace_31',
        'pcb_trace_30',     'pcb_trace_27',         'pcb_trace_22',
        'pcb_trace_21',     'pcb_trace_19',         'pcb_trace_17',
        'pcb_trace_15',     'pcb_trace_14',         'pcb_trace_12',
        'pcb_trace_10',     'pcb_trace_7',          'pcb_trace_4',
        'pcb_trace_2',      'pcb_trace_0',          'source_port_1021',
        'source_port_1017', 'source_port_1012',     'source_port_1008',
        'source_port_1004', 'source_port_1000',     'source_port_996',
        'source_port_992',  'source_port_988',      'source_port_984',
        'source_port_980',  'source_port_976',      'source_port_972',
        'source_port_968',  'source_port_965',      'source_port_961',
        'source_port_957',  'source_port_951',      'source_port_949',
        'source_port_947',  'source_port_941',      'source_port_931',
        'source_port_929',  'source_port_925',      'source_port_921',
        'source_port_917',  'source_port_915',      'source_port_911',
        'source_port_907',  'source_port_901',      'source_port_895',
        'source_port_891',  'source_port_749',      'pcb_via_67',
        'pcb_port_1020',    'pcb_port_1021',        'pcb_via_65',
        'pcb_port_1016',    'pcb_port_1017',        'pcb_via_63',
        'pcb_port_1012',    'pcb_port_1013',        'pcb_via_61',
        'pcb_port_1008',    'pcb_port_1009',        'pcb_via_59',
        'pcb_port_1004',    'pcb_port_1005',        'pcb_via_57',
        'pcb_port_1000',    'pcb_port_1001',        'pcb_via_55',
        'pcb_port_996',     'pcb_port_997',         'pcb_via_53',
        'pcb_port_992',     'pcb_port_993',         'pcb_via_51',
        'pcb_port_988',     'pcb_port_989',         'pcb_via_49',
        'pcb_port_984',     'pcb_port_985',         'pcb_via_47',
        'pcb_port_980',
        ... 393 more items
      ]
    },
    {
      circuitJsonMetadata: {
        pcb_smtpad_id: 'pcb_smtpad_78',
        pcb_port_id: 'pcb_port_78',
        source_component_name: 'U_SOC',
        source_port_name: 'G5'
      },
      type: 'rect',
      shape: 'circle',
      layers: [ 'top' ],
      center: { x: -2, y: -3.6 },
      width: 0.4,
      height: 0.4,
      connectedTo: [
        'pcb_smtpad_78',    'connectivity_net3932', 'pcb_trace_67',
        'pcb_trace_65',     'pcb_trace_63',         'pcb_trace_61',
        'pcb_trace_59',     'pcb_trace_57',         'pcb_trace_55',
        'pcb_trace_53',     'pcb_trace_51',         'pcb_trace_49',
        'pcb_trace_47',     'pcb_trace_45',         'pcb_trace_43',
        'pcb_trace_41',     'pcb_trace_39',         'pcb_trace_37',
        'pcb_trace_35',     'pcb_trace_32',         'pcb_trace_31',
        'pcb_trace_30',     'pcb_trace_27',         'pcb_trace_22',
        'pcb_trace_21',     'pcb_trace_19',         'pcb_trace_17',
        'pcb_trace_15',     'pcb_trace_14',         'pcb_trace_12',
        'pcb_trace_10',     'pcb_trace_7',          'pcb_trace_4',
        'pcb_trace_2',      'pcb_trace_0',          'source_port_1021',
        'source_port_1017', 'source_port_1012',     'source_port_1008',
        'source_port_1004', 'source_port_1000',     'source_port_996',
        'source_port_992',  'source_port_988',      'source_port_984',
        'source_port_980',  'source_port_976',      'source_port_972',
        'source_port_968',  'source_port_965',      'source_port_961',
        'source_port_957',  'source_port_951',      'source_port_949',
        'source_port_947',  'source_port_941',      'source_port_931',
        'source_port_929',  'source_port_925',      'source_port_921',
        'source_port_917',  'source_port_915',      'source_port_911',
        'source_port_907',  'source_port_901',      'source_port_895',
        'source_port_891',  'source_port_749',      'pcb_via_67',
        'pcb_port_1020',    'pcb_port_1021',        'pcb_via_65',
        'pcb_port_1016',    'pcb_port_1017',        'pcb_via_63',
        'pcb_port_1012',    'pcb_port_1013',        'pcb_via_61',
        'pcb_port_1008',    'pcb_port_1009',        'pcb_via_59',
        'pcb_port_1004',    'pcb_port_1005',        'pcb_via_57',
        'pcb_port_1000',    'pcb_port_1001',        'pcb_via_55',
        'pcb_port_996',     'pcb_port_997',         'pcb_via_53',
        'pcb_port_992',     'pcb_port_993',         'pcb_via_51',
        'pcb_port_988',     'pcb_port_989',         'pcb_via_49',
        'pcb_port_984',     'pcb_port_985',         'pcb_via_47',
        'pcb_port_980',
        ... 393 more items
      ]
    },
    {
      circuitJsonMetadata: {
        pcb_smtpad_id: 'pcb_smtpad_79',
        pcb_port_id: 'pcb_port_79',
        source_component_name: 'U_SOC',
        source_port_name: 'H5'
      },
      type: 'rect',
      shape: 'circle',
      layers: [ 'top' ],
      center: { x: -1.2, y: -3.6 },
      width: 0.4,
      height: 0.4,
      connectedTo: [
        'pcb_smtpad_79',    'connectivity_net3932', 'pcb_trace_67',
        'pcb_trace_65',     'pcb_trace_63',         'pcb_trace_61',
        'pcb_trace_59',     'pcb_trace_57',         'pcb_trace_55',
        'pcb_trace_53',     'pcb_trace_51',         'pcb_trace_49',
        'pcb_trace_47',     'pcb_trace_45',         'pcb_trace_43',
        'pcb_trace_41',     'pcb_trace_39',         'pcb_trace_37',
        'pcb_trace_35',     'pcb_trace_32',         'pcb_trace_31',
        'pcb_trace_30',     'pcb_trace_27',         'pcb_trace_22',
        'pcb_trace_21',     'pcb_trace_19',         'pcb_trace_17',
        'pcb_trace_15',     'pcb_trace_14',         'pcb_trace_12',
        'pcb_trace_10',     'pcb_trace_7',          'pcb_trace_4',
        'pcb_trace_2',      'pcb_trace_0',          'source_port_1021',
        'source_port_1017', 'source_port_1012',     'source_port_1008',
        'source_port_1004', 'source_port_1000',     'source_port_996',
        'source_port_992',  'source_port_988',      'source_port_984',
        'source_port_980',  'source_port_976',      'source_port_972',
        'source_port_968',  'source_port_965',      'source_port_961',
        'source_port_957',  'source_port_951',      'source_port_949',
        'source_port_947',  'source_port_941',      'source_port_931',
        'source_port_929',  'source_port_925',      'source_port_921',
        'source_port_917',  'source_port_915',      'source_port_911',
        'source_port_907',  'source_port_901',      'source_port_895',
        'source_port_891',  'source_port_749',      'pcb_via_67',
        'pcb_port_1020',    'pcb_port_1021',        'pcb_via_65',
        'pcb_port_1016',    'pcb_port_1017',        'pcb_via_63',
        'pcb_port_1012',    'pcb_port_1013',        'pcb_via_61',
        'pcb_port_1008',    'pcb_port_1009',        'pcb_via_59',
        'pcb_port_1004',    'pcb_port_1005',        'pcb_via_57',
        'pcb_port_1000',    'pcb_port_1001',        'pcb_via_55',
        'pcb_port_996',     'pcb_port_997',         'pcb_via_53',
        'pcb_port_992',     'pcb_port_993',         'pcb_via_51',
        'pcb_port_988',     'pcb_port_989',         'pcb_via_49',
        'pcb_port_984',     'pcb_port_985',         'pcb_via_47',
        'pcb_port_980',
        ... 393 more items
      ]
    },
    {
      circuitJsonMetadata: {
        pcb_smtpad_id: 'pcb_smtpad_80',
        pcb_port_id: 'pcb_port_80',
        source_component_name: 'U_SOC',
        source_port_name: 'J5'
      },
      type: 'rect',
      shape: 'circle',
      layers: [ 'top' ],
      center: { x: -0.4, y: -3.6 },
      width: 0.4,
      height: 0.4,
      connectedTo: [
        'pcb_smtpad_80',    'connectivity_net3932', 'pcb_trace_67',
        'pcb_trace_65',     'pcb_trace_63',         'pcb_trace_61',
        'pcb_trace_59',     'pcb_trace_57',         'pcb_trace_55',
        'pcb_trace_53',     'pcb_trace_51',         'pcb_trace_49',
        'pcb_trace_47',     'pcb_trace_45',         'pcb_trace_43',
        'pcb_trace_41',     'pcb_trace_39',         'pcb_trace_37',
        'pcb_trace_35',     'pcb_trace_32',         'pcb_trace_31',
        'pcb_trace_30',     'pcb_trace_27',         'pcb_trace_22',
        'pcb_trace_21',     'pcb_trace_19',         'pcb_trace_17',
        'pcb_trace_15',     'pcb_trace_14',         'pcb_trace_12',
        'pcb_trace_10',     'pcb_trace_7',          'pcb_trace_4',
        'pcb_trace_2',      'pcb_trace_0',          'source_port_1021',
        'source_port_1017', 'source_port_1012',     'source_port_1008',
        'source_port_1004', 'source_port_1000',     'source_port_996',
        'source_port_992',  'source_port_988',      'source_port_984',
        'source_port_980',  'source_port_976',      'source_port_972',
        'source_port_968',  'source_port_965',      'source_port_961',
        'source_port_957',  'source_port_951',      'source_port_949',
        'source_port_947',  'source_port_941',      'source_port_931',
        'source_port_929',  'source_port_925',      'source_port_921',
        'source_port_917',  'source_port_915',      'source_port_911',
        'source_port_907',  'source_port_901',      'source_port_895',
        'source_port_891',  'source_port_749',      'pcb_via_67',
        'pcb_port_1020',    'pcb_port_1021',        'pcb_via_65',
        'pcb_port_1016',    'pcb_port_1017',        'pcb_via_63',
        'pcb_port_1012',    'pcb_port_1013',        'pcb_via_61',
        'pcb_port_1008',    'pcb_port_1009',        'pcb_via_59',
        'pcb_port_1004',    'pcb_port_1005',        'pcb_via_57',
        'pcb_port_1000',    'pcb_port_1001',        'pcb_via_55',
        'pcb_port_996',     'pcb_port_997',         'pcb_via_53',
        'pcb_port_992',     'pcb_port_993',         'pcb_via_51',
        'pcb_port_988',     'pcb_port_989',         'pcb_via_49',
        'pcb_port_984',     'pcb_port_985',         'pcb_via_47',
        'pcb_port_980',
        ... 393 more items
      ]
    },
    {
      circuitJsonMetadata: {
        pcb_smtpad_id: 'pcb_smtpad_81',
        pcb_port_id: 'pcb_port_81',
        source_component_name: 'U_SOC',
        source_port_name: 'K5'
      },
      type: 'rect',
      shape: 'circle',
      layers: [ 'top' ],
      center: { x: 0.4, y: -3.6 },
      width: 0.4,
      height: 0.4,
      connectedTo: [
        'pcb_smtpad_81',    'connectivity_net3932', 'pcb_trace_67',
        'pcb_trace_65',     'pcb_trace_63',         'pcb_trace_61',
        'pcb_trace_59',     'pcb_trace_57',         'pcb_trace_55',
        'pcb_trace_53',     'pcb_trace_51',         'pcb_trace_49',
        'pcb_trace_47',     'pcb_trace_45',         'pcb_trace_43',
        'pcb_trace_41',     'pcb_trace_39',         'pcb_trace_37',
        'pcb_trace_35',     'pcb_trace_32',         'pcb_trace_31',
        'pcb_trace_30',     'pcb_trace_27',         'pcb_trace_22',
        'pcb_trace_21',     'pcb_trace_19',         'pcb_trace_17',
        'pcb_trace_15',     'pcb_trace_14',         'pcb_trace_12',
        'pcb_trace_10',     'pcb_trace_7',          'pcb_trace_4',
        'pcb_trace_2',      'pcb_trace_0',          'source_port_1021',
        'source_port_1017', 'source_port_1012',     'source_port_1008',
        'source_port_1004', 'source_port_1000',     'source_port_996',
        'source_port_992',  'source_port_988',      'source_port_984',
        'source_port_980',  'source_port_976',      'source_port_972',
        'source_port_968',  'source_port_965',      'source_port_961',
        'source_port_957',  'source_port_951',      'source_port_949',
        'source_port_947',  'source_port_941',      'source_port_931',
        'source_port_929',  'source_port_925',      'source_port_921',
        'source_port_917',  'source_port_915',      'source_port_911',
        'source_port_907',  'source_port_901',      'source_port_895',
        'source_port_891',  'source_port_749',      'pcb_via_67',
        'pcb_port_1020',    'pcb_port_1021',        'pcb_via_65',
        'pcb_port_1016',    'pcb_port_1017',        'pcb_via_63',
        'pcb_port_1012',    'pcb_port_1013',        'pcb_via_61',
        'pcb_port_1008',    'pcb_port_1009',        'pcb_via_59',
        'pcb_port_1004',    'pcb_port_1005',        'pcb_via_57',
        'pcb_port_1000',    'pcb_port_1001',        'pcb_via_55',
        'pcb_port_996',     'pcb_port_997',         'pcb_via_53',
        'pcb_port_992',     'pcb_port_993',         'pcb_via_51',
        'pcb_port_988',     'pcb_port_989',         'pcb_via_49',
        'pcb_port_984',     'pcb_port_985',         'pcb_via_47',
        'pcb_port_980',
        ... 393 more items
      ]
    },
    {
      circuitJsonMetadata: {
        pcb_smtpad_id: 'pcb_smtpad_82',
        pcb_port_id: 'pcb_port_82',
        source_component_name: 'U_SOC',
        source_port_name: 'L5'
      },
      type: 'rect',
      shape: 'circle',
      layers: [ 'top' ],
      center: { x: 1.2, y: -3.6 },
      width: 0.4,
      height: 0.4,
      connectedTo: [
        'pcb_smtpad_82',    'connectivity_net3932', 'pcb_trace_67',
        'pcb_trace_65',     'pcb_trace_63',         'pcb_trace_61',
        'pcb_trace_59',     'pcb_trace_57',         'pcb_trace_55',
        'pcb_trace_53',     'pcb_trace_51',         'pcb_trace_49',
        'pcb_trace_47',     'pcb_trace_45',         'pcb_trace_43',
        'pcb_trace_41',     'pcb_trace_39',         'pcb_trace_37',
        'pcb_trace_35',     'pcb_trace_32',         'pcb_trace_31',
        'pcb_trace_30',     'pcb_trace_27',         'pcb_trace_22',
        'pcb_trace_21',     'pcb_trace_19',         'pcb_trace_17',
        'pcb_trace_15',     'pcb_trace_14',         'pcb_trace_12',
        'pcb_trace_10',     'pcb_trace_7',          'pcb_trace_4',
        'pcb_trace_2',      'pcb_trace_0',          'source_port_1021',
        'source_port_1017', 'source_port_1012',     'source_port_1008',
        'source_port_1004', 'source_port_1000',     'source_port_996',
        'source_port_992',  'source_port_988',      'source_port_984',
        'source_port_980',  'source_port_976',      'source_port_972',
        'source_port_968',  'source_port_965',      'source_port_961',
        'source_port_957',  'source_port_951',      'source_port_949',
        'source_port_947',  'source_port_941',      'source_port_931',
        'source_port_929',  'source_port_925',      'source_port_921',
        'source_port_917',  'source_port_915',      'source_port_911',
        'source_port_907',  'source_port_901',      'source_port_895',
        'source_port_891',  'source_port_749',      'pcb_via_67',
        'pcb_port_1020',    'pcb_port_1021',        'pcb_via_65',
        'pcb_port_1016',    'pcb_port_1017',        'pcb_via_63',
        'pcb_port_1012',    'pcb_port_1013',        'pcb_via_61',
        'pcb_port_1008',    'pcb_port_1009',        'pcb_via_59',
        'pcb_port_1004',    'pcb_port_1005',        'pcb_via_57',
        'pcb_port_1000',    'pcb_port_1001',        'pcb_via_55',
        'pcb_port_996',     'pcb_port_997',         'pcb_via_53',
        'pcb_port_992',     'pcb_port_993',         'pcb_via_51',
        'pcb_port_988',     'pcb_port_989',         'pcb_via_49',
        'pcb_port_984',     'pcb_port_985',         'pcb_via_47',
        'pcb_port_980',
        ... 393 more items
      ]
    },
    {
      circuitJsonMetadata: {
        pcb_smtpad_id: 'pcb_smtpad_83',
        pcb_port_id: 'pcb_port_83',
        source_component_name: 'U_SOC',
        source_port_name: 'M5'
      },
      type: 'rect',
      shape: 'circle',
      layers: [ 'top' ],
      center: { x: 2, y: -3.6 },
      width: 0.4,
      height: 0.4,
      connectedTo: [
        'pcb_smtpad_83',
        'connectivity_net3683',
        'source_port_83',
        'pcb_port_83'
      ]
    },
    {
      circuitJsonMetadata: {
        pcb_smtpad_id: 'pcb_smtpad_84',
        pcb_port_id: 'pcb_port_84',
        source_component_name: 'U_SOC',
        source_port_name: 'N5'
      },
      type: 'rect',
      shape: 'circle',
      layers: [ 'top' ],
      center: { x: 2.8, y: -3.6 },
      width: 0.4,
      height: 0.4,
      connectedTo: [
        'pcb_smtpad_84',    'connectivity_net1555', 'source_trace_713',
        'source_port_884',  'source_trace_655',     'source_port_831',
        'source_trace_650', 'source_port_824',      'source_trace_646',
        'source_port_820',  'source_trace_632',     'source_port_809',
        'source_trace_623', 'source_port_803',      'source_trace_620',
        'source_port_801',  'source_trace_617',     'source_port_799',
        'source_trace_614', 'source_port_797',      'source_trace_608',
        'source_port_793',  'source_trace_578',     'source_port_773',
        'source_trace_572', 'source_port_769',      'source_trace_569',
        'source_port_767',  'source_trace_566',     'source_port_765',
        'source_trace_457', 'source_port_657',      'source_trace_455',
        'source_port_655',  'source_trace_443',     'source_port_643',
        'source_trace_441', 'source_port_641',      'source_trace_439',
        'source_port_639',  'source_trace_437',     'source_port_637',
        'source_trace_435', 'source_port_635',      'source_trace_433',
        'source_port_633',  'source_trace_431',     'source_port_631',
        'source_trace_429', 'source_port_629',      'source_trace_427',
        'source_port_627',  'source_trace_425',     'source_port_625',
        'source_trace_343', 'source_port_543',      'source_trace_341',
        'source_port_541',  'source_trace_339',     'source_port_539',
        'source_trace_307', 'source_port_507',      'source_trace_261',
        'source_port_462',  'source_trace_181',     'source_port_266',
        'source_trace_180', 'source_port_264',      'source_trace_174',
        'source_port_244',  'source_trace_173',     'source_port_243',
        'source_trace_170', 'source_port_240',      'source_trace_169',
        'source_port_239',  'source_trace_158',     'source_port_220',
        'source_trace_148', 'source_port_202',      'source_trace_136',
        'source_port_184',  'source_trace_124',     'source_port_166',
        'source_trace_79',  'source_port_103',      'source_trace_66',
        'source_port_85',   'source_trace_65',      'source_port_84',
        'source_net_10',    'pcb_port_84',          'pcb_smtpad_85',
        'pcb_port_85',      'pcb_smtpad_103',       'pcb_port_103',
        'pcb_smtpad_166',   'pcb_port_166',         'pcb_smtpad_184',
        'pcb_port_184',
        ... 78 more items
      ]
    },
    {
      circuitJsonMetadata: {
        pcb_smtpad_id: 'pcb_smtpad_85',
        pcb_port_id: 'pcb_port_85',
        source_component_name: 'U_SOC',
        source_port_name: 'P5'
      },
      type: 'rect',
      shape: 'circle',
      layers: [ 'top' ],
      center: { x: 3.6, y: -3.6 },
      width: 0.4,
      height: 0.4,
      connectedTo: [
        'pcb_smtpad_85',    'connectivity_net1555', 'source_trace_713',
        'source_port_884',  'source_trace_655',     'source_port_831',
        'source_trace_650', 'source_port_824',      'source_trace_646',
        'source_port_820',  'source_trace_632',     'source_port_809',
        'source_trace_623', 'source_port_803',      'source_trace_620',
        'source_port_801',  'source_trace_617',     'source_port_799',
        'source_trace_614', 'source_port_797',      'source_trace_608',
        'source_port_793',  'source_trace_578',     'source_port_773',
        'source_trace_572', 'source_port_769',      'source_trace_569',
        'source_port_767',  'source_trace_566',     'source_port_765',
        'source_trace_457', 'source_port_657',      'source_trace_455',
        'source_port_655',  'source_trace_443',     'source_port_643',
        'source_trace_441', 'source_port_641',      'source_trace_439',
        'source_port_639',  'source_trace_437',     'source_port_637',
        'source_trace_435', 'source_port_635',      'source_trace_433',
        'source_port_633',  'source_trace_431',     'source_port_631',
        'source_trace_429', 'source_port_629',      'source_trace_427',
        'source_port_627',  'source_trace_425',     'source_port_625',
        'source_trace_343', 'source_port_543',      'source_trace_341',
        'source_port_541',  'source_trace_339',     'source_port_539',
        'source_trace_307', 'source_port_507',      'source_trace_261',
        'source_port_462',  'source_trace_181',     'source_port_266',
        'source_trace_180', 'source_port_264',      'source_trace_174',
        'source_port_244',  'source_trace_173',     'source_port_243',
        'source_trace_170', 'source_port_240',      'source_trace_169',
        'source_port_239',  'source_trace_158',     'source_port_220',
        'source_trace_148', 'source_port_202',      'source_trace_136',
        'source_port_184',  'source_trace_124',     'source_port_166',
        'source_trace_79',  'source_port_103',      'source_trace_66',
        'source_port_85',   'source_trace_65',      'source_port_84',
        'source_net_10',    'pcb_smtpad_84',        'pcb_port_84',
        'pcb_port_85',      'pcb_smtpad_103',       'pcb_port_103',
        'pcb_smtpad_166',   'pcb_port_166',         'pcb_smtpad_184',
        'pcb_port_184',
        ... 78 more items
      ]
    },
    {
      circuitJsonMetadata: {
        pcb_smtpad_id: 'pcb_smtpad_86',
        pcb_port_id: 'pcb_port_86',
        source_component_name: 'U_SOC',
        source_port_name: 'R5'
      },
      type: 'rect',
      shape: 'circle',
      layers: [ 'top' ],
      center: { x: 4.4, y: -3.6 },
      width: 0.4,
      height: 0.4,
      connectedTo: [
        'pcb_smtpad_86',
        'connectivity_net3684',
        'source_port_86',
        'pcb_port_86'
      ]
    },
    {
      circuitJsonMetadata: {
        pcb_smtpad_id: 'pcb_smtpad_87',
        pcb_port_id: 'pcb_port_87',
        source_component_name: 'U_SOC',
        source_port_name: 'T5'
      },
      type: 'rect',
      shape: 'circle',
      layers: [ 'top' ],
      center: { x: 5.2, y: -3.6 },
      width: 0.4,
      height: 0.4,
      connectedTo: [
        'pcb_smtpad_87',
        'connectivity_net1336',
        'source_trace_612',
        'source_port_796',
        'source_trace_610',
        'source_port_87',
        'source_net_56',
        'pcb_port_87',
        'pcb_smtpad_787',
        'pcb_port_796'
      ]
    },
    {
      circuitJsonMetadata: {
        pcb_smtpad_id: 'pcb_smtpad_88',
        pcb_port_id: 'pcb_port_88',
        source_component_name: 'U_SOC',
        source_port_name: 'U5'
      },
      type: 'rect',
      shape: 'circle',
      layers: [ 'top' ],
      center: { x: 6, y: -3.6 },
      width: 0.4,
      height: 0.4,
      connectedTo: [
        'pcb_smtpad_88',
        'connectivity_net3685',
        'source_port_88',
        'pcb_port_88'
      ]
    },
    {
      circuitJsonMetadata: {
        pcb_smtpad_id: 'pcb_smtpad_89',
        pcb_port_id: 'pcb_port_89',
        source_component_name: 'U_SOC',
        source_port_name: 'V5'
      },
      type: 'rect',
      shape: 'circle',
      layers: [ 'top' ],
      center: { x: 6.8, y: -3.6 },
      width: 0.4,
      height: 0.4,
      connectedTo: [
        'pcb_smtpad_89',
        'connectivity_net3686',
        'source_port_89',
        'pcb_port_89'
      ]
    },
    {
      circuitJsonMetadata: {
        pcb_smtpad_id: 'pcb_smtpad_90',
        pcb_port_id: 'pcb_port_90',
        source_component_name: 'U_SOC',
        source_port_name: 'A6'
      },
      type: 'rect',
      shape: 'circle',
      layers: [ 'top' ],
      center: { x: -6.8, y: -2.8 },
      width: 0.4,
      height: 0.4,
      connectedTo: [
        'pcb_smtpad_90',
        'connectivity_net3687',
        'source_port_90',
        'pcb_port_90'
      ]
    },
    {
      circuitJsonMetadata: {
        pcb_smtpad_id: 'pcb_smtpad_91',
        pcb_port_id: 'pcb_port_91',
        source_component_name: 'U_SOC',
        source_port_name: 'B6'
      },
      type: 'rect',
      shape: 'circle',
      layers: [ 'top' ],
      center: { x: -6, y: -2.8 },
      width: 0.4,
      height: 0.4,
      connectedTo: [
        'pcb_smtpad_91',    'connectivity_net3933', 'pcb_trace_68',
        'pcb_trace_66',     'pcb_trace_64',         'pcb_trace_62',
        'pcb_trace_60',     'pcb_trace_58',         'pcb_trace_56',
        'pcb_trace_54',     'pcb_trace_52',         'pcb_trace_50',
        'pcb_trace_48',     'pcb_trace_46',         'pcb_trace_44',
        'pcb_trace_42',     'pcb_trace_40',         'pcb_trace_38',
        'pcb_trace_36',     'pcb_trace_34',         'pcb_trace_33',
        'pcb_trace_29',     'pcb_trace_28',         'pcb_trace_26',
        'pcb_trace_25',     'pcb_trace_24',         'pcb_trace_23',
        'pcb_trace_20',     'pcb_trace_18',         'pcb_trace_16',
        'pcb_trace_13',     'pcb_trace_11',         'pcb_trace_9',
        'pcb_trace_8',      'pcb_trace_6',          'pcb_trace_5',
        'pcb_trace_3',      'pcb_trace_1',          'source_port_1023',
        'source_port_1019', 'source_port_1014',     'source_port_1010',
        'source_port_1006', 'source_port_1002',     'source_port_998',
        'source_port_994',  'source_port_990',      'source_port_986',
        'source_port_982',  'source_port_978',      'source_port_974',
        'source_port_970',  'source_port_967',      'source_port_963',
        'source_port_959',  'source_port_955',      'source_port_953',
        'source_port_945',  'source_port_943',      'source_port_939',
        'source_port_937',  'source_port_935',      'source_port_933',
        'source_port_927',  'source_port_923',      'source_port_919',
        'source_port_913',  'source_port_909',      'source_port_905',
        'source_port_903',  'source_port_899',      'source_port_897',
        'source_port_893',  'source_port_751',      'pcb_via_68',
        'pcb_port_1022',    'pcb_port_1023',        'pcb_via_66',
        'pcb_port_1018',    'pcb_port_1019',        'pcb_via_64',
        'pcb_port_1014',    'pcb_port_1015',        'pcb_via_62',
        'pcb_port_1010',    'pcb_port_1011',        'pcb_via_60',
        'pcb_port_1006',    'pcb_port_1007',        'pcb_via_58',
        'pcb_port_1002',    'pcb_port_1003',        'pcb_via_56',
        'pcb_port_998',     'pcb_port_999',         'pcb_via_54',
        'pcb_port_994',     'pcb_port_995',         'pcb_via_52',
        'pcb_port_990',
        ... 1132 more items
      ],
      offBoardConnectsTo: [ 'source_component_internal_connection_1' ],
      netIsAssignable: true
    },
    {
      circuitJsonMetadata: {
        pcb_smtpad_id: 'pcb_smtpad_92',
        pcb_port_id: 'pcb_port_92',
        source_component_name: 'U_SOC',
        source_port_name: 'C6'
      },
      type: 'rect',
      shape: 'circle',
      layers: [ 'top' ],
      center: { x: -5.2, y: -2.8 },
      width: 0.4,
      height: 0.4,
      connectedTo: [
        'pcb_smtpad_92',
        'connectivity_net561',
        'source_trace_238',
        'source_port_428',
        'source_trace_68',
        'source_port_92',
        'source_net_17',
        'pcb_port_92',
        'pcb_smtpad_428',
        'pcb_port_428'
      ]
    },
    {
      circuitJsonMetadata: {
        pcb_smtpad_id: 'pcb_smtpad_93',
        pcb_port_id: 'pcb_port_93',
        source_component_name: 'U_SOC',
        source_port_name: 'D6'
      },
      type: 'rect',
      shape: 'circle',
      layers: [ 'top' ],
      center: { x: -4.4, y: -2.8 },
      width: 0.4,
      height: 0.4,
      connectedTo: [
        'pcb_smtpad_93',
        'connectivity_net1033',
        'source_trace_469',
        'source_port_669',
        'source_trace_69',
        'source_port_93',
        'source_net_18',
        'pcb_port_93',
        'pcb_smtpad_666',
        'pcb_port_669'
      ]
    },
    {
      circuitJsonMetadata: {
        pcb_smtpad_id: 'pcb_smtpad_94',
        pcb_port_id: 'pcb_port_94',
        source_component_name: 'U_SOC',
        source_port_name: 'E6'
      },
      type: 'rect',
      shape: 'circle',
      layers: [ 'top' ],
      center: { x: -3.6, y: -2.8 },
      width: 0.4,
      height: 0.4,
      connectedTo: [
        'pcb_smtpad_94',    'connectivity_net1473', 'source_trace_676',
        'source_port_854',  'source_trace_674',     'source_port_852',
        'source_trace_673', 'source_port_851',      'source_trace_445',
        'source_port_645',  'source_trace_391',     'source_port_591',
        'source_trace_389', 'source_port_589',      'source_trace_387',
        'source_port_587',  'source_trace_385',     'source_port_585',
        'source_trace_383', 'source_port_583',      'source_trace_337',
        'source_port_537',  'source_trace_335',     'source_port_535',
        'source_trace_323', 'source_port_523',      'source_trace_242',
        'source_port_437',  'source_trace_233',     'source_port_422',
        'source_trace_177', 'source_port_247',      'source_trace_168',
        'source_port_238',  'source_trace_163',     'source_port_225',
        'source_trace_121', 'source_port_157',      'source_trace_113',
        'source_port_149',  'source_trace_83',      'source_port_111',
        'source_trace_78',  'source_port_102',      'source_trace_70',
        'source_port_94',   'source_net_8',         'pcb_port_94',
        'pcb_smtpad_102',   'pcb_port_102',         'pcb_smtpad_111',
        'pcb_port_111',     'pcb_smtpad_149',       'pcb_port_149',
        'pcb_smtpad_157',   'pcb_port_157',         'pcb_smtpad_225',
        'pcb_port_225',     'pcb_smtpad_238',       'pcb_port_238',
        'pcb_smtpad_247',   'pcb_port_247',         'pcb_smtpad_422',
        'pcb_port_422',     'pcb_smtpad_449',       'pcb_port_437',
        'pcb_smtpad_520',   'pcb_port_523',         'pcb_smtpad_532',
        'pcb_port_535',     'pcb_smtpad_534',       'pcb_port_537',
        'pcb_smtpad_580',   'pcb_port_583',         'pcb_smtpad_582',
        'pcb_port_585',     'pcb_smtpad_584',       'pcb_port_587',
        'pcb_smtpad_586',   'pcb_port_589',         'pcb_smtpad_588',
        'pcb_port_591',     'pcb_smtpad_642',       'pcb_port_645',
        'pcb_smtpad_841',   'pcb_port_851',         'pcb_smtpad_845',
        'pcb_port_852',     'pcb_smtpad_847',       'pcb_port_854'
      ]
    },
    {
      circuitJsonMetadata: {
        pcb_smtpad_id: 'pcb_smtpad_95',
        pcb_port_id: 'pcb_port_95',
        source_component_name: 'U_SOC',
        source_port_name: 'F6'
      },
      type: 'rect',
      shape: 'circle',
      layers: [ 'top' ],
      center: { x: -2.8, y: -2.8 },
      width: 0.4,
      height: 0.4,
      connectedTo: [
        'pcb_smtpad_95',    'connectivity_net833', 'source_trace_369',
        'source_port_569',  'source_trace_367',    'source_port_567',
        'source_trace_365', 'source_port_565',     'source_trace_363',
        'source_port_563',  'source_trace_361',    'source_port_561',
        'source_trace_359', 'source_port_559',     'source_trace_357',
        'source_port_557',  'source_trace_355',    'source_port_555',
        'source_trace_353', 'source_port_553',     'source_trace_303',
        'source_port_503',  'source_trace_288',    'source_port_488',
        'source_trace_253', 'source_port_448',     'source_trace_166',
        'source_port_228',  'source_trace_165',    'source_port_227',
        'source_trace_156', 'source_port_210',     'source_trace_153',
        'source_port_207',  'source_trace_152',    'source_port_206',
        'source_trace_143', 'source_port_191',     'source_trace_139',
        'source_port_187',  'source_trace_126',    'source_port_168',
        'source_trace_120', 'source_port_156',     'source_trace_118',
        'source_port_154',  'source_trace_106',    'source_port_138',
        'source_trace_104', 'source_port_136',     'source_trace_103',
        'source_port_135',  'source_trace_90',     'source_port_118',
        'source_trace_86',  'source_port_114',     'source_trace_85',
        'source_port_113',  'source_trace_76',     'source_port_100',
        'source_trace_75',  'source_port_99',      'source_trace_72',
        'source_port_96',   'source_trace_71',     'source_port_95',
        'source_net_7',     'pcb_port_95',         'pcb_smtpad_96',
        'pcb_port_96',      'pcb_smtpad_99',       'pcb_port_99',
        'pcb_smtpad_100',   'pcb_port_100',        'pcb_smtpad_113',
        'pcb_port_113',     'pcb_smtpad_114',      'pcb_port_114',
        'pcb_smtpad_118',   'pcb_port_118',        'pcb_smtpad_135',
        'pcb_port_135',     'pcb_smtpad_136',      'pcb_port_136',
        'pcb_smtpad_138',   'pcb_port_138',        'pcb_smtpad_154',
        'pcb_port_154',     'pcb_smtpad_156',      'pcb_port_156',
        'pcb_smtpad_168',   'pcb_port_168',        'pcb_smtpad_187',
        'pcb_port_187',     'pcb_smtpad_191',      'pcb_port_191',
        'pcb_smtpad_206',   'pcb_port_206',        'pcb_smtpad_207',
        'pcb_port_207',
        ... 30 more items
      ]
    },
    {
      circuitJsonMetadata: {
        pcb_smtpad_id: 'pcb_smtpad_96',
        pcb_port_id: 'pcb_port_96',
        source_component_name: 'U_SOC',
        source_port_name: 'G6'
      },
      type: 'rect',
      shape: 'circle',
      layers: [ 'top' ],
      center: { x: -2, y: -2.8 },
      width: 0.4,
      height: 0.4,
      connectedTo: [
        'pcb_smtpad_96',    'connectivity_net833', 'source_trace_369',
        'source_port_569',  'source_trace_367',    'source_port_567',
        'source_trace_365', 'source_port_565',     'source_trace_363',
        'source_port_563',  'source_trace_361',    'source_port_561',
        'source_trace_359', 'source_port_559',     'source_trace_357',
        'source_port_557',  'source_trace_355',    'source_port_555',
        'source_trace_353', 'source_port_553',     'source_trace_303',
        'source_port_503',  'source_trace_288',    'source_port_488',
        'source_trace_253', 'source_port_448',     'source_trace_166',
        'source_port_228',  'source_trace_165',    'source_port_227',
        'source_trace_156', 'source_port_210',     'source_trace_153',
        'source_port_207',  'source_trace_152',    'source_port_206',
        'source_trace_143', 'source_port_191',     'source_trace_139',
        'source_port_187',  'source_trace_126',    'source_port_168',
        'source_trace_120', 'source_port_156',     'source_trace_118',
        'source_port_154',  'source_trace_106',    'source_port_138',
        'source_trace_104', 'source_port_136',     'source_trace_103',
        'source_port_135',  'source_trace_90',     'source_port_118',
        'source_trace_86',  'source_port_114',     'source_trace_85',
        'source_port_113',  'source_trace_76',     'source_port_100',
        'source_trace_75',  'source_port_99',      'source_trace_72',
        'source_port_96',   'source_trace_71',     'source_port_95',
        'source_net_7',     'pcb_smtpad_95',       'pcb_port_95',
        'pcb_port_96',      'pcb_smtpad_99',       'pcb_port_99',
        'pcb_smtpad_100',   'pcb_port_100',        'pcb_smtpad_113',
        'pcb_port_113',     'pcb_smtpad_114',      'pcb_port_114',
        'pcb_smtpad_118',   'pcb_port_118',        'pcb_smtpad_135',
        'pcb_port_135',     'pcb_smtpad_136',      'pcb_port_136',
        'pcb_smtpad_138',   'pcb_port_138',        'pcb_smtpad_154',
        'pcb_port_154',     'pcb_smtpad_156',      'pcb_port_156',
        'pcb_smtpad_168',   'pcb_port_168',        'pcb_smtpad_187',
        'pcb_port_187',     'pcb_smtpad_191',      'pcb_port_191',
        'pcb_smtpad_206',   'pcb_port_206',        'pcb_smtpad_207',
        'pcb_port_207',
        ... 30 more items
      ]
    },
    {
      circuitJsonMetadata: {
        pcb_smtpad_id: 'pcb_smtpad_97',
        pcb_port_id: 'pcb_port_97',
        source_component_name: 'U_SOC',
        source_port_name: 'H6'
      },
      type: 'rect',
      shape: 'circle',
      layers: [ 'top' ],
      center: { x: -1.2, y: -2.8 },
      width: 0.4,
      height: 0.4,
      connectedTo: [
        'pcb_smtpad_97',    'connectivity_net3933', 'pcb_trace_68',
        'pcb_trace_66',     'pcb_trace_64',         'pcb_trace_62',
        'pcb_trace_60',     'pcb_trace_58',         'pcb_trace_56',
        'pcb_trace_54',     'pcb_trace_52',         'pcb_trace_50',
        'pcb_trace_48',     'pcb_trace_46',         'pcb_trace_44',
        'pcb_trace_42',     'pcb_trace_40',         'pcb_trace_38',
        'pcb_trace_36',     'pcb_trace_34',         'pcb_trace_33',
        'pcb_trace_29',     'pcb_trace_28',         'pcb_trace_26',
        'pcb_trace_25',     'pcb_trace_24',         'pcb_trace_23',
        'pcb_trace_20',     'pcb_trace_18',         'pcb_trace_16',
        'pcb_trace_13',     'pcb_trace_11',         'pcb_trace_9',
        'pcb_trace_8',      'pcb_trace_6',          'pcb_trace_5',
        'pcb_trace_3',      'pcb_trace_1',          'source_port_1023',
        'source_port_1019', 'source_port_1014',     'source_port_1010',
        'source_port_1006', 'source_port_1002',     'source_port_998',
        'source_port_994',  'source_port_990',      'source_port_986',
        'source_port_982',  'source_port_978',      'source_port_974',
        'source_port_970',  'source_port_967',      'source_port_963',
        'source_port_959',  'source_port_955',      'source_port_953',
        'source_port_945',  'source_port_943',      'source_port_939',
        'source_port_937',  'source_port_935',      'source_port_933',
        'source_port_927',  'source_port_923',      'source_port_919',
        'source_port_913',  'source_port_909',      'source_port_905',
        'source_port_903',  'source_port_899',      'source_port_897',
        'source_port_893',  'source_port_751',      'pcb_via_68',
        'pcb_port_1022',    'pcb_port_1023',        'pcb_via_66',
        'pcb_port_1018',    'pcb_port_1019',        'pcb_via_64',
        'pcb_port_1014',    'pcb_port_1015',        'pcb_via_62',
        'pcb_port_1010',    'pcb_port_1011',        'pcb_via_60',
        'pcb_port_1006',    'pcb_port_1007',        'pcb_via_58',
        'pcb_port_1002',    'pcb_port_1003',        'pcb_via_56',
        'pcb_port_998',     'pcb_port_999',         'pcb_via_54',
        'pcb_port_994',     'pcb_port_995',         'pcb_via_52',
        'pcb_port_990',
        ... 1132 more items
      ],
      offBoardConnectsTo: [ 'source_component_internal_connection_1' ],
      netIsAssignable: true
    },
    {
      circuitJsonMetadata: {
        pcb_smtpad_id: 'pcb_smtpad_98',
        pcb_port_id: 'pcb_port_98',
        source_component_name: 'U_SOC',
        source_port_name: 'J6'
      },
      type: 'rect',
      shape: 'circle',
      layers: [ 'top' ],
      center: { x: -0.4, y: -2.8 },
      width: 0.4,
      height: 0.4,
      connectedTo: [
        'pcb_smtpad_98',    'connectivity_net3933', 'pcb_trace_68',
        'pcb_trace_66',     'pcb_trace_64',         'pcb_trace_62',
        'pcb_trace_60',     'pcb_trace_58',         'pcb_trace_56',
        'pcb_trace_54',     'pcb_trace_52',         'pcb_trace_50',
        'pcb_trace_48',     'pcb_trace_46',         'pcb_trace_44',
        'pcb_trace_42',     'pcb_trace_40',         'pcb_trace_38',
        'pcb_trace_36',     'pcb_trace_34',         'pcb_trace_33',
        'pcb_trace_29',     'pcb_trace_28',         'pcb_trace_26',
        'pcb_trace_25',     'pcb_trace_24',         'pcb_trace_23',
        'pcb_trace_20',     'pcb_trace_18',         'pcb_trace_16',
        'pcb_trace_13',     'pcb_trace_11',         'pcb_trace_9',
        'pcb_trace_8',      'pcb_trace_6',          'pcb_trace_5',
        'pcb_trace_3',      'pcb_trace_1',          'source_port_1023',
        'source_port_1019', 'source_port_1014',     'source_port_1010',
        'source_port_1006', 'source_port_1002',     'source_port_998',
        'source_port_994',  'source_port_990',      'source_port_986',
        'source_port_982',  'source_port_978',      'source_port_974',
        'source_port_970',  'source_port_967',      'source_port_963',
        'source_port_959',  'source_port_955',      'source_port_953',
        'source_port_945',  'source_port_943',      'source_port_939',
        'source_port_937',  'source_port_935',      'source_port_933',
        'source_port_927',  'source_port_923',      'source_port_919',
        'source_port_913',  'source_port_909',      'source_port_905',
        'source_port_903',  'source_port_899',      'source_port_897',
        'source_port_893',  'source_port_751',      'pcb_via_68',
        'pcb_port_1022',    'pcb_port_1023',        'pcb_via_66',
        'pcb_port_1018',    'pcb_port_1019',        'pcb_via_64',
        'pcb_port_1014',    'pcb_port_1015',        'pcb_via_62',
        'pcb_port_1010',    'pcb_port_1011',        'pcb_via_60',
        'pcb_port_1006',    'pcb_port_1007',        'pcb_via_58',
        'pcb_port_1002',    'pcb_port_1003',        'pcb_via_56',
        'pcb_port_998',     'pcb_port_999',         'pcb_via_54',
        'pcb_port_994',     'pcb_port_995',         'pcb_via_52',
        'pcb_port_990',
        ... 1132 more items
      ],
      offBoardConnectsTo: [ 'source_component_internal_connection_1' ],
      netIsAssignable: true
    },
    {
      circuitJsonMetadata: {
        pcb_smtpad_id: 'pcb_smtpad_99',
        pcb_port_id: 'pcb_port_99',
        source_component_name: 'U_SOC',
        source_port_name: 'K6'
      },
      type: 'rect',
      shape: 'circle',
      layers: [ 'top' ],
      center: { x: 0.4, y: -2.8 },
      width: 0.4,
      height: 0.4,
      connectedTo: [
        'pcb_smtpad_99',    'connectivity_net833', 'source_trace_369',
        'source_port_569',  'source_trace_367',    'source_port_567',
        'source_trace_365', 'source_port_565',     'source_trace_363',
        'source_port_563',  'source_trace_361',    'source_port_561',
        'source_trace_359', 'source_port_559',     'source_trace_357',
        'source_port_557',  'source_trace_355',    'source_port_555',
        'source_trace_353', 'source_port_553',     'source_trace_303',
        'source_port_503',  'source_trace_288',    'source_port_488',
        'source_trace_253', 'source_port_448',     'source_trace_166',
        'source_port_228',  'source_trace_165',    'source_port_227',
        'source_trace_156', 'source_port_210',     'source_trace_153',
        'source_port_207',  'source_trace_152',    'source_port_206',
        'source_trace_143', 'source_port_191',     'source_trace_139',
        'source_port_187',  'source_trace_126',    'source_port_168',
        'source_trace_120', 'source_port_156',     'source_trace_118',
        'source_port_154',  'source_trace_106',    'source_port_138',
        'source_trace_104', 'source_port_136',     'source_trace_103',
        'source_port_135',  'source_trace_90',     'source_port_118',
        'source_trace_86',  'source_port_114',     'source_trace_85',
        'source_port_113',  'source_trace_76',     'source_port_100',
        'source_trace_75',  'source_port_99',      'source_trace_72',
        'source_port_96',   'source_trace_71',     'source_port_95',
        'source_net_7',     'pcb_smtpad_95',       'pcb_port_95',
        'pcb_smtpad_96',    'pcb_port_96',         'pcb_port_99',
        'pcb_smtpad_100',   'pcb_port_100',        'pcb_smtpad_113',
        'pcb_port_113',     'pcb_smtpad_114',      'pcb_port_114',
        'pcb_smtpad_118',   'pcb_port_118',        'pcb_smtpad_135',
        'pcb_port_135',     'pcb_smtpad_136',      'pcb_port_136',
        'pcb_smtpad_138',   'pcb_port_138',        'pcb_smtpad_154',
        'pcb_port_154',     'pcb_smtpad_156',      'pcb_port_156',
        'pcb_smtpad_168',   'pcb_port_168',        'pcb_smtpad_187',
        'pcb_port_187',     'pcb_smtpad_191',      'pcb_port_191',
        'pcb_smtpad_206',   'pcb_port_206',        'pcb_smtpad_207',
        'pcb_port_207',
        ... 30 more items
      ]
    },
    ... 857 more items
  ],
  operator: 'deepStrictEqual',
  diff: 'simple'
}

Node.js v25.6.1
