ISO-10303-21;
HEADER;
FILE_DESCRIPTION(('shape.step'),'2;1');
FILE_NAME('shape.step','2026-10-01',('tscircuit'),('tscircuit'),'generator','','');
FILE_SCHEMA(('AUTOMOTIVE_DESIGN { 1 0 10303 214 1 1 1 1 }'));
ENDSEC;
DATA;
#1 = APPLICATION_CONTEXT('core data for automotive mechanical design processes');
#2 = APPLICATION_PROTOCOL_DEFINITION('international standard','automotive_design',2000,#1);
#3 = PRODUCT_CONTEXT('',#1,'mechanical');
#4 = PRODUCT('shape','shape','',(#3));
#5 = PRODUCT_DEFINITION_CONTEXT('part definition',#1,'design');
#6 = PRODUCT_DEFINITION_FORMATION('','',#4);
#7 = PRODUCT_DEFINITION('design','',#6,#5);
#8 = PRODUCT_DEFINITION_SHAPE('','',#7);
#9 = (
LENGTH_UNIT()
NAMED_UNIT(*)
SI_UNIT(.MILLI.,.METRE.)
);
#10 = (
NAMED_UNIT(*)
PLANE_ANGLE_UNIT()
SI_UNIT($,.RADIAN.)
);
#11 = (
NAMED_UNIT(*)
SI_UNIT($,.STERADIAN.)
SOLID_ANGLE_UNIT()
);
#12 = UNCERTAINTY_MEASURE_WITH_UNIT(LENGTH_MEASURE(1.E-07),#9,'distance_accuracy_value','confusion accuracy');
#13 = (
GEOMETRIC_REPRESENTATION_CONTEXT(3)
GLOBAL_UNCERTAINTY_ASSIGNED_CONTEXT((#12))
GLOBAL_UNIT_ASSIGNED_CONTEXT((#9,#10,#11))
REPRESENTATION_CONTEXT('Context #1','3D
Context with
TORTURE://UNITS')
);
#14 = CARTESIAN_POINT('',(0.,0.,0.));
#15 = DIRECTION('',(0.,0.,1.));
#16 = DIRECTION('',(1.,0.,0.));
#17 = AXIS2_PLACEMENT_3D('',#14,#15,#16);
#18 = CARTESIAN_POINT('',(-13.969999999999999,-1.27,0.));
#19 = VERTEX_POINT('',#18);
#20 = CARTESIAN_POINT('',(-13.969999999999999,-1.27,2.));
#21 = VERTEX_POINT('',#20);
#22 = CARTESIAN_POINT('',(-13.969999999999999,1.27,2.));
#23 = VERTEX_POINT('',#22);
#24 = CARTESIAN_POINT('',(-13.969999999999999,1.27,0.));
#25 = VERTEX_POINT('',#24);
#26 = DIRECTION('',(0.,0.,1.));
#27 = VECTOR('',#26,1.);
#28 = LINE('',#18,#27);
#29 = EDGE_CURVE('',#19,#21,#28,.T.);
#30 = ORIENTED_EDGE('',*,*,#29,.T.);
#31 = DIRECTION('',(0.,1.,0.));
#32 = VECTOR('',#31,1.);
#33 = LINE('',#20,#32);
#34 = EDGE_CURVE('',#21,#23,#33,.T.);
#35 = ORIENTED_EDGE('',*,*,#34,.T.);
#36 = DIRECTION('',(0.,0.,1.));
#37 = VECTOR('',#36,1.);
#38 = LINE('',#24,#37);
#39 = EDGE_CURVE('',#25,#23,#38,.T.);
#40 = ORIENTED_EDGE('',*,*,#39,.F.);
#41 = DIRECTION('',(0.,1.,0.));
#42 = VECTOR('',#41,1.);
#43 = LINE('',#18,#42);
#44 = EDGE_CURVE('',#19,#25,#43,.T.);
#45 = ORIENTED_EDGE('',*,*,#44,.F.);
#46 = CARTESIAN_POINT('',(-13.969999999999999,-1.27,0.));
#47 = DIRECTION('',(-1.,0.,0.));
#48 = DIRECTION('',(0.,0.,1.));
#49 = AXIS2_PLACEMENT_3D('',#46,#47,#48);
#50 = PLANE('',#49);
#51 = EDGE_LOOP('',(#30,#35,#40,#45));
#52 = FACE_OUTER_BOUND('',#51,.T.);
#53 = ADVANCED_FACE('',(#52),#50,.T.);
#54 = CARTESIAN_POINT('',(-11.43,-1.27,0.));
#55 = VERTEX_POINT('',#54);
#56 = CARTESIAN_POINT('',(-11.43,1.27,0.));
#57 = VERTEX_POINT('',#56);
#58 = CARTESIAN_POINT('',(-11.43,1.27,2.));
#59 = VERTEX_POINT('',#58);
#60 = CARTESIAN_POINT('',(-11.43,-1.27,2.));
#61 = VERTEX_POINT('',#60);
#62 = DIRECTION('',(0.,1.,0.));
#63 = VECTOR('',#62,1.);
#64 = LINE('',#54,#63);
#65 = EDGE_CURVE('',#55,#57,#64,.T.);
#66 = ORIENTED_EDGE('',*,*,#65,.T.);
#67 = DIRECTION('',(0.,0.,1.));
#68 = VECTOR('',#67,1.);
#69 = LINE('',#56,#68);
#70 = EDGE_CURVE('',#57,#59,#69,.T.);
#71 = ORIENTED_EDGE('',*,*,#70,.T.);
#72 = DIRECTION('',(0.,1.,0.));
#73 = VECTOR('',#72,1.);
#74 = LINE('',#60,#73);
#75 = EDGE_CURVE('',#61,#59,#74,.T.);
#76 = ORIENTED_EDGE('',*,*,#75,.F.);
#77 = DIRECTION('',(0.,0.,1.));
#78 = VECTOR('',#77,1.);
#79 = LINE('',#54,#78);
#80 = EDGE_CURVE('',#55,#61,#79,.T.);
#81 = ORIENTED_EDGE('',*,*,#80,.F.);
#82 = CARTESIAN_POINT('',(-11.43,-1.27,0.));
#83 = DIRECTION('',(1.,0.,0.));
#84 = DIRECTION('',(0.,1.,0.));
#85 = AXIS2_PLACEMENT_3D('',#82,#83,#84);
#86 = PLANE('',#85);
#87 = EDGE_LOOP('',(#66,#71,#76,#81));
#88 = FACE_OUTER_BOUND('',#87,.T.);
#89 = ADVANCED_FACE('',(#88),#86,.T.);
#90 = DIRECTION('',(-1.,0.,0.));
#91 = VECTOR('',#90,1.);
#92 = LINE('',#54,#91);
#93 = EDGE_CURVE('',#55,#19,#92,.T.);
#94 = ORIENTED_EDGE('',*,*,#93,.F.);
#95 = ORIENTED_EDGE('',*,*,#80,.T.);
#96 = DIRECTION('',(-1.,0.,0.));
#97 = VECTOR('',#96,1.);
#98 = LINE('',#60,#97);
#99 = EDGE_CURVE('',#61,#21,#98,.T.);
#100 = ORIENTED_EDGE('',*,*,#99,.T.);
#101 = ORIENTED_EDGE('',*,*,#29,.F.);
#102 = CARTESIAN_POINT('',(-13.969999999999999,-1.27,0.));
#103 = DIRECTION('',(0.,-1.,0.));
#104 = DIRECTION('',(1.,0.,0.));
#105 = AXIS2_PLACEMENT_3D('',#102,#103,#104);
#106 = PLANE('',#105);
#107 = EDGE_LOOP('',(#94,#95,#100,#101));
#108 = FACE_OUTER_BOUND('',#107,.T.);
#109 = ADVANCED_FACE('',(#108),#106,.T.);
#110 = ORIENTED_EDGE('',*,*,#39,.T.);
#111 = DIRECTION('',(-1.,0.,0.));
#112 = VECTOR('',#111,1.);
#113 = LINE('',#58,#112);
#114 = EDGE_CURVE('',#59,#23,#113,.T.);
#115 = ORIENTED_EDGE('',*,*,#114,.F.);
#116 = ORIENTED_EDGE('',*,*,#70,.F.);
#117 = DIRECTION('',(-1.,0.,0.));
#118 = VECTOR('',#117,1.);
#119 = LINE('',#56,#118);
#120 = EDGE_CURVE('',#57,#25,#119,.T.);
#121 = ORIENTED_EDGE('',*,*,#120,.T.);
#122 = CARTESIAN_POINT('',(-13.969999999999999,1.27,0.));
#123 = DIRECTION('',(0.,1.,0.));
#124 = DIRECTION('',(0.,0.,1.));
#125 = AXIS2_PLACEMENT_3D('',#122,#123,#124);
#126 = PLANE('',#125);
#127 = EDGE_LOOP('',(#110,#115,#116,#121));
#128 = FACE_OUTER_BOUND('',#127,.T.);
#129 = ADVANCED_FACE('',(#128),#126,.T.);
#130 = ORIENTED_EDGE('',*,*,#44,.T.);
#131 = ORIENTED_EDGE('',*,*,#120,.F.);
#132 = ORIENTED_EDGE('',*,*,#65,.F.);
#133 = ORIENTED_EDGE('',*,*,#93,.T.);
#134 = CARTESIAN_POINT('',(-13.969999999999999,-1.27,0.));
#135 = DIRECTION('',(0.,0.,-1.));
#136 = DIRECTION('',(0.,1.,0.));
#137 = AXIS2_PLACEMENT_3D('',#134,#135,#136);
#138 = PLANE('',#137);
#139 = EDGE_LOOP('',(#130,#131,#132,#133));
#140 = FACE_OUTER_BOUND('',#139,.T.);
#141 = ADVANCED_FACE('',(#140),#138,.T.);
#142 = ORIENTED_EDGE('',*,*,#99,.F.);
#143 = ORIENTED_EDGE('',*,*,#75,.T.);
#144 = ORIENTED_EDGE('',*,*,#114,.T.);
#145 = ORIENTED_EDGE('',*,*,#34,.F.);
#146 = CARTESIAN_POINT('',(-13.969999999999999,-1.27,2.));
#147 = DIRECTION('',(0.,0.,1.));
#148 = DIRECTION('',(1.,0.,0.));
#149 = AXIS2_PLACEMENT_3D('',#146,#147,#148);
#150 = PLANE('',#149);
#151 = EDGE_LOOP('',(#142,#143,#144,#145));
#152 = FACE_OUTER_BOUND('',#151,.T.);
#153 = ADVANCED_FACE('',(#152),#150,.T.);
#154 = CLOSED_SHELL('',(#53,#89,#109,#129,#141,#153));
#155 = MANIFOLD_SOLID_BREP('',#154);
#156 = COLOUR_RGB('',0.13333333333333333,0.13333333333333333,0.13333333333333333);
#157 = FILL_AREA_STYLE_COLOUR('',#156);
#158 = FILL_AREA_STYLE('',(#157));
#159 = SURFACE_STYLE_FILL_AREA(#158);
#160 = SURFACE_SIDE_STYLE('',(#159));
#161 = SURFACE_STYLE_USAGE(.BOTH.,#160);
#162 = PRESENTATION_STYLE_ASSIGNMENT((#161));
#163 = STYLED_ITEM('',(#162),#155);
#164 = CARTESIAN_POINT('',(-12.385,-0.315,0.5500000000000003));
#165 = VERTEX_POINT('',#164);
#166 = CARTESIAN_POINT('',(-12.385,0.315,0.5500000000000003));
#167 = VERTEX_POINT('',#166);
#168 = CARTESIAN_POINT('',(-13.014999999999999,0.315,0.5500000000000003));
#169 = VERTEX_POINT('',#168);
#170 = CARTESIAN_POINT('',(-13.014999999999999,-0.315,0.5500000000000003));
#171 = VERTEX_POINT('',#170);
#172 = DIRECTION('',(0.,1.,0.));
#173 = VECTOR('',#172,1.);
#174 = LINE('',#164,#173);
#175 = EDGE_CURVE('',#165,#167,#174,.T.);
#176 = ORIENTED_EDGE('',*,*,#175,.T.);
#177 = DIRECTION('',(-1.,0.,0.));
#178 = VECTOR('',#177,1.);
#179 = LINE('',#166,#178);
#180 = EDGE_CURVE('',#167,#169,#179,.T.);
#181 = ORIENTED_EDGE('',*,*,#180,.T.);
#182 = DIRECTION('',(0.,1.,0.));
#183 = VECTOR('',#182,1.);
#184 = LINE('',#170,#183);
#185 = EDGE_CURVE('',#171,#169,#184,.T.);
#186 = ORIENTED_EDGE('',*,*,#185,.F.);
#187 = DIRECTION('',(-1.,0.,0.));
#188 = VECTOR('',#187,1.);
#189 = LINE('',#164,#188);
#190 = EDGE_CURVE('',#165,#171,#189,.T.);
#191 = ORIENTED_EDGE('',*,*,#190,.F.);
#192 = CARTESIAN_POINT('',(-12.385,-0.315,0.5500000000000003));
#193 = DIRECTION('',(0.,0.,1.));
#194 = DIRECTION('',(0.,1.,0.));
#195 = AXIS2_PLACEMENT_3D('',#192,#193,#194);
#196 = PLANE('',#195);
#197 = EDGE_LOOP('',(#176,#181,#186,#191));
#198 = FACE_OUTER_BOUND('',#197,.T.);
#199 = ADVANCED_FACE('',(#198),#196,.T.);
#200 = CARTESIAN_POINT('',(-13.014999999999999,0.315,-2.15));
#201 = VERTEX_POINT('',#200);
#202 = CARTESIAN_POINT('',(-12.385,0.315,-2.15));
#203 = VERTEX_POINT('',#202);
#204 = DIRECTION('',(0.,0.,1.));
#205 = VECTOR('',#204,1.);
#206 = LINE('',#200,#205);
#207 = EDGE_CURVE('',#201,#169,#206,.T.);
#208 = ORIENTED_EDGE('',*,*,#207,.T.);
#209 = ORIENTED_EDGE('',*,*,#180,.F.);
#210 = DIRECTION('',(0.,0.,1.));
#211 = VECTOR('',#210,1.);
#212 = LINE('',#202,#211);
#213 = EDGE_CURVE('',#203,#167,#212,.T.);
#214 = ORIENTED_EDGE('',*,*,#213,.F.);
#215 = DIRECTION('',(-1.,0.,0.));
#216 = VECTOR('',#215,1.);
#217 = LINE('',#202,#216);
#218 = EDGE_CURVE('',#203,#201,#217,.T.);
#219 = ORIENTED_EDGE('',*,*,#218,.T.);
#220 = CARTESIAN_POINT('',(-13.014999999999999,0.315,-2.15));
#221 = DIRECTION('',(0.,1.,0.));
#222 = DIRECTION('',(0.,0.,1.));
#223 = AXIS2_PLACEMENT_3D('',#220,#221,#222);
#224 = PLANE('',#223);
#225 = EDGE_LOOP('',(#208,#209,#214,#219));
#226 = FACE_OUTER_BOUND('',#225,.T.);
#227 = ADVANCED_FACE('',(#226),#224,.T.);
#228 = CARTESIAN_POINT('',(-13.014999999999999,-0.315,-2.15));
#229 = VERTEX_POINT('',#228);
#230 = DIRECTION('',(0.,1.,0.));
#231 = VECTOR('',#230,1.);
#232 = LINE('',#228,#231);
#233 = EDGE_CURVE('',#229,#201,#232,.T.);
#234 = ORIENTED_EDGE('',*,*,#233,.F.);
#235 = DIRECTION('',(0.,0.,1.));
#236 = VECTOR('',#235,1.);
#237 = LINE('',#228,#236);
#238 = EDGE_CURVE('',#229,#171,#237,.T.);
#239 = ORIENTED_EDGE('',*,*,#238,.T.);
#240 = ORIENTED_EDGE('',*,*,#185,.T.);
#241 = ORIENTED_EDGE('',*,*,#207,.F.);
#242 = CARTESIAN_POINT('',(-13.014999999999999,0.315,-2.15));
#243 = DIRECTION('',(-1.,0.,0.));
#244 = DIRECTION('',(0.,-1.,0.));
#245 = AXIS2_PLACEMENT_3D('',#242,#243,#244);
#246 = PLANE('',#245);
#247 = EDGE_LOOP('',(#234,#239,#240,#241));
#248 = FACE_OUTER_BOUND('',#247,.T.);
#249 = ADVANCED_FACE('',(#248),#246,.T.);
#250 = CARTESIAN_POINT('',(-12.385,-0.315,-2.15));
#251 = VERTEX_POINT('',#250);
#252 = DIRECTION('',(0.,1.,0.));
#253 = VECTOR('',#252,1.);
#254 = LINE('',#250,#253);
#255 = EDGE_CURVE('',#251,#203,#254,.T.);
#256 = ORIENTED_EDGE('',*,*,#255,.T.);
#257 = ORIENTED_EDGE('',*,*,#213,.T.);
#258 = ORIENTED_EDGE('',*,*,#175,.F.);
#259 = DIRECTION('',(0.,0.,1.));
#260 = VECTOR('',#259,1.);
#261 = LINE('',#250,#260);
#262 = EDGE_CURVE('',#251,#165,#261,.T.);
#263 = ORIENTED_EDGE('',*,*,#262,.F.);
#264 = CARTESIAN_POINT('',(-12.385,-0.315,-2.15));
#265 = DIRECTION('',(1.,0.,0.));
#266 = DIRECTION('',(0.,1.,0.));
#267 = AXIS2_PLACEMENT_3D('',#264,#265,#266);
#268 = PLANE('',#267);
#269 = EDGE_LOOP('',(#256,#257,#258,#263));
#270 = FACE_OUTER_BOUND('',#269,.T.);
#271 = ADVANCED_FACE('',(#270),#268,.T.);
#272 = ORIENTED_EDGE('',*,*,#262,.T.);
#273 = ORIENTED_EDGE('',*,*,#190,.T.);
#274 = ORIENTED_EDGE('',*,*,#238,.F.);
#275 = DIRECTION('',(-1.,0.,0.));
#276 = VECTOR('',#275,1.);
#277 = LINE('',#250,#276);
#278 = EDGE_CURVE('',#251,#229,#277,.T.);
#279 = ORIENTED_EDGE('',*,*,#278,.F.);
#280 = CARTESIAN_POINT('',(-12.385,-0.315,-2.15));
#281 = DIRECTION('',(0.,-1.,0.));
#282 = DIRECTION('',(0.,0.,1.));
#283 = AXIS2_PLACEMENT_3D('',#280,#281,#282);
#284 = PLANE('',#283);
#285 = EDGE_LOOP('',(#272,#273,#274,#279));
#286 = FACE_OUTER_BOUND('',#285,.T.);
#287 = ADVANCED_FACE('',(#286),#284,.T.);
#288 = CARTESIAN_POINT('',(-12.875,0.175,-2.5));
#289 = VERTEX_POINT('',#288);
#290 = CARTESIAN_POINT('',(-12.524999999999999,0.175,-2.5));
#291 = VERTEX_POINT('',#290);
#292 = DIRECTION('',(-0.34815531191139293,0.348155311911396,0.87038827977849));
#293 = VECTOR('',#292,1.);
#294 = LINE('',#288,#293);
#295 = EDGE_CURVE('',#289,#201,#294,.T.);
#296 = ORIENTED_EDGE('',*,*,#295,.T.);
#297 = ORIENTED_EDGE('',*,*,#218,.F.);
#298 = DIRECTION('',(-0.34815531191139293,-0.348155311911396,-0.87038827977849));
#299 = VECTOR('',#298,1.);
#300 = LINE('',#202,#299);
#301 = EDGE_CURVE('',#203,#291,#300,.T.);
#302 = ORIENTED_EDGE('',*,*,#301,.T.);
#303 = DIRECTION('',(-1.,0.,0.));
#304 = VECTOR('',#303,1.);
#305 = LINE('',#290,#304);
#306 = EDGE_CURVE('',#291,#289,#305,.T.);
#307 = ORIENTED_EDGE('',*,*,#306,.T.);
#308 = CARTESIAN_POINT('',(-12.875,0.175,-2.5));
#309 = DIRECTION('',(0.,0.9284766908852599,-0.371390676354102));
#310 = DIRECTION('',(-0.34815531191139293,0.348155311911396,0.87038827977849));
#311 = AXIS2_PLACEMENT_3D('',#308,#309,#310);
#312 = PLANE('',#311);
#313 = EDGE_LOOP('',(#296,#297,#302,#307));
#314 = FACE_OUTER_BOUND('',#313,.T.);
#315 = ADVANCED_FACE('',(#314),#312,.T.);
#316 = CARTESIAN_POINT('',(-12.875,-0.175,-2.5));
#317 = VERTEX_POINT('',#316);
#318 = DIRECTION('',(0.,1.,0.));
#319 = VECTOR('',#318,1.);
#320 = LINE('',#316,#319);
#321 = EDGE_CURVE('',#317,#289,#320,.T.);
#322 = ORIENTED_EDGE('',*,*,#321,.F.);
#323 = DIRECTION('',(-0.34815531191139293,-0.348155311911396,0.87038827977849));
#324 = VECTOR('',#323,1.);
#325 = LINE('',#316,#324);
#326 = EDGE_CURVE('',#317,#229,#325,.T.);
#327 = ORIENTED_EDGE('',*,*,#326,.T.);
#328 = ORIENTED_EDGE('',*,*,#233,.T.);
#329 = ORIENTED_EDGE('',*,*,#295,.F.);
#330 = CARTESIAN_POINT('',(-12.875,0.175,-2.5));
#331 = DIRECTION('',(-0.9284766908852605,0.,-0.3713906763541007));
#332 = DIRECTION('',(0.,-1.,0.));
#333 = AXIS2_PLACEMENT_3D('',#330,#331,#332);
#334 = PLANE('',#333);
#335 = EDGE_LOOP('',(#322,#327,#328,#329));
#336 = FACE_OUTER_BOUND('',#335,.T.);
#337 = ADVANCED_FACE('',(#336),#334,.T.);
#338 = CARTESIAN_POINT('',(-12.524999999999999,-0.175,-2.5));
#339 = VERTEX_POINT('',#338);
#340 = DIRECTION('',(-1.,0.,0.));
#341 = VECTOR('',#340,1.);
#342 = LINE('',#338,#341);
#343 = EDGE_CURVE('',#339,#317,#342,.T.);
#344 = ORIENTED_EDGE('',*,*,#343,.T.);
#345 = ORIENTED_EDGE('',*,*,#321,.T.);
#346 = ORIENTED_EDGE('',*,*,#306,.F.);
#347 = DIRECTION('',(0.,1.,0.));
#348 = VECTOR('',#347,1.);
#349 = LINE('',#338,#348);
#350 = EDGE_CURVE('',#339,#291,#349,.T.);
#351 = ORIENTED_EDGE('',*,*,#350,.F.);
#352 = CARTESIAN_POINT('',(-12.524999999999999,-0.175,-2.5));
#353 = DIRECTION('',(0.,0.,-1.));
#354 = DIRECTION('',(-1.,0.,0.));
#355 = AXIS2_PLACEMENT_3D('',#352,#353,#354);
#356 = PLANE('',#355);
#357 = EDGE_LOOP('',(#344,#345,#346,#351));
#358 = FACE_OUTER_BOUND('',#357,.T.);
#359 = ADVANCED_FACE('',(#358),#356,.T.);
#360 = ORIENTED_EDGE('',*,*,#350,.T.);
#361 = ORIENTED_EDGE('',*,*,#301,.F.);
#362 = ORIENTED_EDGE('',*,*,#255,.F.);
#363 = DIRECTION('',(-0.34815531191139293,0.348155311911396,-0.87038827977849));
#364 = VECTOR('',#363,1.);
#365 = LINE('',#250,#364);
#366 = EDGE_CURVE('',#251,#339,#365,.T.);
#367 = ORIENTED_EDGE('',*,*,#366,.T.);
#368 = CARTESIAN_POINT('',(-12.524999999999999,-0.175,-2.5));
#369 = DIRECTION('',(0.9284766908852605,0.,-0.3713906763541007));
#370 = DIRECTION('',(0.,1.,0.));
#371 = AXIS2_PLACEMENT_3D('',#368,#369,#370);
#372 = PLANE('',#371);
#373 = EDGE_LOOP('',(#360,#361,#362,#367));
#374 = FACE_OUTER_BOUND('',#373,.T.);
#375 = ADVANCED_FACE('',(#374),#372,.T.);
#376 = ORIENTED_EDGE('',*,*,#366,.F.);
#377 = ORIENTED_EDGE('',*,*,#278,.T.);
#378 = ORIENTED_EDGE('',*,*,#326,.F.);
#379 = ORIENTED_EDGE('',*,*,#343,.F.);
#380 = CARTESIAN_POINT('',(-12.524999999999999,-0.175,-2.5));
#381 = DIRECTION('',(0.,-0.9284766908852599,-0.371390676354102));
#382 = DIRECTION('',(0.34815531191139293,-0.348155311911396,0.87038827977849));
#383 = AXIS2_PLACEMENT_3D('',#380,#381,#382);
#384 = PLANE('',#383);
#385 = EDGE_LOOP('',(#376,#377,#378,#379));
#386 = FACE_OUTER_BOUND('',#385,.T.);
#387 = ADVANCED_FACE('',(#386),#384,.T.);
#388 = CLOSED_SHELL('',(#199,#227,#249,#271,#287,#315,#337,#359,#375,#387));
#389 = MANIFOLD_SOLID_BREP('',#388);
#390 = COLOUR_RGB('',0.7529411764705882,0.7529411764705882,0.7529411764705882);
#391 = FILL_AREA_STYLE_COLOUR('',#390);
#392 = FILL_AREA_STYLE('',(#391));
#393 = SURFACE_STYLE_FILL_AREA(#392);
#394 = SURFACE_SIDE_STYLE('',(#393));
#395 = SURFACE_STYLE_USAGE(.BOTH.,#394);
#396 = PRESENTATION_STYLE_ASSIGNMENT((#395));
#397 = STYLED_ITEM('',(#396),#389);
#398 = CARTESIAN_POINT('',(-13.014999999999999,0.315,2.));
#399 = VERTEX_POINT('',#398);
#400 = CARTESIAN_POINT('',(-13.014999999999999,-0.315,2.));
#401 = VERTEX_POINT('',#400);
#402 = CARTESIAN_POINT('',(-13.014999999999999,-0.315,7.4));
#403 = VERTEX_POINT('',#402);
#404 = CARTESIAN_POINT('',(-13.014999999999999,0.315,7.4));
#405 = VERTEX_POINT('',#404);
#406 = DIRECTION('',(0.,1.,0.));
#407 = VECTOR('',#406,1.);
#408 = LINE('',#400,#407);
#409 = EDGE_CURVE('',#401,#399,#408,.T.);
#410 = ORIENTED_EDGE('',*,*,#409,.F.);
#411 = DIRECTION('',(0.,0.,1.));
#412 = VECTOR('',#411,1.);
#413 = LINE('',#400,#412);
#414 = EDGE_CURVE('',#401,#403,#413,.T.);
#415 = ORIENTED_EDGE('',*,*,#414,.T.);
#416 = DIRECTION('',(0.,1.,0.));
#417 = VECTOR('',#416,1.);
#418 = LINE('',#402,#417);
#419 = EDGE_CURVE('',#403,#405,#418,.T.);
#420 = ORIENTED_EDGE('',*,*,#419,.T.);
#421 = DIRECTION('',(0.,0.,1.));
#422 = VECTOR('',#421,1.);
#423 = LINE('',#398,#422);
#424 = EDGE_CURVE('',#399,#405,#423,.T.);
#425 = ORIENTED_EDGE('',*,*,#424,.F.);
#426 = CARTESIAN_POINT('',(-13.014999999999999,0.315,2.));
#427 = DIRECTION('',(-1.,0.,0.));
#428 = DIRECTION('',(0.,-1.,0.));
#429 = AXIS2_PLACEMENT_3D('',#426,#427,#428);
#430 = PLANE('',#429);
#431 = EDGE_LOOP('',(#410,#415,#420,#425));
#432 = FACE_OUTER_BOUND('',#431,.T.);
#433 = ADVANCED_FACE('',(#432),#430,.T.);
#434 = CARTESIAN_POINT('',(-12.385,0.315,7.4));
#435 = VERTEX_POINT('',#434);
#436 = CARTESIAN_POINT('',(-12.385,0.315,2.));
#437 = VERTEX_POINT('',#436);
#438 = DIRECTION('',(0.,0.,1.));
#439 = VECTOR('',#438,1.);
#440 = LINE('',#436,#439);
#441 = EDGE_CURVE('',#437,#435,#440,.T.);
#442 = ORIENTED_EDGE('',*,*,#441,.F.);
#443 = DIRECTION('',(-1.,0.,0.));
#444 = VECTOR('',#443,1.);
#445 = LINE('',#436,#444);
#446 = EDGE_CURVE('',#437,#399,#445,.T.);
#447 = ORIENTED_EDGE('',*,*,#446,.T.);
#448 = ORIENTED_EDGE('',*,*,#424,.T.);
#449 = DIRECTION('',(-1.,0.,0.));
#450 = VECTOR('',#449,1.);
#451 = LINE('',#434,#450);
#452 = EDGE_CURVE('',#435,#405,#451,.T.);
#453 = ORIENTED_EDGE('',*,*,#452,.F.);
#454 = CARTESIAN_POINT('',(-12.385,0.315,7.4));
#455 = DIRECTION('',(0.,1.,0.));
#456 = DIRECTION('',(0.,0.,-1.));
#457 = AXIS2_PLACEMENT_3D('',#454,#455,#456);
#458 = PLANE('',#457);
#459 = EDGE_LOOP('',(#442,#447,#448,#453));
#460 = FACE_OUTER_BOUND('',#459,.T.);
#461 = ADVANCED_FACE('',(#460),#458,.T.);
#462 = CARTESIAN_POINT('',(-12.875,0.175,8.));
#463 = VERTEX_POINT('',#462);
#464 = CARTESIAN_POINT('',(-12.875,-0.175,8.));
#465 = VERTEX_POINT('',#464);
#466 = DIRECTION('',(-0.22158112824151976,0.2215811282415217,-0.949633406749378));
#467 = VECTOR('',#466,1.);
#468 = LINE('',#462,#467);
#469 = EDGE_CURVE('',#463,#405,#468,.T.);
#470 = ORIENTED_EDGE('',*,*,#469,.T.);
#471 = ORIENTED_EDGE('',*,*,#419,.F.);
#472 = DIRECTION('',(-0.22158112824151976,-0.2215811282415217,-0.949633406749378));
#473 = VECTOR('',#472,1.);
#474 = LINE('',#464,#473);
#475 = EDGE_CURVE('',#465,#403,#474,.T.);
#476 = ORIENTED_EDGE('',*,*,#475,.F.);
#477 = DIRECTION('',(0.,1.,0.));
#478 = VECTOR('',#477,1.);
#479 = LINE('',#464,#478);
#480 = EDGE_CURVE('',#465,#463,#479,.T.);
#481 = ORIENTED_EDGE('',*,*,#480,.T.);
#482 = CARTESIAN_POINT('',(-12.875,0.175,8.));
#483 = DIRECTION('',(-0.9738412097417938,0.,0.22722961560641622));
#484 = DIRECTION('',(-0.22158112824151976,0.2215811282415217,-0.949633406749378));
#485 = AXIS2_PLACEMENT_3D('',#482,#483,#484);
#486 = PLANE('',#485);
#487 = EDGE_LOOP('',(#470,#471,#476,#481));
#488 = FACE_OUTER_BOUND('',#487,.T.);
#489 = ADVANCED_FACE('',(#488),#486,.T.);
#490 = CARTESIAN_POINT('',(-12.385,-0.315,2.));
#491 = VERTEX_POINT('',#490);
#492 = CARTESIAN_POINT('',(-12.385,-0.315,7.4));
#493 = VERTEX_POINT('',#492);
#494 = DIRECTION('',(0.,1.,0.));
#495 = VECTOR('',#494,1.);
#496 = LINE('',#490,#495);
#497 = EDGE_CURVE('',#491,#437,#496,.T.);
#498 = ORIENTED_EDGE('',*,*,#497,.T.);
#499 = ORIENTED_EDGE('',*,*,#441,.T.);
#500 = DIRECTION('',(0.,1.,0.));
#501 = VECTOR('',#500,1.);
#502 = LINE('',#492,#501);
#503 = EDGE_CURVE('',#493,#435,#502,.T.);
#504 = ORIENTED_EDGE('',*,*,#503,.F.);
#505 = DIRECTION('',(0.,0.,1.));
#506 = VECTOR('',#505,1.);
#507 = LINE('',#490,#506);
#508 = EDGE_CURVE('',#491,#493,#507,.T.);
#509 = ORIENTED_EDGE('',*,*,#508,.F.);
#510 = CARTESIAN_POINT('',(-12.385,-0.315,2.));
#511 = DIRECTION('',(1.,0.,0.));
#512 = DIRECTION('',(0.,1.,0.));
#513 = AXIS2_PLACEMENT_3D('',#510,#511,#512);
#514 = PLANE('',#513);
#515 = EDGE_LOOP('',(#498,#499,#504,#509));
#516 = FACE_OUTER_BOUND('',#515,.T.);
#517 = ADVANCED_FACE('',(#516),#514,.T.);
#518 = ORIENTED_EDGE('',*,*,#508,.T.);
#519 = DIRECTION('',(-1.,0.,0.));
#520 = VECTOR('',#519,1.);
#521 = LINE('',#492,#520);
#522 = EDGE_CURVE('',#493,#403,#521,.T.);
#523 = ORIENTED_EDGE('',*,*,#522,.T.);
#524 = ORIENTED_EDGE('',*,*,#414,.F.);
#525 = DIRECTION('',(-1.,0.,0.));
#526 = VECTOR('',#525,1.);
#527 = LINE('',#490,#526);
#528 = EDGE_CURVE('',#491,#401,#527,.T.);
#529 = ORIENTED_EDGE('',*,*,#528,.F.);
#530 = CARTESIAN_POINT('',(-12.385,-0.315,2.));
#531 = DIRECTION('',(0.,-1.,0.));
#532 = DIRECTION('',(0.,0.,1.));
#533 = AXIS2_PLACEMENT_3D('',#530,#531,#532);
#534 = PLANE('',#533);
#535 = EDGE_LOOP('',(#518,#523,#524,#529));
#536 = FACE_OUTER_BOUND('',#535,.T.);
#537 = ADVANCED_FACE('',(#536),#534,.T.);
#538 = ORIENTED_EDGE('',*,*,#528,.T.);
#539 = ORIENTED_EDGE('',*,*,#409,.T.);
#540 = ORIENTED_EDGE('',*,*,#446,.F.);
#541 = ORIENTED_EDGE('',*,*,#497,.F.);
#542 = CARTESIAN_POINT('',(-12.385,-0.315,2.));
#543 = DIRECTION('',(0.,0.,-1.));
#544 = DIRECTION('',(-1.,0.,0.));
#545 = AXIS2_PLACEMENT_3D('',#542,#543,#544);
#546 = PLANE('',#545);
#547 = EDGE_LOOP('',(#538,#539,#540,#541));
#548 = FACE_OUTER_BOUND('',#547,.T.);
#549 = ADVANCED_FACE('',(#548),#546,.T.);
#550 = CARTESIAN_POINT('',(-12.524999999999999,0.175,8.));
#551 = VERTEX_POINT('',#550);
#552 = DIRECTION('',(-0.22158112824151976,-0.2215811282415217,0.949633406749378));
#553 = VECTOR('',#552,1.);
#554 = LINE('',#434,#553);
#555 = EDGE_CURVE('',#435,#551,#554,.T.);
#556 = ORIENTED_EDGE('',*,*,#555,.F.);
#557 = ORIENTED_EDGE('',*,*,#452,.T.);
#558 = ORIENTED_EDGE('',*,*,#469,.F.);
#559 = DIRECTION('',(-1.,0.,0.));
#560 = VECTOR('',#559,1.);
#561 = LINE('',#550,#560);
#562 = EDGE_CURVE('',#551,#463,#561,.T.);
#563 = ORIENTED_EDGE('',*,*,#562,.F.);
#564 = CARTESIAN_POINT('',(-12.524999999999999,0.175,8.));
#565 = DIRECTION('',(0.,0.9738412097417937,0.22722961560641744));
#566 = DIRECTION('',(0.22158112824151976,0.2215811282415217,-0.949633406749378));
#567 = AXIS2_PLACEMENT_3D('',#564,#565,#566);
#568 = PLANE('',#567);
#569 = EDGE_LOOP('',(#556,#557,#558,#563));
#570 = FACE_OUTER_BOUND('',#569,.T.);
#571 = ADVANCED_FACE('',(#570),#568,.T.);
#572 = CARTESIAN_POINT('',(-12.524999999999999,-0.175,8.));
#573 = VERTEX_POINT('',#572);
#574 = DIRECTION('',(-0.22158112824151976,0.2215811282415217,0.949633406749378));
#575 = VECTOR('',#574,1.);
#576 = LINE('',#492,#575);
#577 = EDGE_CURVE('',#493,#573,#576,.T.);
#578 = ORIENTED_EDGE('',*,*,#577,.F.);
#579 = ORIENTED_EDGE('',*,*,#503,.T.);
#580 = ORIENTED_EDGE('',*,*,#555,.T.);
#581 = DIRECTION('',(0.,1.,0.));
#582 = VECTOR('',#581,1.);
#583 = LINE('',#572,#582);
#584 = EDGE_CURVE('',#573,#551,#583,.T.);
#585 = ORIENTED_EDGE('',*,*,#584,.F.);
#586 = CARTESIAN_POINT('',(-12.524999999999999,-0.175,8.));
#587 = DIRECTION('',(0.9738412097417938,0.,0.22722961560641622));
#588 = DIRECTION('',(0.22158112824151976,-0.2215811282415217,-0.949633406749378));
#589 = AXIS2_PLACEMENT_3D('',#586,#587,#588);
#590 = PLANE('',#589);
#591 = EDGE_LOOP('',(#578,#579,#580,#585));
#592 = FACE_OUTER_BOUND('',#591,.T.);
#593 = ADVANCED_FACE('',(#592),#590,.T.);
#594 = ORIENTED_EDGE('',*,*,#584,.T.);
#595 = ORIENTED_EDGE('',*,*,#562,.T.);
#596 = ORIENTED_EDGE('',*,*,#480,.F.);
#597 = DIRECTION('',(-1.,0.,0.));
#598 = VECTOR('',#597,1.);
#599 = LINE('',#572,#598);
#600 = EDGE_CURVE('',#573,#465,#599,.T.);
#601 = ORIENTED_EDGE('',*,*,#600,.F.);
#602 = CARTESIAN_POINT('',(-12.524999999999999,-0.175,8.));
#603 = DIRECTION('',(0.,0.,1.));
#604 = DIRECTION('',(0.,1.,0.));
#605 = AXIS2_PLACEMENT_3D('',#602,#603,#604);
#606 = PLANE('',#605);
#607 = EDGE_LOOP('',(#594,#595,#596,#601));
#608 = FACE_OUTER_BOUND('',#607,.T.);
#609 = ADVANCED_FACE('',(#608),#606,.T.);
#610 = ORIENTED_EDGE('',*,*,#600,.T.);
#611 = ORIENTED_EDGE('',*,*,#475,.T.);
#612 = ORIENTED_EDGE('',*,*,#522,.F.);
#613 = ORIENTED_EDGE('',*,*,#577,.T.);
#614 = CARTESIAN_POINT('',(-12.524999999999999,-0.175,8.));
#615 = DIRECTION('',(0.,-0.9738412097417934,0.22722961560641752));
#616 = DIRECTION('',(-1.,0.,0.));
#617 = AXIS2_PLACEMENT_3D('',#614,#615,#616);
#618 = PLANE('',#617);
#619 = EDGE_LOOP('',(#610,#611,#612,#613));
#620 = FACE_OUTER_BOUND('',#619,.T.);
#621 = ADVANCED_FACE('',(#620),#618,.T.);
#622 = CLOSED_SHELL('',(#433,#461,#489,#517,#537,#549,#571,#593,#609,#621));
#623 = MANIFOLD_SOLID_BREP('',#622);
#624 = COLOUR_RGB('',0.7529411764705882,0.7529411764705882,0.7529411764705882);
#625 = FILL_AREA_STYLE_COLOUR('',#624);
#626 = FILL_AREA_STYLE('',(#625));
#627 = SURFACE_STYLE_FILL_AREA(#626);
#628 = SURFACE_SIDE_STYLE('',(#627));
#629 = SURFACE_STYLE_USAGE(.BOTH.,#628);
#630 = PRESENTATION_STYLE_ASSIGNMENT((#629));
#631 = STYLED_ITEM('',(#630),#623);
#632 = CARTESIAN_POINT('',(-11.43,-1.27,0.));
#633 = VERTEX_POINT('',#632);
#634 = CARTESIAN_POINT('',(-11.43,-1.27,2.));
#635 = VERTEX_POINT('',#634);
#636 = CARTESIAN_POINT('',(-11.43,1.27,2.));
#637 = VERTEX_POINT('',#636);
#638 = CARTESIAN_POINT('',(-11.43,1.27,0.));
#639 = VERTEX_POINT('',#638);
#640 = DIRECTION('',(0.,0.,1.));
#641 = VECTOR('',#640,1.);
#642 = LINE('',#632,#641);
#643 = EDGE_CURVE('',#633,#635,#642,.T.);
#644 = ORIENTED_EDGE('',*,*,#643,.T.);
#645 = DIRECTION('',(0.,1.,0.));
#646 = VECTOR('',#645,1.);
#647 = LINE('',#634,#646);
#648 = EDGE_CURVE('',#635,#637,#647,.T.);
#649 = ORIENTED_EDGE('',*,*,#648,.T.);
#650 = DIRECTION('',(0.,0.,1.));
#651 = VECTOR('',#650,1.);
#652 = LINE('',#638,#651);
#653 = EDGE_CURVE('',#639,#637,#652,.T.);
#654 = ORIENTED_EDGE('',*,*,#653,.F.);
#655 = DIRECTION('',(0.,1.,0.));
#656 = VECTOR('',#655,1.);
#657 = LINE('',#632,#656);
#658 = EDGE_CURVE('',#633,#639,#657,.T.);
#659 = ORIENTED_EDGE('',*,*,#658,.F.);
#660 = CARTESIAN_POINT('',(-11.43,-1.27,0.));
#661 = DIRECTION('',(-1.,0.,0.));
#662 = DIRECTION('',(0.,0.,1.));
#663 = AXIS2_PLACEMENT_3D('',#660,#661,#662);
#664 = PLANE('',#663);
#665 = EDGE_LOOP('',(#644,#649,#654,#659));
#666 = FACE_OUTER_BOUND('',#665,.T.);
#667 = ADVANCED_FACE('',(#666),#664,.T.);
#668 = CARTESIAN_POINT('',(-8.89,-1.27,0.));
#669 = VERTEX_POINT('',#668);
#670 = CARTESIAN_POINT('',(-8.89,1.27,0.));
#671 = VERTEX_POINT('',#670);
#672 = CARTESIAN_POINT('',(-8.89,1.27,2.));
#673 = VERTEX_POINT('',#672);
#674 = CARTESIAN_POINT('',(-8.89,-1.27,2.));
#675 = VERTEX_POINT('',#674);
#676 = DIRECTION('',(0.,1.,0.));
#677 = VECTOR('',#676,1.);
#678 = LINE('',#668,#677);
#679 = EDGE_CURVE('',#669,#671,#678,.T.);
#680 = ORIENTED_EDGE('',*,*,#679,.T.);
#681 = DIRECTION('',(0.,0.,1.));
#682 = VECTOR('',#681,1.);
#683 = LINE('',#670,#682);
#684 = EDGE_CURVE('',#671,#673,#683,.T.);
#685 = ORIENTED_EDGE('',*,*,#684,.T.);
#686 = DIRECTION('',(0.,1.,0.));
#687 = VECTOR('',#686,1.);
#688 = LINE('',#674,#687);
#689 = EDGE_CURVE('',#675,#673,#688,.T.);
#690 = ORIENTED_EDGE('',*,*,#689,.F.);
#691 = DIRECTION('',(0.,0.,1.));
#692 = VECTOR('',#691,1.);
#693 = LINE('',#668,#692);
#694 = EDGE_CURVE('',#669,#675,#693,.T.);
#695 = ORIENTED_EDGE('',*,*,#694,.F.);
#696 = CARTESIAN_POINT('',(-8.89,-1.27,0.));
#697 = DIRECTION('',(1.,0.,0.));
#698 = DIRECTION('',(0.,1.,0.));
#699 = AXIS2_PLACEMENT_3D('',#696,#697,#698);
#700 = PLANE('',#699);
#701 = EDGE_LOOP('',(#680,#685,#690,#695));
#702 = FACE_OUTER_BOUND('',#701,.T.);
#703 = ADVANCED_FACE('',(#702),#700,.T.);
#704 = DIRECTION('',(1.,0.,0.));
#705 = VECTOR('',#704,1.);
#706 = LINE('',#632,#705);
#707 = EDGE_CURVE('',#633,#669,#706,.T.);
#708 = ORIENTED_EDGE('',*,*,#707,.T.);
#709 = ORIENTED_EDGE('',*,*,#694,.T.);
#710 = DIRECTION('',(1.,0.,0.));
#711 = VECTOR('',#710,1.);
#712 = LINE('',#634,#711);
#713 = EDGE_CURVE('',#635,#675,#712,.T.);
#714 = ORIENTED_EDGE('',*,*,#713,.F.);
#715 = ORIENTED_EDGE('',*,*,#643,.F.);
#716 = CARTESIAN_POINT('',(-11.43,-1.27,0.));
#717 = DIRECTION('',(0.,-1.,0.));
#718 = DIRECTION('',(1.,0.,0.));
#719 = AXIS2_PLACEMENT_3D('',#716,#717,#718);
#720 = PLANE('',#719);
#721 = EDGE_LOOP('',(#708,#709,#714,#715));
#722 = FACE_OUTER_BOUND('',#721,.T.);
#723 = ADVANCED_FACE('',(#722),#720,.T.);
#724 = ORIENTED_EDGE('',*,*,#653,.T.);
#725 = DIRECTION('',(1.,0.,0.));
#726 = VECTOR('',#725,1.);
#727 = LINE('',#636,#726);
#728 = EDGE_CURVE('',#637,#673,#727,.T.);
#729 = ORIENTED_EDGE('',*,*,#728,.T.);
#730 = ORIENTED_EDGE('',*,*,#684,.F.);
#731 = DIRECTION('',(1.,0.,0.));
#732 = VECTOR('',#731,1.);
#733 = LINE('',#638,#732);
#734 = EDGE_CURVE('',#639,#671,#733,.T.);
#735 = ORIENTED_EDGE('',*,*,#734,.F.);
#736 = CARTESIAN_POINT('',(-11.43,1.27,0.));
#737 = DIRECTION('',(0.,1.,0.));
#738 = DIRECTION('',(0.,0.,1.));
#739 = AXIS2_PLACEMENT_3D('',#736,#737,#738);
#740 = PLANE('',#739);
#741 = EDGE_LOOP('',(#724,#729,#730,#735));
#742 = FACE_OUTER_BOUND('',#741,.T.);
#743 = ADVANCED_FACE('',(#742),#740,.T.);
#744 = ORIENTED_EDGE('',*,*,#658,.T.);
#745 = ORIENTED_EDGE('',*,*,#734,.T.);
#746 = ORIENTED_EDGE('',*,*,#679,.F.);
#747 = ORIENTED_EDGE('',*,*,#707,.F.);
#748 = CARTESIAN_POINT('',(-11.43,-1.27,0.));
#749 = DIRECTION('',(0.,0.,-1.));
#750 = DIRECTION('',(0.,1.,0.));
#751 = AXIS2_PLACEMENT_3D('',#748,#749,#750);
#752 = PLANE('',#751);
#753 = EDGE_LOOP('',(#744,#745,#746,#747));
#754 = FACE_OUTER_BOUND('',#753,.T.);
#755 = ADVANCED_FACE('',(#754),#752,.T.);
#756 = ORIENTED_EDGE('',*,*,#713,.T.);
#757 = ORIENTED_EDGE('',*,*,#689,.T.);
#758 = ORIENTED_EDGE('',*,*,#728,.F.);
#759 = ORIENTED_EDGE('',*,*,#648,.F.);
#760 = CARTESIAN_POINT('',(-11.43,-1.27,2.));
#761 = DIRECTION('',(0.,0.,1.));
#762 = DIRECTION('',(1.,0.,0.));
#763 = AXIS2_PLACEMENT_3D('',#760,#761,#762);
#764 = PLANE('',#763);
#765 = EDGE_LOOP('',(#756,#757,#758,#759));
#766 = FACE_OUTER_BOUND('',#765,.T.);
#767 = ADVANCED_FACE('',(#766),#764,.T.);
#768 = CLOSED_SHELL('',(#667,#703,#723,#743,#755,#767));
#769 = MANIFOLD_SOLID_BREP('',#768);
#770 = COLOUR_RGB('',0.13333333333333333,0.13333333333333333,0.13333333333333333);
#771 = FILL_AREA_STYLE_COLOUR('',#770);
#772 = FILL_AREA_STYLE('',(#771));
#773 = SURFACE_STYLE_FILL_AREA(#772);
#774 = SURFACE_SIDE_STYLE('',(#773));
#775 = SURFACE_STYLE_USAGE(.BOTH.,#774);
#776 = PRESENTATION_STYLE_ASSIGNMENT((#775));
#777 = STYLED_ITEM('',(#776),#769);
#778 = CARTESIAN_POINT('',(-9.845,-0.315,0.5500000000000003));
#779 = VERTEX_POINT('',#778);
#780 = CARTESIAN_POINT('',(-10.475,-0.315,0.5500000000000003));
#781 = VERTEX_POINT('',#780);
#782 = CARTESIAN_POINT('',(-10.475,-0.315,-2.15));
#783 = VERTEX_POINT('',#782);
#784 = CARTESIAN_POINT('',(-9.845,-0.315,-2.15));
#785 = VERTEX_POINT('',#784);
#786 = DIRECTION('',(1.,0.,0.));
#787 = VECTOR('',#786,1.);
#788 = LINE('',#780,#787);
#789 = EDGE_CURVE('',#781,#779,#788,.T.);
#790 = ORIENTED_EDGE('',*,*,#789,.F.);
#791 = DIRECTION('',(0.,0.,1.));
#792 = VECTOR('',#791,1.);
#793 = LINE('',#782,#792);
#794 = EDGE_CURVE('',#783,#781,#793,.T.);
#795 = ORIENTED_EDGE('',*,*,#794,.F.);
#796 = DIRECTION('',(1.,0.,0.));
#797 = VECTOR('',#796,1.);
#798 = LINE('',#782,#797);
#799 = EDGE_CURVE('',#783,#785,#798,.T.);
#800 = ORIENTED_EDGE('',*,*,#799,.T.);
#801 = DIRECTION('',(0.,0.,1.));
#802 = VECTOR('',#801,1.);
#803 = LINE('',#784,#802);
#804 = EDGE_CURVE('',#785,#779,#803,.T.);
#805 = ORIENTED_EDGE('',*,*,#804,.T.);
#806 = CARTESIAN_POINT('',(-9.845,-0.315,0.5500000000000003));
#807 = DIRECTION('',(0.,-1.,0.));
#808 = DIRECTION('',(-1.,0.,0.));
#809 = AXIS2_PLACEMENT_3D('',#806,#807,#808);
#810 = PLANE('',#809);
#811 = EDGE_LOOP('',(#790,#795,#800,#805));
#812 = FACE_OUTER_BOUND('',#811,.T.);
#813 = ADVANCED_FACE('',(#812),#810,.T.);
#814 = CARTESIAN_POINT('',(-9.845,0.315,-2.15));
#815 = VERTEX_POINT('',#814);
#816 = CARTESIAN_POINT('',(-9.845,0.315,0.5500000000000003));
#817 = VERTEX_POINT('',#816);
#818 = ORIENTED_EDGE('',*,*,#804,.F.);
#819 = DIRECTION('',(0.,1.,0.));
#820 = VECTOR('',#819,1.);
#821 = LINE('',#784,#820);
#822 = EDGE_CURVE('',#785,#815,#821,.T.);
#823 = ORIENTED_EDGE('',*,*,#822,.T.);
#824 = DIRECTION('',(0.,0.,1.));
#825 = VECTOR('',#824,1.);
#826 = LINE('',#814,#825);
#827 = EDGE_CURVE('',#815,#817,#826,.T.);
#828 = ORIENTED_EDGE('',*,*,#827,.T.);
#829 = DIRECTION('',(0.,1.,0.));
#830 = VECTOR('',#829,1.);
#831 = LINE('',#778,#830);
#832 = EDGE_CURVE('',#779,#817,#831,.T.);
#833 = ORIENTED_EDGE('',*,*,#832,.F.);
#834 = CARTESIAN_POINT('',(-9.845,-0.315,0.5500000000000003));
#835 = DIRECTION('',(1.,0.,0.));
#836 = DIRECTION('',(0.,0.,-1.));
#837 = AXIS2_PLACEMENT_3D('',#834,#835,#836);
#838 = PLANE('',#837);
#839 = EDGE_LOOP('',(#818,#823,#828,#833));
#840 = FACE_OUTER_BOUND('',#839,.T.);
#841 = ADVANCED_FACE('',(#840),#838,.T.);
#842 = CARTESIAN_POINT('',(-9.985,-0.175,-2.5));
#843 = VERTEX_POINT('',#842);
#844 = CARTESIAN_POINT('',(-10.335,-0.175,-2.5));
#845 = VERTEX_POINT('',#844);
#846 = DIRECTION('',(-0.34815531191139293,0.348155311911396,-0.87038827977849));
#847 = VECTOR('',#846,1.);
#848 = LINE('',#784,#847);
#849 = EDGE_CURVE('',#785,#843,#848,.T.);
#850 = ORIENTED_EDGE('',*,*,#849,.F.);
#851 = ORIENTED_EDGE('',*,*,#799,.F.);
#852 = DIRECTION('',(-0.34815531191139293,-0.348155311911396,0.87038827977849));
#853 = VECTOR('',#852,1.);
#854 = LINE('',#844,#853);
#855 = EDGE_CURVE('',#845,#783,#854,.T.);
#856 = ORIENTED_EDGE('',*,*,#855,.F.);
#857 = DIRECTION('',(1.,0.,0.));
#858 = VECTOR('',#857,1.);
#859 = LINE('',#844,#858);
#860 = EDGE_CURVE('',#845,#843,#859,.T.);
#861 = ORIENTED_EDGE('',*,*,#860,.T.);
#862 = CARTESIAN_POINT('',(-9.985,-0.175,-2.5));
#863 = DIRECTION('',(0.,-0.9284766908852599,-0.371390676354102));
#864 = DIRECTION('',(0.34815531191139293,-0.348155311911396,0.87038827977849));
#865 = AXIS2_PLACEMENT_3D('',#862,#863,#864);
#866 = PLANE('',#865);
#867 = EDGE_LOOP('',(#850,#851,#856,#861));
#868 = FACE_OUTER_BOUND('',#867,.T.);
#869 = ADVANCED_FACE('',(#868),#866,.T.);
#870 = CARTESIAN_POINT('',(-10.475,0.315,0.5500000000000003));
#871 = VERTEX_POINT('',#870);
#872 = CARTESIAN_POINT('',(-10.475,0.315,-2.15));
#873 = VERTEX_POINT('',#872);
#874 = DIRECTION('',(1.,0.,0.));
#875 = VECTOR('',#874,1.);
#876 = LINE('',#870,#875);
#877 = EDGE_CURVE('',#871,#817,#876,.T.);
#878 = ORIENTED_EDGE('',*,*,#877,.T.);
#879 = ORIENTED_EDGE('',*,*,#827,.F.);
#880 = DIRECTION('',(1.,0.,0.));
#881 = VECTOR('',#880,1.);
#882 = LINE('',#872,#881);
#883 = EDGE_CURVE('',#873,#815,#882,.T.);
#884 = ORIENTED_EDGE('',*,*,#883,.F.);
#885 = DIRECTION('',(0.,0.,1.));
#886 = VECTOR('',#885,1.);
#887 = LINE('',#872,#886);
#888 = EDGE_CURVE('',#873,#871,#887,.T.);
#889 = ORIENTED_EDGE('',*,*,#888,.T.);
#890 = CARTESIAN_POINT('',(-10.475,0.315,0.5500000000000003));
#891 = DIRECTION('',(0.,1.,0.));
#892 = DIRECTION('',(1.,0.,0.));
#893 = AXIS2_PLACEMENT_3D('',#890,#891,#892);
#894 = PLANE('',#893);
#895 = EDGE_LOOP('',(#878,#879,#884,#889));
#896 = FACE_OUTER_BOUND('',#895,.T.);
#897 = ADVANCED_FACE('',(#896),#894,.T.);
#898 = ORIENTED_EDGE('',*,*,#888,.F.);
#899 = DIRECTION('',(0.,1.,0.));
#900 = VECTOR('',#899,1.);
#901 = LINE('',#782,#900);
#902 = EDGE_CURVE('',#783,#873,#901,.T.);
#903 = ORIENTED_EDGE('',*,*,#902,.F.);
#904 = ORIENTED_EDGE('',*,*,#794,.T.);
#905 = DIRECTION('',(0.,1.,0.));
#906 = VECTOR('',#905,1.);
#907 = LINE('',#780,#906);
#908 = EDGE_CURVE('',#781,#871,#907,.T.);
#909 = ORIENTED_EDGE('',*,*,#908,.T.);
#910 = CARTESIAN_POINT('',(-10.475,0.315,0.5500000000000003));
#911 = DIRECTION('',(-1.,0.,0.));
#912 = DIRECTION('',(0.,0.,-1.));
#913 = AXIS2_PLACEMENT_3D('',#910,#911,#912);
#914 = PLANE('',#913);
#915 = EDGE_LOOP('',(#898,#903,#904,#909));
#916 = FACE_OUTER_BOUND('',#915,.T.);
#917 = ADVANCED_FACE('',(#916),#914,.T.);
#918 = ORIENTED_EDGE('',*,*,#908,.F.);
#919 = ORIENTED_EDGE('',*,*,#789,.T.);
#920 = ORIENTED_EDGE('',*,*,#832,.T.);
#921 = ORIENTED_EDGE('',*,*,#877,.F.);
#922 = CARTESIAN_POINT('',(-10.475,0.315,0.5500000000000003));
#923 = DIRECTION('',(0.,0.,1.));
#924 = DIRECTION('',(0.,-1.,0.));
#925 = AXIS2_PLACEMENT_3D('',#922,#923,#924);
#926 = PLANE('',#925);
#927 = EDGE_LOOP('',(#918,#919,#920,#921));
#928 = FACE_OUTER_BOUND('',#927,.T.);
#929 = ADVANCED_FACE('',(#928),#926,.T.);
#930 = CARTESIAN_POINT('',(-9.985,0.175,-2.5));
#931 = VERTEX_POINT('',#930);
#932 = DIRECTION('',(-0.34815531191139293,-0.348155311911396,-0.87038827977849));
#933 = VECTOR('',#932,1.);
#934 = LINE('',#814,#933);
#935 = EDGE_CURVE('',#815,#931,#934,.T.);
#936 = ORIENTED_EDGE('',*,*,#935,.F.);
#937 = ORIENTED_EDGE('',*,*,#822,.F.);
#938 = ORIENTED_EDGE('',*,*,#849,.T.);
#939 = DIRECTION('',(0.,1.,0.));
#940 = VECTOR('',#939,1.);
#941 = LINE('',#842,#940);
#942 = EDGE_CURVE('',#843,#931,#941,.T.);
#943 = ORIENTED_EDGE('',*,*,#942,.T.);
#944 = CARTESIAN_POINT('',(-9.985,0.175,-2.5));
#945 = DIRECTION('',(0.9284766908852604,0.,-0.37139067635410056));
#946 = DIRECTION('',(0.34815531191139293,0.348155311911396,0.87038827977849));
#947 = AXIS2_PLACEMENT_3D('',#944,#945,#946);
#948 = PLANE('',#947);
#949 = EDGE_LOOP('',(#936,#937,#938,#943));
#950 = FACE_OUTER_BOUND('',#949,.T.);
#951 = ADVANCED_FACE('',(#950),#948,.T.);
#952 = CARTESIAN_POINT('',(-10.335,0.175,-2.5));
#953 = VERTEX_POINT('',#952);
#954 = DIRECTION('',(-0.34815531191139293,0.348155311911396,0.87038827977849));
#955 = VECTOR('',#954,1.);
#956 = LINE('',#952,#955);
#957 = EDGE_CURVE('',#953,#873,#956,.T.);
#958 = ORIENTED_EDGE('',*,*,#957,.T.);
#959 = ORIENTED_EDGE('',*,*,#883,.T.);
#960 = ORIENTED_EDGE('',*,*,#935,.T.);
#961 = DIRECTION('',(1.,0.,0.));
#962 = VECTOR('',#961,1.);
#963 = LINE('',#952,#962);
#964 = EDGE_CURVE('',#953,#931,#963,.T.);
#965 = ORIENTED_EDGE('',*,*,#964,.F.);
#966 = CARTESIAN_POINT('',(-10.335,0.175,-2.5));
#967 = DIRECTION('',(0.,0.9284766908852599,-0.371390676354102));
#968 = DIRECTION('',(-0.34815531191139293,0.348155311911396,0.87038827977849));
#969 = AXIS2_PLACEMENT_3D('',#966,#967,#968);
#970 = PLANE('',#969);
#971 = EDGE_LOOP('',(#958,#959,#960,#965));
#972 = FACE_OUTER_BOUND('',#971,.T.);
#973 = ADVANCED_FACE('',(#972),#970,.T.);
#974 = ORIENTED_EDGE('',*,*,#964,.T.);
#975 = ORIENTED_EDGE('',*,*,#942,.F.);
#976 = ORIENTED_EDGE('',*,*,#860,.F.);
#977 = DIRECTION('',(0.,1.,0.));
#978 = VECTOR('',#977,1.);
#979 = LINE('',#844,#978);
#980 = EDGE_CURVE('',#845,#953,#979,.T.);
#981 = ORIENTED_EDGE('',*,*,#980,.T.);
#982 = CARTESIAN_POINT('',(-10.335,0.175,-2.5));
#983 = DIRECTION('',(0.,0.,-1.));
#984 = DIRECTION('',(1.,0.,0.));
#985 = AXIS2_PLACEMENT_3D('',#982,#983,#984);
#986 = PLANE('',#985);
#987 = EDGE_LOOP('',(#974,#975,#976,#981));
#988 = FACE_OUTER_BOUND('',#987,.T.);
#989 = ADVANCED_FACE('',(#988),#986,.T.);
#990 = ORIENTED_EDGE('',*,*,#980,.F.);
#991 = ORIENTED_EDGE('',*,*,#855,.T.);
#992 = ORIENTED_EDGE('',*,*,#902,.T.);
#993 = ORIENTED_EDGE('',*,*,#957,.F.);
#994 = CARTESIAN_POINT('',(-10.335,0.175,-2.5));
#995 = DIRECTION('',(-0.9284766908852605,0.,-0.3713906763541007));
#996 = DIRECTION('',(0.,-1.,0.));
#997 = AXIS2_PLACEMENT_3D('',#994,#995,#996);
#998 = PLANE('',#997);
#999 = EDGE_LOOP('',(#990,#991,#992,#993));
#1000 = FACE_OUTER_BOUND('',#999,.T.);
#1001 = ADVANCED_FACE('',(#1000),#998,.T.);
#1002 = CLOSED_SHELL('',(#813,#841,#869,#897,#917,#929,#951,#973,#989,#1001));
#1003 = MANIFOLD_SOLID_BREP('',#1002);
#1004 = COLOUR_RGB('',0.7529411764705882,0.7529411764705882,0.7529411764705882);
#1005 = FILL_AREA_STYLE_COLOUR('',#1004);
#1006 = FILL_AREA_STYLE('',(#1005));
#1007 = SURFACE_STYLE_FILL_AREA(#1006);
#1008 = SURFACE_SIDE_STYLE('',(#1007));
#1009 = SURFACE_STYLE_USAGE(.BOTH.,#1008);
#1010 = PRESENTATION_STYLE_ASSIGNMENT((#1009));
#1011 = STYLED_ITEM('',(#1010),#1003);
#1012 = CARTESIAN_POINT('',(-9.845,-0.315,2.));
#1013 = VERTEX_POINT('',#1012);
#1014 = CARTESIAN_POINT('',(-9.845,-0.315,7.4));
#1015 = VERTEX_POINT('',#1014);
#1016 = CARTESIAN_POINT('',(-10.475,-0.315,7.4));
#1017 = VERTEX_POINT('',#1016);
#1018 = CARTESIAN_POINT('',(-10.475,-0.315,2.));
#1019 = VERTEX_POINT('',#1018);
#1020 = DIRECTION('',(0.,0.,1.));
#1021 = VECTOR('',#1020,1.);
#1022 = LINE('',#1012,#1021);
#1023 = EDGE_CURVE('',#1013,#1015,#1022,.T.);
#1024 = ORIENTED_EDGE('',*,*,#1023,.T.);
#1025 = DIRECTION('',(1.,0.,0.));
#1026 = VECTOR('',#1025,1.);
#1027 = LINE('',#1016,#1026);
#1028 = EDGE_CURVE('',#1017,#1015,#1027,.T.);
#1029 = ORIENTED_EDGE('',*,*,#1028,.F.);
#1030 = DIRECTION('',(0.,0.,1.));
#1031 = VECTOR('',#1030,1.);
#1032 = LINE('',#1018,#1031);
#1033 = EDGE_CURVE('',#1019,#1017,#1032,.T.);
#1034 = ORIENTED_EDGE('',*,*,#1033,.F.);
#1035 = DIRECTION('',(1.,0.,0.));
#1036 = VECTOR('',#1035,1.);
#1037 = LINE('',#1018,#1036);
#1038 = EDGE_CURVE('',#1019,#1013,#1037,.T.);
#1039 = ORIENTED_EDGE('',*,*,#1038,.T.);
#1040 = CARTESIAN_POINT('',(-9.845,-0.315,2.));
#1041 = DIRECTION('',(0.,-1.,0.));
#1042 = DIRECTION('',(0.,0.,1.));
#1043 = AXIS2_PLACEMENT_3D('',#1040,#1041,#1042);
#1044 = PLANE('',#1043);
#1045 = EDGE_LOOP('',(#1024,#1029,#1034,#1039));
#1046 = FACE_OUTER_BOUND('',#1045,.T.);
#1047 = ADVANCED_FACE('',(#1046),#1044,.T.);
#1048 = CARTESIAN_POINT('',(-9.845,0.315,7.4));
#1049 = VERTEX_POINT('',#1048);
#1050 = CARTESIAN_POINT('',(-9.845,0.315,2.));
#1051 = VERTEX_POINT('',#1050);
#1052 = DIRECTION('',(0.,1.,0.));
#1053 = VECTOR('',#1052,1.);
#1054 = LINE('',#1014,#1053);
#1055 = EDGE_CURVE('',#1015,#1049,#1054,.T.);
#1056 = ORIENTED_EDGE('',*,*,#1055,.F.);
#1057 = ORIENTED_EDGE('',*,*,#1023,.F.);
#1058 = DIRECTION('',(0.,1.,0.));
#1059 = VECTOR('',#1058,1.);
#1060 = LINE('',#1012,#1059);
#1061 = EDGE_CURVE('',#1013,#1051,#1060,.T.);
#1062 = ORIENTED_EDGE('',*,*,#1061,.T.);
#1063 = DIRECTION('',(0.,0.,1.));
#1064 = VECTOR('',#1063,1.);
#1065 = LINE('',#1050,#1064);
#1066 = EDGE_CURVE('',#1051,#1049,#1065,.T.);
#1067 = ORIENTED_EDGE('',*,*,#1066,.T.);
#1068 = CARTESIAN_POINT('',(-9.845,0.315,7.4));
#1069 = DIRECTION('',(1.,0.,0.));
#1070 = DIRECTION('',(0.,-1.,0.));
#1071 = AXIS2_PLACEMENT_3D('',#1068,#1069,#1070);
#1072 = PLANE('',#1071);
#1073 = EDGE_LOOP('',(#1056,#1057,#1062,#1067));
#1074 = FACE_OUTER_BOUND('',#1073,.T.);
#1075 = ADVANCED_FACE('',(#1074),#1072,.T.);
#1076 = CARTESIAN_POINT('',(-10.475,0.315,2.));
#1077 = VERTEX_POINT('',#1076);
#1078 = DIRECTION('',(1.,0.,0.));
#1079 = VECTOR('',#1078,1.);
#1080 = LINE('',#1076,#1079);
#1081 = EDGE_CURVE('',#1077,#1051,#1080,.T.);
#1082 = ORIENTED_EDGE('',*,*,#1081,.T.);
#1083 = ORIENTED_EDGE('',*,*,#1061,.F.);
#1084 = ORIENTED_EDGE('',*,*,#1038,.F.);
#1085 = DIRECTION('',(0.,1.,0.));
#1086 = VECTOR('',#1085,1.);
#1087 = LINE('',#1018,#1086);
#1088 = EDGE_CURVE('',#1019,#1077,#1087,.T.);
#1089 = ORIENTED_EDGE('',*,*,#1088,.T.);
#1090 = CARTESIAN_POINT('',(-10.475,0.315,2.));
#1091 = DIRECTION('',(0.,0.,-1.));
#1092 = DIRECTION('',(1.,0.,0.));
#1093 = AXIS2_PLACEMENT_3D('',#1090,#1091,#1092);
#1094 = PLANE('',#1093);
#1095 = EDGE_LOOP('',(#1082,#1083,#1084,#1089));
#1096 = FACE_OUTER_BOUND('',#1095,.T.);
#1097 = ADVANCED_FACE('',(#1096),#1094,.T.);
#1098 = CARTESIAN_POINT('',(-9.985,-0.175,8.));
#1099 = VERTEX_POINT('',#1098);
#1100 = CARTESIAN_POINT('',(-9.985,0.175,8.));
#1101 = VERTEX_POINT('',#1100);
#1102 = DIRECTION('',(-0.22158112824151976,0.2215811282415217,0.949633406749378));
#1103 = VECTOR('',#1102,1.);
#1104 = LINE('',#1014,#1103);
#1105 = EDGE_CURVE('',#1015,#1099,#1104,.T.);
#1106 = ORIENTED_EDGE('',*,*,#1105,.F.);
#1107 = ORIENTED_EDGE('',*,*,#1055,.T.);
#1108 = DIRECTION('',(-0.22158112824151976,-0.2215811282415217,0.949633406749378));
#1109 = VECTOR('',#1108,1.);
#1110 = LINE('',#1048,#1109);
#1111 = EDGE_CURVE('',#1049,#1101,#1110,.T.);
#1112 = ORIENTED_EDGE('',*,*,#1111,.T.);
#1113 = DIRECTION('',(0.,1.,0.));
#1114 = VECTOR('',#1113,1.);
#1115 = LINE('',#1098,#1114);
#1116 = EDGE_CURVE('',#1099,#1101,#1115,.T.);
#1117 = ORIENTED_EDGE('',*,*,#1116,.F.);
#1118 = CARTESIAN_POINT('',(-9.985,-0.175,8.));
#1119 = DIRECTION('',(0.9738412097417938,0.,0.22722961560641622));
#1120 = DIRECTION('',(0.22158112824151976,-0.2215811282415217,-0.949633406749378));
#1121 = AXIS2_PLACEMENT_3D('',#1118,#1119,#1120);
#1122 = PLANE('',#1121);
#1123 = EDGE_LOOP('',(#1106,#1107,#1112,#1117));
#1124 = FACE_OUTER_BOUND('',#1123,.T.);
#1125 = ADVANCED_FACE('',(#1124),#1122,.T.);
#1126 = CARTESIAN_POINT('',(-10.335,-0.175,8.));
#1127 = VERTEX_POINT('',#1126);
#1128 = DIRECTION('',(1.,0.,0.));
#1129 = VECTOR('',#1128,1.);
#1130 = LINE('',#1126,#1129);
#1131 = EDGE_CURVE('',#1127,#1099,#1130,.T.);
#1132 = ORIENTED_EDGE('',*,*,#1131,.F.);
#1133 = DIRECTION('',(-0.22158112824151976,-0.2215811282415217,-0.949633406749378));
#1134 = VECTOR('',#1133,1.);
#1135 = LINE('',#1126,#1134);
#1136 = EDGE_CURVE('',#1127,#1017,#1135,.T.);
#1137 = ORIENTED_EDGE('',*,*,#1136,.T.);
#1138 = ORIENTED_EDGE('',*,*,#1028,.T.);
#1139 = ORIENTED_EDGE('',*,*,#1105,.T.);
#1140 = CARTESIAN_POINT('',(-9.985,-0.175,8.));
#1141 = DIRECTION('',(0.,-0.9738412097417933,0.2272296156064182));
#1142 = DIRECTION('',(-1.,0.,0.));
#1143 = AXIS2_PLACEMENT_3D('',#1140,#1141,#1142);
#1144 = PLANE('',#1143);
#1145 = EDGE_LOOP('',(#1132,#1137,#1138,#1139));
#1146 = FACE_OUTER_BOUND('',#1145,.T.);
#1147 = ADVANCED_FACE('',(#1146),#1144,.T.);
#1148 = CARTESIAN_POINT('',(-10.475,0.315,7.4));
#1149 = VERTEX_POINT('',#1148);
#1150 = DIRECTION('',(0.,0.,1.));
#1151 = VECTOR('',#1150,1.);
#1152 = LINE('',#1076,#1151);
#1153 = EDGE_CURVE('',#1077,#1149,#1152,.T.);
#1154 = ORIENTED_EDGE('',*,*,#1153,.F.);
#1155 = ORIENTED_EDGE('',*,*,#1088,.F.);
#1156 = ORIENTED_EDGE('',*,*,#1033,.T.);
#1157 = DIRECTION('',(0.,1.,0.));
#1158 = VECTOR('',#1157,1.);
#1159 = LINE('',#1016,#1158);
#1160 = EDGE_CURVE('',#1017,#1149,#1159,.T.);
#1161 = ORIENTED_EDGE('',*,*,#1160,.T.);
#1162 = CARTESIAN_POINT('',(-10.475,0.315,7.4));
#1163 = DIRECTION('',(-1.,0.,0.));
#1164 = DIRECTION('',(0.,0.,-1.));
#1165 = AXIS2_PLACEMENT_3D('',#1162,#1163,#1164);
#1166 = PLANE('',#1165);
#1167 = EDGE_LOOP('',(#1154,#1155,#1156,#1161));
#1168 = FACE_OUTER_BOUND('',#1167,.T.);
#1169 = ADVANCED_FACE('',(#1168),#1166,.T.);
#1170 = DIRECTION('',(1.,0.,0.));
#1171 = VECTOR('',#1170,1.);
#1172 = LINE('',#1148,#1171);
#1173 = EDGE_CURVE('',#1149,#1049,#1172,.T.);
#1174 = ORIENTED_EDGE('',*,*,#1173,.T.);
#1175 = ORIENTED_EDGE('',*,*,#1066,.F.);
#1176 = ORIENTED_EDGE('',*,*,#1081,.F.);
#1177 = ORIENTED_EDGE('',*,*,#1153,.T.);
#1178 = CARTESIAN_POINT('',(-10.475,0.315,7.4));
#1179 = DIRECTION('',(0.,1.,0.));
#1180 = DIRECTION('',(1.,0.,0.));
#1181 = AXIS2_PLACEMENT_3D('',#1178,#1179,#1180);
#1182 = PLANE('',#1181);
#1183 = EDGE_LOOP('',(#1174,#1175,#1176,#1177));
#1184 = FACE_OUTER_BOUND('',#1183,.T.);
#1185 = ADVANCED_FACE('',(#1184),#1182,.T.);
#1186 = CARTESIAN_POINT('',(-10.335,0.175,8.));
#1187 = VERTEX_POINT('',#1186);
#1188 = DIRECTION('',(1.,0.,0.));
#1189 = VECTOR('',#1188,1.);
#1190 = LINE('',#1186,#1189);
#1191 = EDGE_CURVE('',#1187,#1101,#1190,.T.);
#1192 = ORIENTED_EDGE('',*,*,#1191,.T.);
#1193 = ORIENTED_EDGE('',*,*,#1111,.F.);
#1194 = ORIENTED_EDGE('',*,*,#1173,.F.);
#1195 = DIRECTION('',(-0.22158112824151976,0.2215811282415217,-0.949633406749378));
#1196 = VECTOR('',#1195,1.);
#1197 = LINE('',#1186,#1196);
#1198 = EDGE_CURVE('',#1187,#1149,#1197,.T.);
#1199 = ORIENTED_EDGE('',*,*,#1198,.F.);
#1200 = CARTESIAN_POINT('',(-10.335,0.175,8.));
#1201 = DIRECTION('',(0.,0.9738412097417933,0.2272296156064182));
#1202 = DIRECTION('',(1.,0.,0.));
#1203 = AXIS2_PLACEMENT_3D('',#1200,#1201,#1202);
#1204 = PLANE('',#1203);
#1205 = EDGE_LOOP('',(#1192,#1193,#1194,#1199));
#1206 = FACE_OUTER_BOUND('',#1205,.T.);
#1207 = ADVANCED_FACE('',(#1206),#1204,.T.);
#1208 = ORIENTED_EDGE('',*,*,#1198,.T.);
#1209 = ORIENTED_EDGE('',*,*,#1160,.F.);
#1210 = ORIENTED_EDGE('',*,*,#1136,.F.);
#1211 = DIRECTION('',(0.,1.,0.));
#1212 = VECTOR('',#1211,1.);
#1213 = LINE('',#1126,#1212);
#1214 = EDGE_CURVE('',#1127,#1187,#1213,.T.);
#1215 = ORIENTED_EDGE('',*,*,#1214,.T.);
#1216 = CARTESIAN_POINT('',(-10.335,0.175,8.));
#1217 = DIRECTION('',(-0.9738412097417938,0.,0.22722961560641622));
#1218 = DIRECTION('',(-0.22158112824151976,0.2215811282415217,-0.949633406749378));
#1219 = AXIS2_PLACEMENT_3D('',#1216,#1217,#1218);
#1220 = PLANE('',#1219);
#1221 = EDGE_LOOP('',(#1208,#1209,#1210,#1215));
#1222 = FACE_OUTER_BOUND('',#1221,.T.);
#1223 = ADVANCED_FACE('',(#1222),#1220,.T.);
#1224 = ORIENTED_EDGE('',*,*,#1214,.F.);
#1225 = ORIENTED_EDGE('',*,*,#1131,.T.);
#1226 = ORIENTED_EDGE('',*,*,#1116,.T.);
#1227 = ORIENTED_EDGE('',*,*,#1191,.F.);
#1228 = CARTESIAN_POINT('',(-10.335,0.175,8.));
#1229 = DIRECTION('',(0.,0.,1.));
#1230 = DIRECTION('',(0.,-1.,0.));
#1231 = AXIS2_PLACEMENT_3D('',#1228,#1229,#1230);
#1232 = PLANE('',#1231);
#1233 = EDGE_LOOP('',(#1224,#1225,#1226,#1227));
#1234 = FACE_OUTER_BOUND('',#1233,.T.);
#1235 = ADVANCED_FACE('',(#1234),#1232,.T.);
#1236 = CLOSED_SHELL('',(#1047,#1075,#1097,#1125,#1147,#1169,#1185,#1207,#1223,#1235));
#1237 = MANIFOLD_SOLID_BREP('',#1236);
#1238 = COLOUR_RGB('',0.7529411764705882,0.7529411764705882,0.7529411764705882);
#1239 = FILL_AREA_STYLE_COLOUR('',#1238);
#1240 = FILL_AREA_STYLE('',(#1239));
#1241 = SURFACE_STYLE_FILL_AREA(#1240);
#1242 = SURFACE_SIDE_STYLE('',(#1241));
#1243 = SURFACE_STYLE_USAGE(.BOTH.,#1242);
#1244 = PRESENTATION_STYLE_ASSIGNMENT((#1243));
#1245 = STYLED_ITEM('',(#1244),#1237);
#1246 = CARTESIAN_POINT('',(-8.889999999999999,-1.27,0.));
#1247 = VERTEX_POINT('',#1246);
#1248 = CARTESIAN_POINT('',(-8.889999999999999,-1.27,2.));
#1249 = VERTEX_POINT('',#1248);
#1250 = CARTESIAN_POINT('',(-8.889999999999999,1.27,2.));
#1251 = VERTEX_POINT('',#1250);
#1252 = CARTESIAN_POINT('',(-8.889999999999999,1.27,0.));
#1253 = VERTEX_POINT('',#1252);
#1254 = DIRECTION('',(0.,0.,1.));
#1255 = VECTOR('',#1254,1.);
#1256 = LINE('',#1246,#1255);
#1257 = EDGE_CURVE('',#1247,#1249,#1256,.T.);
#1258 = ORIENTED_EDGE('',*,*,#1257,.T.);
#1259 = DIRECTION('',(0.,1.,0.));
#1260 = VECTOR('',#1259,1.);
#1261 = LINE('',#1248,#1260);
#1262 = EDGE_CURVE('',#1249,#1251,#1261,.T.);
#1263 = ORIENTED_EDGE('',*,*,#1262,.T.);
#1264 = DIRECTION('',(0.,0.,1.));
#1265 = VECTOR('',#1264,1.);
#1266 = LINE('',#1252,#1265);
#1267 = EDGE_CURVE('',#1253,#1251,#1266,.T.);
#1268 = ORIENTED_EDGE('',*,*,#1267,.F.);
#1269 = DIRECTION('',(0.,1.,0.));
#1270 = VECTOR('',#1269,1.);
#1271 = LINE('',#1246,#1270);
#1272 = EDGE_CURVE('',#1247,#1253,#1271,.T.);
#1273 = ORIENTED_EDGE('',*,*,#1272,.F.);
#1274 = CARTESIAN_POINT('',(-8.889999999999999,-1.27,0.));
#1275 = DIRECTION('',(-1.,0.,0.));
#1276 = DIRECTION('',(0.,0.,1.));
#1277 = AXIS2_PLACEMENT_3D('',#1274,#1275,#1276);
#1278 = PLANE('',#1277);
#1279 = EDGE_LOOP('',(#1258,#1263,#1268,#1273));
#1280 = FACE_OUTER_BOUND('',#1279,.T.);
#1281 = ADVANCED_FACE('',(#1280),#1278,.T.);
#1282 = CARTESIAN_POINT('',(-6.35,-1.27,0.));
#1283 = VERTEX_POINT('',#1282);
#1284 = CARTESIAN_POINT('',(-6.35,1.27,0.));
#1285 = VERTEX_POINT('',#1284);
#1286 = CARTESIAN_POINT('',(-6.35,1.27,2.));
#1287 = VERTEX_POINT('',#1286);
#1288 = CARTESIAN_POINT('',(-6.35,-1.27,2.));
#1289 = VERTEX_POINT('',#1288);
#1290 = DIRECTION('',(0.,1.,0.));
#1291 = VECTOR('',#1290,1.);
#1292 = LINE('',#1282,#1291);
#1293 = EDGE_CURVE('',#1283,#1285,#1292,.T.);
#1294 = ORIENTED_EDGE('',*,*,#1293,.T.);
#1295 = DIRECTION('',(0.,0.,1.));
#1296 = VECTOR('',#1295,1.);
#1297 = LINE('',#1284,#1296);
#1298 = EDGE_CURVE('',#1285,#1287,#1297,.T.);
#1299 = ORIENTED_EDGE('',*,*,#1298,.T.);
#1300 = DIRECTION('',(0.,1.,0.));
#1301 = VECTOR('',#1300,1.);
#1302 = LINE('',#1288,#1301);
#1303 = EDGE_CURVE('',#1289,#1287,#1302,.T.);
#1304 = ORIENTED_EDGE('',*,*,#1303,.F.);
#1305 = DIRECTION('',(0.,0.,1.));
#1306 = VECTOR('',#1305,1.);
#1307 = LINE('',#1282,#1306);
#1308 = EDGE_CURVE('',#1283,#1289,#1307,.T.);
#1309 = ORIENTED_EDGE('',*,*,#1308,.F.);
#1310 = CARTESIAN_POINT('',(-6.35,-1.27,0.));
#1311 = DIRECTION('',(1.,0.,0.));
#1312 = DIRECTION('',(0.,1.,0.));
#1313 = AXIS2_PLACEMENT_3D('',#1310,#1311,#1312);
#1314 = PLANE('',#1313);
#1315 = EDGE_LOOP('',(#1294,#1299,#1304,#1309));
#1316 = FACE_OUTER_BOUND('',#1315,.T.);
#1317 = ADVANCED_FACE('',(#1316),#1314,.T.);
#1318 = DIRECTION('',(-1.,0.,0.));
#1319 = VECTOR('',#1318,1.);
#1320 = LINE('',#1282,#1319);
#1321 = EDGE_CURVE('',#1283,#1247,#1320,.T.);
#1322 = ORIENTED_EDGE('',*,*,#1321,.F.);
#1323 = ORIENTED_EDGE('',*,*,#1308,.T.);
#1324 = DIRECTION('',(-1.,0.,0.));
#1325 = VECTOR('',#1324,1.);
#1326 = LINE('',#1288,#1325);
#1327 = EDGE_CURVE('',#1289,#1249,#1326,.T.);
#1328 = ORIENTED_EDGE('',*,*,#1327,.T.);
#1329 = ORIENTED_EDGE('',*,*,#1257,.F.);
#1330 = CARTESIAN_POINT('',(-8.889999999999999,-1.27,0.));
#1331 = DIRECTION('',(0.,-1.,0.));
#1332 = DIRECTION('',(1.,0.,0.));
#1333 = AXIS2_PLACEMENT_3D('',#1330,#1331,#1332);
#1334 = PLANE('',#1333);
#1335 = EDGE_LOOP('',(#1322,#1323,#1328,#1329));
#1336 = FACE_OUTER_BOUND('',#1335,.T.);
#1337 = ADVANCED_FACE('',(#1336),#1334,.T.);
#1338 = ORIENTED_EDGE('',*,*,#1267,.T.);
#1339 = DIRECTION('',(-1.,0.,0.));
#1340 = VECTOR('',#1339,1.);
#1341 = LINE('',#1286,#1340);
#1342 = EDGE_CURVE('',#1287,#1251,#1341,.T.);
#1343 = ORIENTED_EDGE('',*,*,#1342,.F.);
#1344 = ORIENTED_EDGE('',*,*,#1298,.F.);
#1345 = DIRECTION('',(-1.,0.,0.));
#1346 = VECTOR('',#1345,1.);
#1347 = LINE('',#1284,#1346);
#1348 = EDGE_CURVE('',#1285,#1253,#1347,.T.);
#1349 = ORIENTED_EDGE('',*,*,#1348,.T.);
#1350 = CARTESIAN_POINT('',(-8.889999999999999,1.27,0.));
#1351 = DIRECTION('',(0.,1.,0.));
#1352 = DIRECTION('',(0.,0.,1.));
#1353 = AXIS2_PLACEMENT_3D('',#1350,#1351,#1352);
#1354 = PLANE('',#1353);
#1355 = EDGE_LOOP('',(#1338,#1343,#1344,#1349));
#1356 = FACE_OUTER_BOUND('',#1355,.T.);
#1357 = ADVANCED_FACE('',(#1356),#1354,.T.);
#1358 = ORIENTED_EDGE('',*,*,#1272,.T.);
#1359 = ORIENTED_EDGE('',*,*,#1348,.F.);
#1360 = ORIENTED_EDGE('',*,*,#1293,.F.);
#1361 = ORIENTED_EDGE('',*,*,#1321,.T.);
#1362 = CARTESIAN_POINT('',(-8.889999999999999,-1.27,0.));
#1363 = DIRECTION('',(0.,0.,-1.));
#1364 = DIRECTION('',(0.,1.,0.));
#1365 = AXIS2_PLACEMENT_3D('',#1362,#1363,#1364);
#1366 = PLANE('',#1365);
#1367 = EDGE_LOOP('',(#1358,#1359,#1360,#1361));
#1368 = FACE_OUTER_BOUND('',#1367,.T.);
#1369 = ADVANCED_FACE('',(#1368),#1366,.T.);
#1370 = ORIENTED_EDGE('',*,*,#1327,.F.);
#1371 = ORIENTED_EDGE('',*,*,#1303,.T.);
#1372 = ORIENTED_EDGE('',*,*,#1342,.T.);
#1373 = ORIENTED_EDGE('',*,*,#1262,.F.);
#1374 = CARTESIAN_POINT('',(-8.889999999999999,-1.27,2.));
#1375 = DIRECTION('',(0.,0.,1.));
#1376 = DIRECTION('',(1.,0.,0.));
#1377 = AXIS2_PLACEMENT_3D('',#1374,#1375,#1376);
#1378 = PLANE('',#1377);
#1379 = EDGE_LOOP('',(#1370,#1371,#1372,#1373));
#1380 = FACE_OUTER_BOUND('',#1379,.T.);
#1381 = ADVANCED_FACE('',(#1380),#1378,.T.);
#1382 = CLOSED_SHELL('',(#1281,#1317,#1337,#1357,#1369,#1381));
#1383 = MANIFOLD_SOLID_BREP('',#1382);
#1384 = COLOUR_RGB('',0.13333333333333333,0.13333333333333333,0.13333333333333333);
#1385 = FILL_AREA_STYLE_COLOUR('',#1384);
#1386 = FILL_AREA_STYLE('',(#1385));
#1387 = SURFACE_STYLE_FILL_AREA(#1386);
#1388 = SURFACE_SIDE_STYLE('',(#1387));
#1389 = SURFACE_STYLE_USAGE(.BOTH.,#1388);
#1390 = PRESENTATION_STYLE_ASSIGNMENT((#1389));
#1391 = STYLED_ITEM('',(#1390),#1383);
#1392 = CARTESIAN_POINT('',(-7.304999999999999,-0.315,0.5500000000000003));
#1393 = VERTEX_POINT('',#1392);
#1394 = CARTESIAN_POINT('',(-7.304999999999999,0.315,0.5500000000000003));
#1395 = VERTEX_POINT('',#1394);
#1396 = CARTESIAN_POINT('',(-7.935,0.315,0.5500000000000003));
#1397 = VERTEX_POINT('',#1396);
#1398 = CARTESIAN_POINT('',(-7.935,-0.315,0.5500000000000003));
#1399 = VERTEX_POINT('',#1398);
#1400 = DIRECTION('',(0.,1.,0.));
#1401 = VECTOR('',#1400,1.);
#1402 = LINE('',#1392,#1401);
#1403 = EDGE_CURVE('',#1393,#1395,#1402,.T.);
#1404 = ORIENTED_EDGE('',*,*,#1403,.T.);
#1405 = DIRECTION('',(-1.,0.,0.));
#1406 = VECTOR('',#1405,1.);
#1407 = LINE('',#1394,#1406);
#1408 = EDGE_CURVE('',#1395,#1397,#1407,.T.);
#1409 = ORIENTED_EDGE('',*,*,#1408,.T.);
#1410 = DIRECTION('',(0.,1.,0.));
#1411 = VECTOR('',#1410,1.);
#1412 = LINE('',#1398,#1411);
#1413 = EDGE_CURVE('',#1399,#1397,#1412,.T.);
#1414 = ORIENTED_EDGE('',*,*,#1413,.F.);
#1415 = DIRECTION('',(-1.,0.,0.));
#1416 = VECTOR('',#1415,1.);
#1417 = LINE('',#1392,#1416);
#1418 = EDGE_CURVE('',#1393,#1399,#1417,.T.);
#1419 = ORIENTED_EDGE('',*,*,#1418,.F.);
#1420 = CARTESIAN_POINT('',(-7.304999999999999,-0.315,0.5500000000000003));
#1421 = DIRECTION('',(0.,0.,1.));
#1422 = DIRECTION('',(0.,1.,0.));
#1423 = AXIS2_PLACEMENT_3D('',#1420,#1421,#1422);
#1424 = PLANE('',#1423);
#1425 = EDGE_LOOP('',(#1404,#1409,#1414,#1419));
#1426 = FACE_OUTER_BOUND('',#1425,.T.);
#1427 = ADVANCED_FACE('',(#1426),#1424,.T.);
#1428 = CARTESIAN_POINT('',(-7.935,0.315,-2.15));
#1429 = VERTEX_POINT('',#1428);
#1430 = CARTESIAN_POINT('',(-7.304999999999999,0.315,-2.15));
#1431 = VERTEX_POINT('',#1430);
#1432 = DIRECTION('',(0.,0.,1.));
#1433 = VECTOR('',#1432,1.);
#1434 = LINE('',#1428,#1433);
#1435 = EDGE_CURVE('',#1429,#1397,#1434,.T.);
#1436 = ORIENTED_EDGE('',*,*,#1435,.T.);
#1437 = ORIENTED_EDGE('',*,*,#1408,.F.);
#1438 = DIRECTION('',(0.,0.,1.));
#1439 = VECTOR('',#1438,1.);
#1440 = LINE('',#1430,#1439);
#1441 = EDGE_CURVE('',#1431,#1395,#1440,.T.);
#1442 = ORIENTED_EDGE('',*,*,#1441,.F.);
#1443 = DIRECTION('',(-1.,0.,0.));
#1444 = VECTOR('',#1443,1.);
#1445 = LINE('',#1430,#1444);
#1446 = EDGE_CURVE('',#1431,#1429,#1445,.T.);
#1447 = ORIENTED_EDGE('',*,*,#1446,.T.);
#1448 = CARTESIAN_POINT('',(-7.935,0.315,-2.15));
#1449 = DIRECTION('',(0.,1.,0.));
#1450 = DIRECTION('',(0.,0.,1.));
#1451 = AXIS2_PLACEMENT_3D('',#1448,#1449,#1450);
#1452 = PLANE('',#1451);
#1453 = EDGE_LOOP('',(#1436,#1437,#1442,#1447));
#1454 = FACE_OUTER_BOUND('',#1453,.T.);
#1455 = ADVANCED_FACE('',(#1454),#1452,.T.);
#1456 = CARTESIAN_POINT('',(-7.935,-0.315,-2.15));
#1457 = VERTEX_POINT('',#1456);
#1458 = DIRECTION('',(0.,1.,0.));
#1459 = VECTOR('',#1458,1.);
#1460 = LINE('',#1456,#1459);
#1461 = EDGE_CURVE('',#1457,#1429,#1460,.T.);
#1462 = ORIENTED_EDGE('',*,*,#1461,.F.);
#1463 = DIRECTION('',(0.,0.,1.));
#1464 = VECTOR('',#1463,1.);
#1465 = LINE('',#1456,#1464);
#1466 = EDGE_CURVE('',#1457,#1399,#1465,.T.);
#1467 = ORIENTED_EDGE('',*,*,#1466,.T.);
#1468 = ORIENTED_EDGE('',*,*,#1413,.T.);
#1469 = ORIENTED_EDGE('',*,*,#1435,.F.);
#1470 = CARTESIAN_POINT('',(-7.935,0.315,-2.15));
#1471 = DIRECTION('',(-1.,0.,0.));
#1472 = DIRECTION('',(0.,-1.,0.));
#1473 = AXIS2_PLACEMENT_3D('',#1470,#1471,#1472);
#1474 = PLANE('',#1473);
#1475 = EDGE_LOOP('',(#1462,#1467,#1468,#1469));
#1476 = FACE_OUTER_BOUND('',#1475,.T.);
#1477 = ADVANCED_FACE('',(#1476),#1474,.T.);
#1478 = CARTESIAN_POINT('',(-7.304999999999999,-0.315,-2.15));
#1479 = VERTEX_POINT('',#1478);
#1480 = DIRECTION('',(0.,1.,0.));
#1481 = VECTOR('',#1480,1.);
#1482 = LINE('',#1478,#1481);
#1483 = EDGE_CURVE('',#1479,#1431,#1482,.T.);
#1484 = ORIENTED_EDGE('',*,*,#1483,.T.);
#1485 = ORIENTED_EDGE('',*,*,#1441,.T.);
#1486 = ORIENTED_EDGE('',*,*,#1403,.F.);
#1487 = DIRECTION('',(0.,0.,1.));
#1488 = VECTOR('',#1487,1.);
#1489 = LINE('',#1478,#1488);
#1490 = EDGE_CURVE('',#1479,#1393,#1489,.T.);
#1491 = ORIENTED_EDGE('',*,*,#1490,.F.);
#1492 = CARTESIAN_POINT('',(-7.304999999999999,-0.315,-2.15));
#1493 = DIRECTION('',(1.,0.,0.));
#1494 = DIRECTION('',(0.,1.,0.));
#1495 = AXIS2_PLACEMENT_3D('',#1492,#1493,#1494);
#1496 = PLANE('',#1495);
#1497 = EDGE_LOOP('',(#1484,#1485,#1486,#1491));
#1498 = FACE_OUTER_BOUND('',#1497,.T.);
#1499 = ADVANCED_FACE('',(#1498),#1496,.T.);
#1500 = ORIENTED_EDGE('',*,*,#1490,.T.);
#1501 = ORIENTED_EDGE('',*,*,#1418,.T.);
#1502 = ORIENTED_EDGE('',*,*,#1466,.F.);
#1503 = DIRECTION('',(-1.,0.,0.));
#1504 = VECTOR('',#1503,1.);
#1505 = LINE('',#1478,#1504);
#1506 = EDGE_CURVE('',#1479,#1457,#1505,.T.);
#1507 = ORIENTED_EDGE('',*,*,#1506,.F.);
#1508 = CARTESIAN_POINT('',(-7.304999999999999,-0.315,-2.15));
#1509 = DIRECTION('',(0.,-1.,0.));
#1510 = DIRECTION('',(0.,0.,1.));
#1511 = AXIS2_PLACEMENT_3D('',#1508,#1509,#1510);
#1512 = PLANE('',#1511);
#1513 = EDGE_LOOP('',(#1500,#1501,#1502,#1507));
#1514 = FACE_OUTER_BOUND('',#1513,.T.);
#1515 = ADVANCED_FACE('',(#1514),#1512,.T.);
#1516 = CARTESIAN_POINT('',(-7.794999999999999,0.175,-2.5));
#1517 = VERTEX_POINT('',#1516);
#1518 = CARTESIAN_POINT('',(-7.444999999999999,0.175,-2.5));
#1519 = VERTEX_POINT('',#1518);
#1520 = DIRECTION('',(-0.3481553119113968,0.3481553119113954,0.8703882797784888));
#1521 = VECTOR('',#1520,1.);
#1522 = LINE('',#1516,#1521);
#1523 = EDGE_CURVE('',#1517,#1429,#1522,.T.);
#1524 = ORIENTED_EDGE('',*,*,#1523,.T.);
#1525 = ORIENTED_EDGE('',*,*,#1446,.F.);
#1526 = DIRECTION('',(-0.3481553119113968,-0.3481553119113954,-0.8703882797784888));
#1527 = VECTOR('',#1526,1.);
#1528 = LINE('',#1430,#1527);
#1529 = EDGE_CURVE('',#1431,#1519,#1528,.T.);
#1530 = ORIENTED_EDGE('',*,*,#1529,.T.);
#1531 = DIRECTION('',(-1.,0.,0.));
#1532 = VECTOR('',#1531,1.);
#1533 = LINE('',#1518,#1532);
#1534 = EDGE_CURVE('',#1519,#1517,#1533,.T.);
#1535 = ORIENTED_EDGE('',*,*,#1534,.T.);
#1536 = CARTESIAN_POINT('',(-7.794999999999999,0.175,-2.5));
#1537 = DIRECTION('',(0.,0.9284766908852591,-0.3713906763541038));
#1538 = DIRECTION('',(-0.3481553119113968,0.3481553119113954,0.8703882797784888));
#1539 = AXIS2_PLACEMENT_3D('',#1536,#1537,#1538);
#1540 = PLANE('',#1539);
#1541 = EDGE_LOOP('',(#1524,#1525,#1530,#1535));
#1542 = FACE_OUTER_BOUND('',#1541,.T.);
#1543 = ADVANCED_FACE('',(#1542),#1540,.T.);
#1544 = CARTESIAN_POINT('',(-7.794999999999999,-0.175,-2.5));
#1545 = VERTEX_POINT('',#1544);
#1546 = DIRECTION('',(0.,1.,0.));
#1547 = VECTOR('',#1546,1.);
#1548 = LINE('',#1544,#1547);
#1549 = EDGE_CURVE('',#1545,#1517,#1548,.T.);
#1550 = ORIENTED_EDGE('',*,*,#1549,.F.);
#1551 = DIRECTION('',(-0.3481553119113968,-0.3481553119113954,0.8703882797784888));
#1552 = VECTOR('',#1551,1.);
#1553 = LINE('',#1544,#1552);
#1554 = EDGE_CURVE('',#1545,#1457,#1553,.T.);
#1555 = ORIENTED_EDGE('',*,*,#1554,.T.);
#1556 = ORIENTED_EDGE('',*,*,#1461,.T.);
#1557 = ORIENTED_EDGE('',*,*,#1523,.F.);
#1558 = CARTESIAN_POINT('',(-7.794999999999999,0.175,-2.5));
#1559 = DIRECTION('',(-0.9284766908852591,0.,-0.3713906763541048));
#1560 = DIRECTION('',(0.,-1.,0.));
#1561 = AXIS2_PLACEMENT_3D('',#1558,#1559,#1560);
#1562 = PLANE('',#1561);
#1563 = EDGE_LOOP('',(#1550,#1555,#1556,#1557));
#1564 = FACE_OUTER_BOUND('',#1563,.T.);
#1565 = ADVANCED_FACE('',(#1564),#1562,.T.);
#1566 = CARTESIAN_POINT('',(-7.444999999999999,-0.175,-2.5));
#1567 = VERTEX_POINT('',#1566);
#1568 = DIRECTION('',(-1.,0.,0.));
#1569 = VECTOR('',#1568,1.);
#1570 = LINE('',#1566,#1569);
#1571 = EDGE_CURVE('',#1567,#1545,#1570,.T.);
#1572 = ORIENTED_EDGE('',*,*,#1571,.T.);
#1573 = ORIENTED_EDGE('',*,*,#1549,.T.);
#1574 = ORIENTED_EDGE('',*,*,#1534,.F.);
#1575 = DIRECTION('',(0.,1.,0.));
#1576 = VECTOR('',#1575,1.);
#1577 = LINE('',#1566,#1576);
#1578 = EDGE_CURVE('',#1567,#1519,#1577,.T.);
#1579 = ORIENTED_EDGE('',*,*,#1578,.F.);
#1580 = CARTESIAN_POINT('',(-7.444999999999999,-0.175,-2.5));
#1581 = DIRECTION('',(0.,0.,-1.));
#1582 = DIRECTION('',(-1.,0.,0.));
#1583 = AXIS2_PLACEMENT_3D('',#1580,#1581,#1582);
#1584 = PLANE('',#1583);
#1585 = EDGE_LOOP('',(#1572,#1573,#1574,#1579));
#1586 = FACE_OUTER_BOUND('',#1585,.T.);
#1587 = ADVANCED_FACE('',(#1586),#1584,.T.);
#1588 = ORIENTED_EDGE('',*,*,#1578,.T.);
#1589 = ORIENTED_EDGE('',*,*,#1529,.F.);
#1590 = ORIENTED_EDGE('',*,*,#1483,.F.);
#1591 = DIRECTION('',(-0.3481553119113968,0.3481553119113954,-0.8703882797784888));
#1592 = VECTOR('',#1591,1.);
#1593 = LINE('',#1478,#1592);
#1594 = EDGE_CURVE('',#1479,#1567,#1593,.T.);
#1595 = ORIENTED_EDGE('',*,*,#1594,.T.);
#1596 = CARTESIAN_POINT('',(-7.444999999999999,-0.175,-2.5));
#1597 = DIRECTION('',(0.9284766908852591,0.,-0.3713906763541048));
#1598 = DIRECTION('',(0.,1.,0.));
#1599 = AXIS2_PLACEMENT_3D('',#1596,#1597,#1598);
#1600 = PLANE('',#1599);
#1601 = EDGE_LOOP('',(#1588,#1589,#1590,#1595));
#1602 = FACE_OUTER_BOUND('',#1601,.T.);
#1603 = ADVANCED_FACE('',(#1602),#1600,.T.);
#1604 = ORIENTED_EDGE('',*,*,#1594,.F.);
#1605 = ORIENTED_EDGE('',*,*,#1506,.T.);
#1606 = ORIENTED_EDGE('',*,*,#1554,.F.);
#1607 = ORIENTED_EDGE('',*,*,#1571,.F.);
#1608 = CARTESIAN_POINT('',(-7.444999999999999,-0.175,-2.5));
#1609 = DIRECTION('',(0.,-0.9284766908852591,-0.3713906763541038));
#1610 = DIRECTION('',(0.3481553119113968,-0.3481553119113954,0.8703882797784888));
#1611 = AXIS2_PLACEMENT_3D('',#1608,#1609,#1610);
#1612 = PLANE('',#1611);
#1613 = EDGE_LOOP('',(#1604,#1605,#1606,#1607));
#1614 = FACE_OUTER_BOUND('',#1613,.T.);
#1615 = ADVANCED_FACE('',(#1614),#1612,.T.);
#1616 = CLOSED_SHELL('',(#1427,#1455,#1477,#1499,#1515,#1543,#1565,#1587,#1603,#1615));
#1617 = MANIFOLD_SOLID_BREP('',#1616);
#1618 = COLOUR_RGB('',0.7529411764705882,0.7529411764705882,0.7529411764705882);
#1619 = FILL_AREA_STYLE_COLOUR('',#1618);
#1620 = FILL_AREA_STYLE('',(#1619));
#1621 = SURFACE_STYLE_FILL_AREA(#1620);
#1622 = SURFACE_SIDE_STYLE('',(#1621));
#1623 = SURFACE_STYLE_USAGE(.BOTH.,#1622);
#1624 = PRESENTATION_STYLE_ASSIGNMENT((#1623));
#1625 = STYLED_ITEM('',(#1624),#1617);
#1626 = CARTESIAN_POINT('',(-7.304999999999999,-0.315,7.4));
#1627 = VERTEX_POINT('',#1626);
#1628 = CARTESIAN_POINT('',(-7.935,-0.315,7.4));
#1629 = VERTEX_POINT('',#1628);
#1630 = CARTESIAN_POINT('',(-7.935,-0.315,2.));
#1631 = VERTEX_POINT('',#1630);
#1632 = CARTESIAN_POINT('',(-7.304999999999999,-0.315,2.));
#1633 = VERTEX_POINT('',#1632);
#1634 = DIRECTION('',(-1.,0.,0.));
#1635 = VECTOR('',#1634,1.);
#1636 = LINE('',#1626,#1635);
#1637 = EDGE_CURVE('',#1627,#1629,#1636,.T.);
#1638 = ORIENTED_EDGE('',*,*,#1637,.T.);
#1639 = DIRECTION('',(0.,0.,1.));
#1640 = VECTOR('',#1639,1.);
#1641 = LINE('',#1630,#1640);
#1642 = EDGE_CURVE('',#1631,#1629,#1641,.T.);
#1643 = ORIENTED_EDGE('',*,*,#1642,.F.);
#1644 = DIRECTION('',(-1.,0.,0.));
#1645 = VECTOR('',#1644,1.);
#1646 = LINE('',#1632,#1645);
#1647 = EDGE_CURVE('',#1633,#1631,#1646,.T.);
#1648 = ORIENTED_EDGE('',*,*,#1647,.F.);
#1649 = DIRECTION('',(0.,0.,1.));
#1650 = VECTOR('',#1649,1.);
#1651 = LINE('',#1632,#1650);
#1652 = EDGE_CURVE('',#1633,#1627,#1651,.T.);
#1653 = ORIENTED_EDGE('',*,*,#1652,.T.);
#1654 = CARTESIAN_POINT('',(-7.304999999999999,-0.315,7.4));
#1655 = DIRECTION('',(0.,-1.,0.));
#1656 = DIRECTION('',(-1.,0.,0.));
#1657 = AXIS2_PLACEMENT_3D('',#1654,#1655,#1656);
#1658 = PLANE('',#1657);
#1659 = EDGE_LOOP('',(#1638,#1643,#1648,#1653));
#1660 = FACE_OUTER_BOUND('',#1659,.T.);
#1661 = ADVANCED_FACE('',(#1660),#1658,.T.);
#1662 = CARTESIAN_POINT('',(-7.935,0.315,2.));
#1663 = VERTEX_POINT('',#1662);
#1664 = CARTESIAN_POINT('',(-7.935,0.315,7.4));
#1665 = VERTEX_POINT('',#1664);
#1666 = DIRECTION('',(0.,1.,0.));
#1667 = VECTOR('',#1666,1.);
#1668 = LINE('',#1630,#1667);
#1669 = EDGE_CURVE('',#1631,#1663,#1668,.T.);
#1670 = ORIENTED_EDGE('',*,*,#1669,.F.);
#1671 = ORIENTED_EDGE('',*,*,#1642,.T.);
#1672 = DIRECTION('',(0.,1.,0.));
#1673 = VECTOR('',#1672,1.);
#1674 = LINE('',#1628,#1673);
#1675 = EDGE_CURVE('',#1629,#1665,#1674,.T.);
#1676 = ORIENTED_EDGE('',*,*,#1675,.T.);
#1677 = DIRECTION('',(0.,0.,1.));
#1678 = VECTOR('',#1677,1.);
#1679 = LINE('',#1662,#1678);
#1680 = EDGE_CURVE('',#1663,#1665,#1679,.T.);
#1681 = ORIENTED_EDGE('',*,*,#1680,.F.);
#1682 = CARTESIAN_POINT('',(-7.935,0.315,2.));
#1683 = DIRECTION('',(-1.,0.,0.));
#1684 = DIRECTION('',(0.,-1.,0.));
#1685 = AXIS2_PLACEMENT_3D('',#1682,#1683,#1684);
#1686 = PLANE('',#1685);
#1687 = EDGE_LOOP('',(#1670,#1671,#1676,#1681));
#1688 = FACE_OUTER_BOUND('',#1687,.T.);
#1689 = ADVANCED_FACE('',(#1688),#1686,.T.);
#1690 = CARTESIAN_POINT('',(-7.304999999999999,0.315,2.));
#1691 = VERTEX_POINT('',#1690);
#1692 = DIRECTION('',(-1.,0.,0.));
#1693 = VECTOR('',#1692,1.);
#1694 = LINE('',#1690,#1693);
#1695 = EDGE_CURVE('',#1691,#1663,#1694,.T.);
#1696 = ORIENTED_EDGE('',*,*,#1695,.F.);
#1697 = DIRECTION('',(0.,1.,0.));
#1698 = VECTOR('',#1697,1.);
#1699 = LINE('',#1632,#1698);
#1700 = EDGE_CURVE('',#1633,#1691,#1699,.T.);
#1701 = ORIENTED_EDGE('',*,*,#1700,.F.);
#1702 = ORIENTED_EDGE('',*,*,#1647,.T.);
#1703 = ORIENTED_EDGE('',*,*,#1669,.T.);
#1704 = CARTESIAN_POINT('',(-7.935,0.315,2.));
#1705 = DIRECTION('',(0.,0.,-1.));
#1706 = DIRECTION('',(1.,0.,0.));
#1707 = AXIS2_PLACEMENT_3D('',#1704,#1705,#1706);
#1708 = PLANE('',#1707);
#1709 = EDGE_LOOP('',(#1696,#1701,#1702,#1703));
#1710 = FACE_OUTER_BOUND('',#1709,.T.);
#1711 = ADVANCED_FACE('',(#1710),#1708,.T.);
#1712 = CARTESIAN_POINT('',(-7.444999999999999,-0.175,8.));
#1713 = VERTEX_POINT('',#1712);
#1714 = CARTESIAN_POINT('',(-7.794999999999999,-0.175,8.));
#1715 = VERTEX_POINT('',#1714);
#1716 = DIRECTION('',(-1.,0.,0.));
#1717 = VECTOR('',#1716,1.);
#1718 = LINE('',#1712,#1717);
#1719 = EDGE_CURVE('',#1713,#1715,#1718,.T.);
#1720 = ORIENTED_EDGE('',*,*,#1719,.T.);
#1721 = DIRECTION('',(-0.22158112824152243,-0.22158112824152154,-0.9496334067493774));
#1722 = VECTOR('',#1721,1.);
#1723 = LINE('',#1714,#1722);
#1724 = EDGE_CURVE('',#1715,#1629,#1723,.T.);
#1725 = ORIENTED_EDGE('',*,*,#1724,.T.);
#1726 = ORIENTED_EDGE('',*,*,#1637,.F.);
#1727 = DIRECTION('',(-0.22158112824152243,0.22158112824152154,0.9496334067493774));
#1728 = VECTOR('',#1727,1.);
#1729 = LINE('',#1626,#1728);
#1730 = EDGE_CURVE('',#1627,#1713,#1729,.T.);
#1731 = ORIENTED_EDGE('',*,*,#1730,.T.);
#1732 = CARTESIAN_POINT('',(-7.444999999999999,-0.175,8.));
#1733 = DIRECTION('',(0.,-0.9738412097417931,0.22722961560641877));
#1734 = DIRECTION('',(-1.,0.,0.));
#1735 = AXIS2_PLACEMENT_3D('',#1732,#1733,#1734);
#1736 = PLANE('',#1735);
#1737 = EDGE_LOOP('',(#1720,#1725,#1726,#1731));
#1738 = FACE_OUTER_BOUND('',#1737,.T.);
#1739 = ADVANCED_FACE('',(#1738),#1736,.T.);
#1740 = CARTESIAN_POINT('',(-7.304999999999999,0.315,7.4));
#1741 = VERTEX_POINT('',#1740);
#1742 = DIRECTION('',(0.,0.,1.));
#1743 = VECTOR('',#1742,1.);
#1744 = LINE('',#1690,#1743);
#1745 = EDGE_CURVE('',#1691,#1741,#1744,.T.);
#1746 = ORIENTED_EDGE('',*,*,#1745,.F.);
#1747 = ORIENTED_EDGE('',*,*,#1695,.T.);
#1748 = ORIENTED_EDGE('',*,*,#1680,.T.);
#1749 = DIRECTION('',(-1.,0.,0.));
#1750 = VECTOR('',#1749,1.);
#1751 = LINE('',#1740,#1750);
#1752 = EDGE_CURVE('',#1741,#1665,#1751,.T.);
#1753 = ORIENTED_EDGE('',*,*,#1752,.F.);
#1754 = CARTESIAN_POINT('',(-7.304999999999999,0.315,7.4));
#1755 = DIRECTION('',(0.,1.,0.));
#1756 = DIRECTION('',(0.,0.,-1.));
#1757 = AXIS2_PLACEMENT_3D('',#1754,#1755,#1756);
#1758 = PLANE('',#1757);
#1759 = EDGE_LOOP('',(#1746,#1747,#1748,#1753));
#1760 = FACE_OUTER_BOUND('',#1759,.T.);
#1761 = ADVANCED_FACE('',(#1760),#1758,.T.);
#1762 = CARTESIAN_POINT('',(-7.444999999999999,0.175,8.));
#1763 = VERTEX_POINT('',#1762);
#1764 = DIRECTION('',(-0.22158112824152243,-0.22158112824152154,0.9496334067493774));
#1765 = VECTOR('',#1764,1.);
#1766 = LINE('',#1740,#1765);
#1767 = EDGE_CURVE('',#1741,#1763,#1766,.T.);
#1768 = ORIENTED_EDGE('',*,*,#1767,.T.);
#1769 = DIRECTION('',(0.,1.,0.));
#1770 = VECTOR('',#1769,1.);
#1771 = LINE('',#1712,#1770);
#1772 = EDGE_CURVE('',#1713,#1763,#1771,.T.);
#1773 = ORIENTED_EDGE('',*,*,#1772,.F.);
#1774 = ORIENTED_EDGE('',*,*,#1730,.F.);
#1775 = DIRECTION('',(0.,1.,0.));
#1776 = VECTOR('',#1775,1.);
#1777 = LINE('',#1626,#1776);
#1778 = EDGE_CURVE('',#1627,#1741,#1777,.T.);
#1779 = ORIENTED_EDGE('',*,*,#1778,.T.);
#1780 = CARTESIAN_POINT('',(-7.304999999999999,0.315,7.4));
#1781 = DIRECTION('',(0.9738412097417932,0.,0.22722961560641894));
#1782 = DIRECTION('',(-0.22158112824152243,-0.22158112824152154,0.9496334067493774));
#1783 = AXIS2_PLACEMENT_3D('',#1780,#1781,#1782);
#1784 = PLANE('',#1783);
#1785 = EDGE_LOOP('',(#1768,#1773,#1774,#1779));
#1786 = FACE_OUTER_BOUND('',#1785,.T.);
#1787 = ADVANCED_FACE('',(#1786),#1784,.T.);
#1788 = ORIENTED_EDGE('',*,*,#1778,.F.);
#1789 = ORIENTED_EDGE('',*,*,#1652,.F.);
#1790 = ORIENTED_EDGE('',*,*,#1700,.T.);
#1791 = ORIENTED_EDGE('',*,*,#1745,.T.);
#1792 = CARTESIAN_POINT('',(-7.304999999999999,0.315,7.4));
#1793 = DIRECTION('',(1.,0.,0.));
#1794 = DIRECTION('',(0.,-1.,0.));
#1795 = AXIS2_PLACEMENT_3D('',#1792,#1793,#1794);
#1796 = PLANE('',#1795);
#1797 = EDGE_LOOP('',(#1788,#1789,#1790,#1791));
#1798 = FACE_OUTER_BOUND('',#1797,.T.);
#1799 = ADVANCED_FACE('',(#1798),#1796,.T.);
#1800 = CARTESIAN_POINT('',(-7.794999999999999,0.175,8.));
#1801 = VERTEX_POINT('',#1800);
#1802 = DIRECTION('',(0.,1.,0.));
#1803 = VECTOR('',#1802,1.);
#1804 = LINE('',#1714,#1803);
#1805 = EDGE_CURVE('',#1715,#1801,#1804,.T.);
#1806 = ORIENTED_EDGE('',*,*,#1805,.F.);
#1807 = ORIENTED_EDGE('',*,*,#1719,.F.);
#1808 = ORIENTED_EDGE('',*,*,#1772,.T.);
#1809 = DIRECTION('',(-1.,0.,0.));
#1810 = VECTOR('',#1809,1.);
#1811 = LINE('',#1762,#1810);
#1812 = EDGE_CURVE('',#1763,#1801,#1811,.T.);
#1813 = ORIENTED_EDGE('',*,*,#1812,.T.);
#1814 = CARTESIAN_POINT('',(-7.794999999999999,0.175,8.));
#1815 = DIRECTION('',(0.,0.,1.));
#1816 = DIRECTION('',(0.,-1.,0.));
#1817 = AXIS2_PLACEMENT_3D('',#1814,#1815,#1816);
#1818 = PLANE('',#1817);
#1819 = EDGE_LOOP('',(#1806,#1807,#1808,#1813));
#1820 = FACE_OUTER_BOUND('',#1819,.T.);
#1821 = ADVANCED_FACE('',(#1820),#1818,.T.);
#1822 = ORIENTED_EDGE('',*,*,#1812,.F.);
#1823 = ORIENTED_EDGE('',*,*,#1767,.F.);
#1824 = ORIENTED_EDGE('',*,*,#1752,.T.);
#1825 = DIRECTION('',(-0.22158112824152243,0.22158112824152154,-0.9496334067493774));
#1826 = VECTOR('',#1825,1.);
#1827 = LINE('',#1800,#1826);
#1828 = EDGE_CURVE('',#1801,#1665,#1827,.T.);
#1829 = ORIENTED_EDGE('',*,*,#1828,.F.);
#1830 = CARTESIAN_POINT('',(-7.794999999999999,0.175,8.));
#1831 = DIRECTION('',(0.,0.9738412097417931,0.22722961560641877));
#1832 = DIRECTION('',(1.,0.,0.));
#1833 = AXIS2_PLACEMENT_3D('',#1830,#1831,#1832);
#1834 = PLANE('',#1833);
#1835 = EDGE_LOOP('',(#1822,#1823,#1824,#1829));
#1836 = FACE_OUTER_BOUND('',#1835,.T.);
#1837 = ADVANCED_FACE('',(#1836),#1834,.T.);
#1838 = ORIENTED_EDGE('',*,*,#1828,.T.);
#1839 = ORIENTED_EDGE('',*,*,#1675,.F.);
#1840 = ORIENTED_EDGE('',*,*,#1724,.F.);
#1841 = ORIENTED_EDGE('',*,*,#1805,.T.);
#1842 = CARTESIAN_POINT('',(-7.794999999999999,0.175,8.));
#1843 = DIRECTION('',(-0.9738412097417932,0.,0.22722961560641894));
#1844 = DIRECTION('',(-0.22158112824152243,0.22158112824152154,-0.9496334067493774));
#1845 = AXIS2_PLACEMENT_3D('',#1842,#1843,#1844);
#1846 = PLANE('',#1845);
#1847 = EDGE_LOOP('',(#1838,#1839,#1840,#1841));
#1848 = FACE_OUTER_BOUND('',#1847,.T.);
#1849 = ADVANCED_FACE('',(#1848),#1846,.T.);
#1850 = CLOSED_SHELL('',(#1661,#1689,#1711,#1739,#1761,#1787,#1799,#1821,#1837,#1849));
#1851 = MANIFOLD_SOLID_BREP('',#1850);
#1852 = COLOUR_RGB('',0.7529411764705882,0.7529411764705882,0.7529411764705882);
#1853 = FILL_AREA_STYLE_COLOUR('',#1852);
#1854 = FILL_AREA_STYLE('',(#1853));
#1855 = SURFACE_STYLE_FILL_AREA(#1854);
#1856 = SURFACE_SIDE_STYLE('',(#1855));
#1857 = SURFACE_STYLE_USAGE(.BOTH.,#1856);
#1858 = PRESENTATION_STYLE_ASSIGNMENT((#1857));
#1859 = STYLED_ITEM('',(#1858),#1851);
#1860 = CARTESIAN_POINT('',(-6.35,-1.27,0.));
#1861 = VERTEX_POINT('',#1860);
#1862 = CARTESIAN_POINT('',(-6.35,-1.27,2.));
#1863 = VERTEX_POINT('',#1862);
#1864 = CARTESIAN_POINT('',(-6.35,1.27,2.));
#1865 = VERTEX_POINT('',#1864);
#1866 = CARTESIAN_POINT('',(-6.35,1.27,0.));
#1867 = VERTEX_POINT('',#1866);
#1868 = DIRECTION('',(0.,0.,1.));
#1869 = VECTOR('',#1868,1.);
#1870 = LINE('',#1860,#1869);
#1871 = EDGE_CURVE('',#1861,#1863,#1870,.T.);
#1872 = ORIENTED_EDGE('',*,*,#1871,.T.);
#1873 = DIRECTION('',(0.,1.,0.));
#1874 = VECTOR('',#1873,1.);
#1875 = LINE('',#1862,#1874);
#1876 = EDGE_CURVE('',#1863,#1865,#1875,.T.);
#1877 = ORIENTED_EDGE('',*,*,#1876,.T.);
#1878 = DIRECTION('',(0.,0.,1.));
#1879 = VECTOR('',#1878,1.);
#1880 = LINE('',#1866,#1879);
#1881 = EDGE_CURVE('',#1867,#1865,#1880,.T.);
#1882 = ORIENTED_EDGE('',*,*,#1881,.F.);
#1883 = DIRECTION('',(0.,1.,0.));
#1884 = VECTOR('',#1883,1.);
#1885 = LINE('',#1860,#1884);
#1886 = EDGE_CURVE('',#1861,#1867,#1885,.T.);
#1887 = ORIENTED_EDGE('',*,*,#1886,.F.);
#1888 = CARTESIAN_POINT('',(-6.35,-1.27,0.));
#1889 = DIRECTION('',(-1.,0.,0.));
#1890 = DIRECTION('',(0.,0.,1.));
#1891 = AXIS2_PLACEMENT_3D('',#1888,#1889,#1890);
#1892 = PLANE('',#1891);
#1893 = EDGE_LOOP('',(#1872,#1877,#1882,#1887));
#1894 = FACE_OUTER_BOUND('',#1893,.T.);
#1895 = ADVANCED_FACE('',(#1894),#1892,.T.);
#1896 = CARTESIAN_POINT('',(-3.809999999999999,-1.27,0.));
#1897 = VERTEX_POINT('',#1896);
#1898 = CARTESIAN_POINT('',(-3.809999999999999,1.27,0.));
#1899 = VERTEX_POINT('',#1898);
#1900 = CARTESIAN_POINT('',(-3.809999999999999,1.27,2.));
#1901 = VERTEX_POINT('',#1900);
#1902 = CARTESIAN_POINT('',(-3.809999999999999,-1.27,2.));
#1903 = VERTEX_POINT('',#1902);
#1904 = DIRECTION('',(0.,1.,0.));
#1905 = VECTOR('',#1904,1.);
#1906 = LINE('',#1896,#1905);
#1907 = EDGE_CURVE('',#1897,#1899,#1906,.T.);
#1908 = ORIENTED_EDGE('',*,*,#1907,.T.);
#1909 = DIRECTION('',(0.,0.,1.));
#1910 = VECTOR('',#1909,1.);
#1911 = LINE('',#1898,#1910);
#1912 = EDGE_CURVE('',#1899,#1901,#1911,.T.);
#1913 = ORIENTED_EDGE('',*,*,#1912,.T.);
#1914 = DIRECTION('',(0.,1.,0.));
#1915 = VECTOR('',#1914,1.);
#1916 = LINE('',#1902,#1915);
#1917 = EDGE_CURVE('',#1903,#1901,#1916,.T.);
#1918 = ORIENTED_EDGE('',*,*,#1917,.F.);
#1919 = DIRECTION('',(0.,0.,1.));
#1920 = VECTOR('',#1919,1.);
#1921 = LINE('',#1896,#1920);
#1922 = EDGE_CURVE('',#1897,#1903,#1921,.T.);
#1923 = ORIENTED_EDGE('',*,*,#1922,.F.);
#1924 = CARTESIAN_POINT('',(-3.809999999999999,-1.27,0.));
#1925 = DIRECTION('',(1.,0.,0.));
#1926 = DIRECTION('',(0.,1.,0.));
#1927 = AXIS2_PLACEMENT_3D('',#1924,#1925,#1926);
#1928 = PLANE('',#1927);
#1929 = EDGE_LOOP('',(#1908,#1913,#1918,#1923));
#1930 = FACE_OUTER_BOUND('',#1929,.T.);
#1931 = ADVANCED_FACE('',(#1930),#1928,.T.);
#1932 = DIRECTION('',(-1.,0.,0.));
#1933 = VECTOR('',#1932,1.);
#1934 = LINE('',#1896,#1933);
#1935 = EDGE_CURVE('',#1897,#1861,#1934,.T.);
#1936 = ORIENTED_EDGE('',*,*,#1935,.F.);
#1937 = ORIENTED_EDGE('',*,*,#1922,.T.);
#1938 = DIRECTION('',(-1.,0.,0.));
#1939 = VECTOR('',#1938,1.);
#1940 = LINE('',#1902,#1939);
#1941 = EDGE_CURVE('',#1903,#1863,#1940,.T.);
#1942 = ORIENTED_EDGE('',*,*,#1941,.T.);
#1943 = ORIENTED_EDGE('',*,*,#1871,.F.);
#1944 = CARTESIAN_POINT('',(-6.35,-1.27,0.));
#1945 = DIRECTION('',(0.,-1.,0.));
#1946 = DIRECTION('',(1.,0.,0.));
#1947 = AXIS2_PLACEMENT_3D('',#1944,#1945,#1946);
#1948 = PLANE('',#1947);
#1949 = EDGE_LOOP('',(#1936,#1937,#1942,#1943));
#1950 = FACE_OUTER_BOUND('',#1949,.T.);
#1951 = ADVANCED_FACE('',(#1950),#1948,.T.);
#1952 = ORIENTED_EDGE('',*,*,#1881,.T.);
#1953 = DIRECTION('',(-1.,0.,0.));
#1954 = VECTOR('',#1953,1.);
#1955 = LINE('',#1900,#1954);
#1956 = EDGE_CURVE('',#1901,#1865,#1955,.T.);
#1957 = ORIENTED_EDGE('',*,*,#1956,.F.);
#1958 = ORIENTED_EDGE('',*,*,#1912,.F.);
#1959 = DIRECTION('',(-1.,0.,0.));
#1960 = VECTOR('',#1959,1.);
#1961 = LINE('',#1898,#1960);
#1962 = EDGE_CURVE('',#1899,#1867,#1961,.T.);
#1963 = ORIENTED_EDGE('',*,*,#1962,.T.);
#1964 = CARTESIAN_POINT('',(-6.35,1.27,0.));
#1965 = DIRECTION('',(0.,1.,0.));
#1966 = DIRECTION('',(0.,0.,1.));
#1967 = AXIS2_PLACEMENT_3D('',#1964,#1965,#1966);
#1968 = PLANE('',#1967);
#1969 = EDGE_LOOP('',(#1952,#1957,#1958,#1963));
#1970 = FACE_OUTER_BOUND('',#1969,.T.);
#1971 = ADVANCED_FACE('',(#1970),#1968,.T.);
#1972 = ORIENTED_EDGE('',*,*,#1886,.T.);
#1973 = ORIENTED_EDGE('',*,*,#1962,.F.);
#1974 = ORIENTED_EDGE('',*,*,#1907,.F.);
#1975 = ORIENTED_EDGE('',*,*,#1935,.T.);
#1976 = CARTESIAN_POINT('',(-6.35,-1.27,0.));
#1977 = DIRECTION('',(0.,0.,-1.));
#1978 = DIRECTION('',(0.,1.,0.));
#1979 = AXIS2_PLACEMENT_3D('',#1976,#1977,#1978);
#1980 = PLANE('',#1979);
#1981 = EDGE_LOOP('',(#1972,#1973,#1974,#1975));
#1982 = FACE_OUTER_BOUND('',#1981,.T.);
#1983 = ADVANCED_FACE('',(#1982),#1980,.T.);
#1984 = ORIENTED_EDGE('',*,*,#1941,.F.);
#1985 = ORIENTED_EDGE('',*,*,#1917,.T.);
#1986 = ORIENTED_EDGE('',*,*,#1956,.T.);
#1987 = ORIENTED_EDGE('',*,*,#1876,.F.);
#1988 = CARTESIAN_POINT('',(-6.35,-1.27,2.));
#1989 = DIRECTION('',(0.,0.,1.));
#1990 = DIRECTION('',(1.,0.,0.));
#1991 = AXIS2_PLACEMENT_3D('',#1988,#1989,#1990);
#1992 = PLANE('',#1991);
#1993 = EDGE_LOOP('',(#1984,#1985,#1986,#1987));
#1994 = FACE_OUTER_BOUND('',#1993,.T.);
#1995 = ADVANCED_FACE('',(#1994),#1992,.T.);
#1996 = CLOSED_SHELL('',(#1895,#1931,#1951,#1971,#1983,#1995));
#1997 = MANIFOLD_SOLID_BREP('',#1996);
#1998 = COLOUR_RGB('',0.13333333333333333,0.13333333333333333,0.13333333333333333);
#1999 = FILL_AREA_STYLE_COLOUR('',#1998);
#2000 = FILL_AREA_STYLE('',(#1999));
#2001 = SURFACE_STYLE_FILL_AREA(#2000);
#2002 = SURFACE_SIDE_STYLE('',(#2001));
#2003 = SURFACE_STYLE_USAGE(.BOTH.,#2002);
#2004 = PRESENTATION_STYLE_ASSIGNMENT((#2003));
#2005 = STYLED_ITEM('',(#2004),#1997);
#2006 = CARTESIAN_POINT('',(-4.764999999999999,-0.315,0.5500000000000003));
#2007 = VERTEX_POINT('',#2006);
#2008 = CARTESIAN_POINT('',(-4.764999999999999,0.315,0.5500000000000003));
#2009 = VERTEX_POINT('',#2008);
#2010 = CARTESIAN_POINT('',(-5.395,0.315,0.5500000000000003));
#2011 = VERTEX_POINT('',#2010);
#2012 = CARTESIAN_POINT('',(-5.395,-0.315,0.5500000000000003));
#2013 = VERTEX_POINT('',#2012);
#2014 = DIRECTION('',(0.,1.,0.));
#2015 = VECTOR('',#2014,1.);
#2016 = LINE('',#2006,#2015);
#2017 = EDGE_CURVE('',#2007,#2009,#2016,.T.);
#2018 = ORIENTED_EDGE('',*,*,#2017,.T.);
#2019 = DIRECTION('',(-1.,0.,0.));
#2020 = VECTOR('',#2019,1.);
#2021 = LINE('',#2008,#2020);
#2022 = EDGE_CURVE('',#2009,#2011,#2021,.T.);
#2023 = ORIENTED_EDGE('',*,*,#2022,.T.);
#2024 = DIRECTION('',(0.,1.,0.));
#2025 = VECTOR('',#2024,1.);
#2026 = LINE('',#2012,#2025);
#2027 = EDGE_CURVE('',#2013,#2011,#2026,.T.);
#2028 = ORIENTED_EDGE('',*,*,#2027,.F.);
#2029 = DIRECTION('',(-1.,0.,0.));
#2030 = VECTOR('',#2029,1.);
#2031 = LINE('',#2006,#2030);
#2032 = EDGE_CURVE('',#2007,#2013,#2031,.T.);
#2033 = ORIENTED_EDGE('',*,*,#2032,.F.);
#2034 = CARTESIAN_POINT('',(-4.764999999999999,-0.315,0.5500000000000003));
#2035 = DIRECTION('',(0.,0.,1.));
#2036 = DIRECTION('',(0.,1.,0.));
#2037 = AXIS2_PLACEMENT_3D('',#2034,#2035,#2036);
#2038 = PLANE('',#2037);
#2039 = EDGE_LOOP('',(#2018,#2023,#2028,#2033));
#2040 = FACE_OUTER_BOUND('',#2039,.T.);
#2041 = ADVANCED_FACE('',(#2040),#2038,.T.);
#2042 = CARTESIAN_POINT('',(-5.395,0.315,-2.15));
#2043 = VERTEX_POINT('',#2042);
#2044 = CARTESIAN_POINT('',(-4.764999999999999,0.315,-2.15));
#2045 = VERTEX_POINT('',#2044);
#2046 = DIRECTION('',(0.,0.,1.));
#2047 = VECTOR('',#2046,1.);
#2048 = LINE('',#2042,#2047);
#2049 = EDGE_CURVE('',#2043,#2011,#2048,.T.);
#2050 = ORIENTED_EDGE('',*,*,#2049,.T.);
#2051 = ORIENTED_EDGE('',*,*,#2022,.F.);
#2052 = DIRECTION('',(0.,0.,1.));
#2053 = VECTOR('',#2052,1.);
#2054 = LINE('',#2044,#2053);
#2055 = EDGE_CURVE('',#2045,#2009,#2054,.T.);
#2056 = ORIENTED_EDGE('',*,*,#2055,.F.);
#2057 = DIRECTION('',(-1.,0.,0.));
#2058 = VECTOR('',#2057,1.);
#2059 = LINE('',#2044,#2058);
#2060 = EDGE_CURVE('',#2045,#2043,#2059,.T.);
#2061 = ORIENTED_EDGE('',*,*,#2060,.T.);
#2062 = CARTESIAN_POINT('',(-5.395,0.315,-2.15));
#2063 = DIRECTION('',(0.,1.,0.));
#2064 = DIRECTION('',(0.,0.,1.));
#2065 = AXIS2_PLACEMENT_3D('',#2062,#2063,#2064);
#2066 = PLANE('',#2065);
#2067 = EDGE_LOOP('',(#2050,#2051,#2056,#2061));
#2068 = FACE_OUTER_BOUND('',#2067,.T.);
#2069 = ADVANCED_FACE('',(#2068),#2066,.T.);
#2070 = CARTESIAN_POINT('',(-5.395,-0.315,-2.15));
#2071 = VERTEX_POINT('',#2070);
#2072 = DIRECTION('',(0.,1.,0.));
#2073 = VECTOR('',#2072,1.);
#2074 = LINE('',#2070,#2073);
#2075 = EDGE_CURVE('',#2071,#2043,#2074,.T.);
#2076 = ORIENTED_EDGE('',*,*,#2075,.F.);
#2077 = DIRECTION('',(0.,0.,1.));
#2078 = VECTOR('',#2077,1.);
#2079 = LINE('',#2070,#2078);
#2080 = EDGE_CURVE('',#2071,#2013,#2079,.T.);
#2081 = ORIENTED_EDGE('',*,*,#2080,.T.);
#2082 = ORIENTED_EDGE('',*,*,#2027,.T.);
#2083 = ORIENTED_EDGE('',*,*,#2049,.F.);
#2084 = CARTESIAN_POINT('',(-5.395,0.315,-2.15));
#2085 = DIRECTION('',(-1.,0.,0.));
#2086 = DIRECTION('',(0.,-1.,0.));
#2087 = AXIS2_PLACEMENT_3D('',#2084,#2085,#2086);
#2088 = PLANE('',#2087);
#2089 = EDGE_LOOP('',(#2076,#2081,#2082,#2083));
#2090 = FACE_OUTER_BOUND('',#2089,.T.);
#2091 = ADVANCED_FACE('',(#2090),#2088,.T.);
#2092 = CARTESIAN_POINT('',(-4.764999999999999,-0.315,-2.15));
#2093 = VERTEX_POINT('',#2092);
#2094 = DIRECTION('',(0.,1.,0.));
#2095 = VECTOR('',#2094,1.);
#2096 = LINE('',#2092,#2095);
#2097 = EDGE_CURVE('',#2093,#2045,#2096,.T.);
#2098 = ORIENTED_EDGE('',*,*,#2097,.T.);
#2099 = ORIENTED_EDGE('',*,*,#2055,.T.);
#2100 = ORIENTED_EDGE('',*,*,#2017,.F.);
#2101 = DIRECTION('',(0.,0.,1.));
#2102 = VECTOR('',#2101,1.);
#2103 = LINE('',#2092,#2102);
#2104 = EDGE_CURVE('',#2093,#2007,#2103,.T.);
#2105 = ORIENTED_EDGE('',*,*,#2104,.F.);
#2106 = CARTESIAN_POINT('',(-4.764999999999999,-0.315,-2.15));
#2107 = DIRECTION('',(1.,0.,0.));
#2108 = DIRECTION('',(0.,1.,0.));
#2109 = AXIS2_PLACEMENT_3D('',#2106,#2107,#2108);
#2110 = PLANE('',#2109);
#2111 = EDGE_LOOP('',(#2098,#2099,#2100,#2105));
#2112 = FACE_OUTER_BOUND('',#2111,.T.);
#2113 = ADVANCED_FACE('',(#2112),#2110,.T.);
#2114 = ORIENTED_EDGE('',*,*,#2104,.T.);
#2115 = ORIENTED_EDGE('',*,*,#2032,.T.);
#2116 = ORIENTED_EDGE('',*,*,#2080,.F.);
#2117 = DIRECTION('',(-1.,0.,0.));
#2118 = VECTOR('',#2117,1.);
#2119 = LINE('',#2092,#2118);
#2120 = EDGE_CURVE('',#2093,#2071,#2119,.T.);
#2121 = ORIENTED_EDGE('',*,*,#2120,.F.);
#2122 = CARTESIAN_POINT('',(-4.764999999999999,-0.315,-2.15));
#2123 = DIRECTION('',(0.,-1.,0.));
#2124 = DIRECTION('',(0.,0.,1.));
#2125 = AXIS2_PLACEMENT_3D('',#2122,#2123,#2124);
#2126 = PLANE('',#2125);
#2127 = EDGE_LOOP('',(#2114,#2115,#2116,#2121));
#2128 = FACE_OUTER_BOUND('',#2127,.T.);
#2129 = ADVANCED_FACE('',(#2128),#2126,.T.);
#2130 = CARTESIAN_POINT('',(-5.254999999999999,0.175,-2.5));
#2131 = VERTEX_POINT('',#2130);
#2132 = CARTESIAN_POINT('',(-4.904999999999999,0.175,-2.5));
#2133 = VERTEX_POINT('',#2132);
#2134 = DIRECTION('',(-0.3481553119113968,0.3481553119113954,0.8703882797784888));
#2135 = VECTOR('',#2134,1.);
#2136 = LINE('',#2130,#2135);
#2137 = EDGE_CURVE('',#2131,#2043,#2136,.T.);
#2138 = ORIENTED_EDGE('',*,*,#2137,.T.);
#2139 = ORIENTED_EDGE('',*,*,#2060,.F.);
#2140 = DIRECTION('',(-0.3481553119113968,-0.3481553119113954,-0.8703882797784888));
#2141 = VECTOR('',#2140,1.);
#2142 = LINE('',#2044,#2141);
#2143 = EDGE_CURVE('',#2045,#2133,#2142,.T.);
#2144 = ORIENTED_EDGE('',*,*,#2143,.T.);
#2145 = DIRECTION('',(-1.,0.,0.));
#2146 = VECTOR('',#2145,1.);
#2147 = LINE('',#2132,#2146);
#2148 = EDGE_CURVE('',#2133,#2131,#2147,.T.);
#2149 = ORIENTED_EDGE('',*,*,#2148,.T.);
#2150 = CARTESIAN_POINT('',(-5.254999999999999,0.175,-2.5));
#2151 = DIRECTION('',(0.,0.9284766908852593,-0.3713906763541034));
#2152 = DIRECTION('',(-0.3481553119113968,0.3481553119113954,0.8703882797784888));
#2153 = AXIS2_PLACEMENT_3D('',#2150,#2151,#2152);
#2154 = PLANE('',#2153);
#2155 = EDGE_LOOP('',(#2138,#2139,#2144,#2149));
#2156 = FACE_OUTER_BOUND('',#2155,.T.);
#2157 = ADVANCED_FACE('',(#2156),#2154,.T.);
#2158 = CARTESIAN_POINT('',(-5.254999999999999,-0.175,-2.5));
#2159 = VERTEX_POINT('',#2158);
#2160 = DIRECTION('',(0.,1.,0.));
#2161 = VECTOR('',#2160,1.);
#2162 = LINE('',#2158,#2161);
#2163 = EDGE_CURVE('',#2159,#2131,#2162,.T.);
#2164 = ORIENTED_EDGE('',*,*,#2163,.F.);
#2165 = DIRECTION('',(-0.3481553119113968,-0.3481553119113954,0.8703882797784888));
#2166 = VECTOR('',#2165,1.);
#2167 = LINE('',#2158,#2166);
#2168 = EDGE_CURVE('',#2159,#2071,#2167,.T.);
#2169 = ORIENTED_EDGE('',*,*,#2168,.T.);
#2170 = ORIENTED_EDGE('',*,*,#2075,.T.);
#2171 = ORIENTED_EDGE('',*,*,#2137,.F.);
#2172 = CARTESIAN_POINT('',(-5.254999999999999,0.175,-2.5));
#2173 = DIRECTION('',(-0.9284766908852591,0.,-0.3713906763541048));
#2174 = DIRECTION('',(0.,-1.,0.));
#2175 = AXIS2_PLACEMENT_3D('',#2172,#2173,#2174);
#2176 = PLANE('',#2175);
#2177 = EDGE_LOOP('',(#2164,#2169,#2170,#2171));
#2178 = FACE_OUTER_BOUND('',#2177,.T.);
#2179 = ADVANCED_FACE('',(#2178),#2176,.T.);
#2180 = CARTESIAN_POINT('',(-4.904999999999999,-0.175,-2.5));
#2181 = VERTEX_POINT('',#2180);
#2182 = DIRECTION('',(-1.,0.,0.));
#2183 = VECTOR('',#2182,1.);
#2184 = LINE('',#2180,#2183);
#2185 = EDGE_CURVE('',#2181,#2159,#2184,.T.);
#2186 = ORIENTED_EDGE('',*,*,#2185,.T.);
#2187 = ORIENTED_EDGE('',*,*,#2163,.T.);
#2188 = ORIENTED_EDGE('',*,*,#2148,.F.);
#2189 = DIRECTION('',(0.,1.,0.));
#2190 = VECTOR('',#2189,1.);
#2191 = LINE('',#2180,#2190);
#2192 = EDGE_CURVE('',#2181,#2133,#2191,.T.);
#2193 = ORIENTED_EDGE('',*,*,#2192,.F.);
#2194 = CARTESIAN_POINT('',(-4.904999999999999,-0.175,-2.5));
#2195 = DIRECTION('',(0.,0.,-1.));
#2196 = DIRECTION('',(-1.,0.,0.));
#2197 = AXIS2_PLACEMENT_3D('',#2194,#2195,#2196);
#2198 = PLANE('',#2197);
#2199 = EDGE_LOOP('',(#2186,#2187,#2188,#2193));
#2200 = FACE_OUTER_BOUND('',#2199,.T.);
#2201 = ADVANCED_FACE('',(#2200),#2198,.T.);
#2202 = ORIENTED_EDGE('',*,*,#2192,.T.);
#2203 = ORIENTED_EDGE('',*,*,#2143,.F.);
#2204 = ORIENTED_EDGE('',*,*,#2097,.F.);
#2205 = DIRECTION('',(-0.3481553119113968,0.3481553119113954,-0.8703882797784888));
#2206 = VECTOR('',#2205,1.);
#2207 = LINE('',#2092,#2206);
#2208 = EDGE_CURVE('',#2093,#2181,#2207,.T.);
#2209 = ORIENTED_EDGE('',*,*,#2208,.T.);
#2210 = CARTESIAN_POINT('',(-4.904999999999999,-0.175,-2.5));
#2211 = DIRECTION('',(0.9284766908852591,0.,-0.3713906763541048));
#2212 = DIRECTION('',(0.,1.,0.));
#2213 = AXIS2_PLACEMENT_3D('',#2210,#2211,#2212);
#2214 = PLANE('',#2213);
#2215 = EDGE_LOOP('',(#2202,#2203,#2204,#2209));
#2216 = FACE_OUTER_BOUND('',#2215,.T.);
#2217 = ADVANCED_FACE('',(#2216),#2214,.T.);
#2218 = ORIENTED_EDGE('',*,*,#2208,.F.);
#2219 = ORIENTED_EDGE('',*,*,#2120,.T.);
#2220 = ORIENTED_EDGE('',*,*,#2168,.F.);
#2221 = ORIENTED_EDGE('',*,*,#2185,.F.);
#2222 = CARTESIAN_POINT('',(-4.904999999999999,-0.175,-2.5));
#2223 = DIRECTION('',(0.,-0.9284766908852593,-0.3713906763541034));
#2224 = DIRECTION('',(0.3481553119113968,-0.3481553119113954,0.8703882797784888));
#2225 = AXIS2_PLACEMENT_3D('',#2222,#2223,#2224);
#2226 = PLANE('',#2225);
#2227 = EDGE_LOOP('',(#2218,#2219,#2220,#2221));
#2228 = FACE_OUTER_BOUND('',#2227,.T.);
#2229 = ADVANCED_FACE('',(#2228),#2226,.T.);
#2230 = CLOSED_SHELL('',(#2041,#2069,#2091,#2113,#2129,#2157,#2179,#2201,#2217,#2229));
#2231 = MANIFOLD_SOLID_BREP('',#2230);
#2232 = COLOUR_RGB('',0.7529411764705882,0.7529411764705882,0.7529411764705882);
#2233 = FILL_AREA_STYLE_COLOUR('',#2232);
#2234 = FILL_AREA_STYLE('',(#2233));
#2235 = SURFACE_STYLE_FILL_AREA(#2234);
#2236 = SURFACE_SIDE_STYLE('',(#2235));
#2237 = SURFACE_STYLE_USAGE(.BOTH.,#2236);
#2238 = PRESENTATION_STYLE_ASSIGNMENT((#2237));
#2239 = STYLED_ITEM('',(#2238),#2231);
#2240 = CARTESIAN_POINT('',(-4.764999999999999,-0.315,7.4));
#2241 = VERTEX_POINT('',#2240);
#2242 = CARTESIAN_POINT('',(-5.395,-0.315,7.4));
#2243 = VERTEX_POINT('',#2242);
#2244 = CARTESIAN_POINT('',(-5.395,-0.315,2.));
#2245 = VERTEX_POINT('',#2244);
#2246 = CARTESIAN_POINT('',(-4.764999999999999,-0.315,2.));
#2247 = VERTEX_POINT('',#2246);
#2248 = DIRECTION('',(-1.,0.,0.));
#2249 = VECTOR('',#2248,1.);
#2250 = LINE('',#2240,#2249);
#2251 = EDGE_CURVE('',#2241,#2243,#2250,.T.);
#2252 = ORIENTED_EDGE('',*,*,#2251,.T.);
#2253 = DIRECTION('',(0.,0.,1.));
#2254 = VECTOR('',#2253,1.);
#2255 = LINE('',#2244,#2254);
#2256 = EDGE_CURVE('',#2245,#2243,#2255,.T.);
#2257 = ORIENTED_EDGE('',*,*,#2256,.F.);
#2258 = DIRECTION('',(-1.,0.,0.));
#2259 = VECTOR('',#2258,1.);
#2260 = LINE('',#2246,#2259);
#2261 = EDGE_CURVE('',#2247,#2245,#2260,.T.);
#2262 = ORIENTED_EDGE('',*,*,#2261,.F.);
#2263 = DIRECTION('',(0.,0.,1.));
#2264 = VECTOR('',#2263,1.);
#2265 = LINE('',#2246,#2264);
#2266 = EDGE_CURVE('',#2247,#2241,#2265,.T.);
#2267 = ORIENTED_EDGE('',*,*,#2266,.T.);
#2268 = CARTESIAN_POINT('',(-4.764999999999999,-0.315,7.4));
#2269 = DIRECTION('',(0.,-1.,0.));
#2270 = DIRECTION('',(-1.,0.,0.));
#2271 = AXIS2_PLACEMENT_3D('',#2268,#2269,#2270);
#2272 = PLANE('',#2271);
#2273 = EDGE_LOOP('',(#2252,#2257,#2262,#2267));
#2274 = FACE_OUTER_BOUND('',#2273,.T.);
#2275 = ADVANCED_FACE('',(#2274),#2272,.T.);
#2276 = CARTESIAN_POINT('',(-5.395,0.315,2.));
#2277 = VERTEX_POINT('',#2276);
#2278 = CARTESIAN_POINT('',(-5.395,0.315,7.4));
#2279 = VERTEX_POINT('',#2278);
#2280 = DIRECTION('',(0.,1.,0.));
#2281 = VECTOR('',#2280,1.);
#2282 = LINE('',#2244,#2281);
#2283 = EDGE_CURVE('',#2245,#2277,#2282,.T.);
#2284 = ORIENTED_EDGE('',*,*,#2283,.F.);
#2285 = ORIENTED_EDGE('',*,*,#2256,.T.);
#2286 = DIRECTION('',(0.,1.,0.));
#2287 = VECTOR('',#2286,1.);
#2288 = LINE('',#2242,#2287);
#2289 = EDGE_CURVE('',#2243,#2279,#2288,.T.);
#2290 = ORIENTED_EDGE('',*,*,#2289,.T.);
#2291 = DIRECTION('',(0.,0.,1.));
#2292 = VECTOR('',#2291,1.);
#2293 = LINE('',#2276,#2292);
#2294 = EDGE_CURVE('',#2277,#2279,#2293,.T.);
#2295 = ORIENTED_EDGE('',*,*,#2294,.F.);
#2296 = CARTESIAN_POINT('',(-5.395,0.315,2.));
#2297 = DIRECTION('',(-1.,0.,0.));
#2298 = DIRECTION('',(0.,-1.,0.));
#2299 = AXIS2_PLACEMENT_3D('',#2296,#2297,#2298);
#2300 = PLANE('',#2299);
#2301 = EDGE_LOOP('',(#2284,#2285,#2290,#2295));
#2302 = FACE_OUTER_BOUND('',#2301,.T.);
#2303 = ADVANCED_FACE('',(#2302),#2300,.T.);
#2304 = CARTESIAN_POINT('',(-4.764999999999999,0.315,2.));
#2305 = VERTEX_POINT('',#2304);
#2306 = DIRECTION('',(-1.,0.,0.));
#2307 = VECTOR('',#2306,1.);
#2308 = LINE('',#2304,#2307);
#2309 = EDGE_CURVE('',#2305,#2277,#2308,.T.);
#2310 = ORIENTED_EDGE('',*,*,#2309,.F.);
#2311 = DIRECTION('',(0.,1.,0.));
#2312 = VECTOR('',#2311,1.);
#2313 = LINE('',#2246,#2312);
#2314 = EDGE_CURVE('',#2247,#2305,#2313,.T.);
#2315 = ORIENTED_EDGE('',*,*,#2314,.F.);
#2316 = ORIENTED_EDGE('',*,*,#2261,.T.);
#2317 = ORIENTED_EDGE('',*,*,#2283,.T.);
#2318 = CARTESIAN_POINT('',(-5.395,0.315,2.));
#2319 = DIRECTION('',(0.,0.,-1.));
#2320 = DIRECTION('',(1.,0.,0.));
#2321 = AXIS2_PLACEMENT_3D('',#2318,#2319,#2320);
#2322 = PLANE('',#2321);
#2323 = EDGE_LOOP('',(#2310,#2315,#2316,#2317));
#2324 = FACE_OUTER_BOUND('',#2323,.T.);
#2325 = ADVANCED_FACE('',(#2324),#2322,.T.);
#2326 = CARTESIAN_POINT('',(-4.904999999999999,-0.175,8.));
#2327 = VERTEX_POINT('',#2326);
#2328 = CARTESIAN_POINT('',(-5.254999999999999,-0.175,8.));
#2329 = VERTEX_POINT('',#2328);
#2330 = DIRECTION('',(-1.,0.,0.));
#2331 = VECTOR('',#2330,1.);
#2332 = LINE('',#2326,#2331);
#2333 = EDGE_CURVE('',#2327,#2329,#2332,.T.);
#2334 = ORIENTED_EDGE('',*,*,#2333,.T.);
#2335 = DIRECTION('',(-0.22158112824152243,-0.22158112824152154,-0.9496334067493774));
#2336 = VECTOR('',#2335,1.);
#2337 = LINE('',#2328,#2336);
#2338 = EDGE_CURVE('',#2329,#2243,#2337,.T.);
#2339 = ORIENTED_EDGE('',*,*,#2338,.T.);
#2340 = ORIENTED_EDGE('',*,*,#2251,.F.);
#2341 = DIRECTION('',(-0.22158112824152243,0.22158112824152154,0.9496334067493774));
#2342 = VECTOR('',#2341,1.);
#2343 = LINE('',#2240,#2342);
#2344 = EDGE_CURVE('',#2241,#2327,#2343,.T.);
#2345 = ORIENTED_EDGE('',*,*,#2344,.T.);
#2346 = CARTESIAN_POINT('',(-4.904999999999999,-0.175,8.));
#2347 = DIRECTION('',(0.,-0.9738412097417931,0.22722961560641844));
#2348 = DIRECTION('',(-1.,0.,0.));
#2349 = AXIS2_PLACEMENT_3D('',#2346,#2347,#2348);
#2350 = PLANE('',#2349);
#2351 = EDGE_LOOP('',(#2334,#2339,#2340,#2345));
#2352 = FACE_OUTER_BOUND('',#2351,.T.);
#2353 = ADVANCED_FACE('',(#2352),#2350,.T.);
#2354 = CARTESIAN_POINT('',(-4.764999999999999,0.315,7.4));
#2355 = VERTEX_POINT('',#2354);
#2356 = DIRECTION('',(0.,0.,1.));
#2357 = VECTOR('',#2356,1.);
#2358 = LINE('',#2304,#2357);
#2359 = EDGE_CURVE('',#2305,#2355,#2358,.T.);
#2360 = ORIENTED_EDGE('',*,*,#2359,.F.);
#2361 = ORIENTED_EDGE('',*,*,#2309,.T.);
#2362 = ORIENTED_EDGE('',*,*,#2294,.T.);
#2363 = DIRECTION('',(-1.,0.,0.));
#2364 = VECTOR('',#2363,1.);
#2365 = LINE('',#2354,#2364);
#2366 = EDGE_CURVE('',#2355,#2279,#2365,.T.);
#2367 = ORIENTED_EDGE('',*,*,#2366,.F.);
#2368 = CARTESIAN_POINT('',(-4.764999999999999,0.315,7.4));
#2369 = DIRECTION('',(0.,1.,0.));
#2370 = DIRECTION('',(0.,0.,-1.));
#2371 = AXIS2_PLACEMENT_3D('',#2368,#2369,#2370);
#2372 = PLANE('',#2371);
#2373 = EDGE_LOOP('',(#2360,#2361,#2362,#2367));
#2374 = FACE_OUTER_BOUND('',#2373,.T.);
#2375 = ADVANCED_FACE('',(#2374),#2372,.T.);
#2376 = CARTESIAN_POINT('',(-4.904999999999999,0.175,8.));
#2377 = VERTEX_POINT('',#2376);
#2378 = DIRECTION('',(-0.22158112824152243,-0.22158112824152154,0.9496334067493774));
#2379 = VECTOR('',#2378,1.);
#2380 = LINE('',#2354,#2379);
#2381 = EDGE_CURVE('',#2355,#2377,#2380,.T.);
#2382 = ORIENTED_EDGE('',*,*,#2381,.T.);
#2383 = DIRECTION('',(0.,1.,0.));
#2384 = VECTOR('',#2383,1.);
#2385 = LINE('',#2326,#2384);
#2386 = EDGE_CURVE('',#2327,#2377,#2385,.T.);
#2387 = ORIENTED_EDGE('',*,*,#2386,.F.);
#2388 = ORIENTED_EDGE('',*,*,#2344,.F.);
#2389 = DIRECTION('',(0.,1.,0.));
#2390 = VECTOR('',#2389,1.);
#2391 = LINE('',#2240,#2390);
#2392 = EDGE_CURVE('',#2241,#2355,#2391,.T.);
#2393 = ORIENTED_EDGE('',*,*,#2392,.T.);
#2394 = CARTESIAN_POINT('',(-4.764999999999999,0.315,7.4));
#2395 = DIRECTION('',(0.9738412097417932,0.,0.22722961560641894));
#2396 = DIRECTION('',(-0.22158112824152243,-0.22158112824152154,0.9496334067493774));
#2397 = AXIS2_PLACEMENT_3D('',#2394,#2395,#2396);
#2398 = PLANE('',#2397);
#2399 = EDGE_LOOP('',(#2382,#2387,#2388,#2393));
#2400 = FACE_OUTER_BOUND('',#2399,.T.);
#2401 = ADVANCED_FACE('',(#2400),#2398,.T.);
#2402 = ORIENTED_EDGE('',*,*,#2392,.F.);
#2403 = ORIENTED_EDGE('',*,*,#2266,.F.);
#2404 = ORIENTED_EDGE('',*,*,#2314,.T.);
#2405 = ORIENTED_EDGE('',*,*,#2359,.T.);
#2406 = CARTESIAN_POINT('',(-4.764999999999999,0.315,7.4));
#2407 = DIRECTION('',(1.,0.,0.));
#2408 = DIRECTION('',(0.,-1.,0.));
#2409 = AXIS2_PLACEMENT_3D('',#2406,#2407,#2408);
#2410 = PLANE('',#2409);
#2411 = EDGE_LOOP('',(#2402,#2403,#2404,#2405));
#2412 = FACE_OUTER_BOUND('',#2411,.T.);
#2413 = ADVANCED_FACE('',(#2412),#2410,.T.);
#2414 = CARTESIAN_POINT('',(-5.254999999999999,0.175,8.));
#2415 = VERTEX_POINT('',#2414);
#2416 = DIRECTION('',(0.,1.,0.));
#2417 = VECTOR('',#2416,1.);
#2418 = LINE('',#2328,#2417);
#2419 = EDGE_CURVE('',#2329,#2415,#2418,.T.);
#2420 = ORIENTED_EDGE('',*,*,#2419,.F.);
#2421 = ORIENTED_EDGE('',*,*,#2333,.F.);
#2422 = ORIENTED_EDGE('',*,*,#2386,.T.);
#2423 = DIRECTION('',(-1.,0.,0.));
#2424 = VECTOR('',#2423,1.);
#2425 = LINE('',#2376,#2424);
#2426 = EDGE_CURVE('',#2377,#2415,#2425,.T.);
#2427 = ORIENTED_EDGE('',*,*,#2426,.T.);
#2428 = CARTESIAN_POINT('',(-5.254999999999999,0.175,8.));
#2429 = DIRECTION('',(0.,0.,1.));
#2430 = DIRECTION('',(0.,-1.,0.));
#2431 = AXIS2_PLACEMENT_3D('',#2428,#2429,#2430);
#2432 = PLANE('',#2431);
#2433 = EDGE_LOOP('',(#2420,#2421,#2422,#2427));
#2434 = FACE_OUTER_BOUND('',#2433,.T.);
#2435 = ADVANCED_FACE('',(#2434),#2432,.T.);
#2436 = ORIENTED_EDGE('',*,*,#2426,.F.);
#2437 = ORIENTED_EDGE('',*,*,#2381,.F.);
#2438 = ORIENTED_EDGE('',*,*,#2366,.T.);
#2439 = DIRECTION('',(-0.22158112824152243,0.22158112824152154,-0.9496334067493774));
#2440 = VECTOR('',#2439,1.);
#2441 = LINE('',#2414,#2440);
#2442 = EDGE_CURVE('',#2415,#2279,#2441,.T.);
#2443 = ORIENTED_EDGE('',*,*,#2442,.F.);
#2444 = CARTESIAN_POINT('',(-5.254999999999999,0.175,8.));
#2445 = DIRECTION('',(0.,0.9738412097417931,0.22722961560641844));
#2446 = DIRECTION('',(1.,0.,0.));
#2447 = AXIS2_PLACEMENT_3D('',#2444,#2445,#2446);
#2448 = PLANE('',#2447);
#2449 = EDGE_LOOP('',(#2436,#2437,#2438,#2443));
#2450 = FACE_OUTER_BOUND('',#2449,.T.);
#2451 = ADVANCED_FACE('',(#2450),#2448,.T.);
#2452 = ORIENTED_EDGE('',*,*,#2442,.T.);
#2453 = ORIENTED_EDGE('',*,*,#2289,.F.);
#2454 = ORIENTED_EDGE('',*,*,#2338,.F.);
#2455 = ORIENTED_EDGE('',*,*,#2419,.T.);
#2456 = CARTESIAN_POINT('',(-5.254999999999999,0.175,8.));
#2457 = DIRECTION('',(-0.9738412097417932,0.,0.22722961560641894));
#2458 = DIRECTION('',(-0.22158112824152243,0.22158112824152154,-0.9496334067493774));
#2459 = AXIS2_PLACEMENT_3D('',#2456,#2457,#2458);
#2460 = PLANE('',#2459);
#2461 = EDGE_LOOP('',(#2452,#2453,#2454,#2455));
#2462 = FACE_OUTER_BOUND('',#2461,.T.);
#2463 = ADVANCED_FACE('',(#2462),#2460,.T.);
#2464 = CLOSED_SHELL('',(#2275,#2303,#2325,#2353,#2375,#2401,#2413,#2435,#2451,#2463));
#2465 = MANIFOLD_SOLID_BREP('',#2464);
#2466 = COLOUR_RGB('',0.7529411764705882,0.7529411764705882,0.7529411764705882);
#2467 = FILL_AREA_STYLE_COLOUR('',#2466);
#2468 = FILL_AREA_STYLE('',(#2467));
#2469 = SURFACE_STYLE_FILL_AREA(#2468);
#2470 = SURFACE_SIDE_STYLE('',(#2469));
#2471 = SURFACE_STYLE_USAGE(.BOTH.,#2470);
#2472 = PRESENTATION_STYLE_ASSIGNMENT((#2471));
#2473 = STYLED_ITEM('',(#2472),#2465);
#2474 = CARTESIAN_POINT('',(-3.809999999999999,-1.27,0.));
#2475 = VERTEX_POINT('',#2474);
#2476 = CARTESIAN_POINT('',(-3.809999999999999,-1.27,2.));
#2477 = VERTEX_POINT('',#2476);
#2478 = CARTESIAN_POINT('',(-3.809999999999999,1.27,2.));
#2479 = VERTEX_POINT('',#2478);
#2480 = CARTESIAN_POINT('',(-3.809999999999999,1.27,0.));
#2481 = VERTEX_POINT('',#2480);
#2482 = DIRECTION('',(0.,0.,1.));
#2483 = VECTOR('',#2482,1.);
#2484 = LINE('',#2474,#2483);
#2485 = EDGE_CURVE('',#2475,#2477,#2484,.T.);
#2486 = ORIENTED_EDGE('',*,*,#2485,.T.);
#2487 = DIRECTION('',(0.,1.,0.));
#2488 = VECTOR('',#2487,1.);
#2489 = LINE('',#2476,#2488);
#2490 = EDGE_CURVE('',#2477,#2479,#2489,.T.);
#2491 = ORIENTED_EDGE('',*,*,#2490,.T.);
#2492 = DIRECTION('',(0.,0.,1.));
#2493 = VECTOR('',#2492,1.);
#2494 = LINE('',#2480,#2493);
#2495 = EDGE_CURVE('',#2481,#2479,#2494,.T.);
#2496 = ORIENTED_EDGE('',*,*,#2495,.F.);
#2497 = DIRECTION('',(0.,1.,0.));
#2498 = VECTOR('',#2497,1.);
#2499 = LINE('',#2474,#2498);
#2500 = EDGE_CURVE('',#2475,#2481,#2499,.T.);
#2501 = ORIENTED_EDGE('',*,*,#2500,.F.);
#2502 = CARTESIAN_POINT('',(-3.809999999999999,-1.27,0.));
#2503 = DIRECTION('',(-1.,0.,0.));
#2504 = DIRECTION('',(0.,0.,1.));
#2505 = AXIS2_PLACEMENT_3D('',#2502,#2503,#2504);
#2506 = PLANE('',#2505);
#2507 = EDGE_LOOP('',(#2486,#2491,#2496,#2501));
#2508 = FACE_OUTER_BOUND('',#2507,.T.);
#2509 = ADVANCED_FACE('',(#2508),#2506,.T.);
#2510 = CARTESIAN_POINT('',(-1.2699999999999991,-1.27,0.));
#2511 = VERTEX_POINT('',#2510);
#2512 = CARTESIAN_POINT('',(-1.2699999999999991,1.27,0.));
#2513 = VERTEX_POINT('',#2512);
#2514 = CARTESIAN_POINT('',(-1.2699999999999991,1.27,2.));
#2515 = VERTEX_POINT('',#2514);
#2516 = CARTESIAN_POINT('',(-1.2699999999999991,-1.27,2.));
#2517 = VERTEX_POINT('',#2516);
#2518 = DIRECTION('',(0.,1.,0.));
#2519 = VECTOR('',#2518,1.);
#2520 = LINE('',#2510,#2519);
#2521 = EDGE_CURVE('',#2511,#2513,#2520,.T.);
#2522 = ORIENTED_EDGE('',*,*,#2521,.T.);
#2523 = DIRECTION('',(0.,0.,1.));
#2524 = VECTOR('',#2523,1.);
#2525 = LINE('',#2512,#2524);
#2526 = EDGE_CURVE('',#2513,#2515,#2525,.T.);
#2527 = ORIENTED_EDGE('',*,*,#2526,.T.);
#2528 = DIRECTION('',(0.,1.,0.));
#2529 = VECTOR('',#2528,1.);
#2530 = LINE('',#2516,#2529);
#2531 = EDGE_CURVE('',#2517,#2515,#2530,.T.);
#2532 = ORIENTED_EDGE('',*,*,#2531,.F.);
#2533 = DIRECTION('',(0.,0.,1.));
#2534 = VECTOR('',#2533,1.);
#2535 = LINE('',#2510,#2534);
#2536 = EDGE_CURVE('',#2511,#2517,#2535,.T.);
#2537 = ORIENTED_EDGE('',*,*,#2536,.F.);
#2538 = CARTESIAN_POINT('',(-1.2699999999999991,-1.27,0.));
#2539 = DIRECTION('',(1.,0.,0.));
#2540 = DIRECTION('',(0.,1.,0.));
#2541 = AXIS2_PLACEMENT_3D('',#2538,#2539,#2540);
#2542 = PLANE('',#2541);
#2543 = EDGE_LOOP('',(#2522,#2527,#2532,#2537));
#2544 = FACE_OUTER_BOUND('',#2543,.T.);
#2545 = ADVANCED_FACE('',(#2544),#2542,.T.);
#2546 = DIRECTION('',(-1.,0.,0.));
#2547 = VECTOR('',#2546,1.);
#2548 = LINE('',#2510,#2547);
#2549 = EDGE_CURVE('',#2511,#2475,#2548,.T.);
#2550 = ORIENTED_EDGE('',*,*,#2549,.F.);
#2551 = ORIENTED_EDGE('',*,*,#2536,.T.);
#2552 = DIRECTION('',(-1.,0.,0.));
#2553 = VECTOR('',#2552,1.);
#2554 = LINE('',#2516,#2553);
#2555 = EDGE_CURVE('',#2517,#2477,#2554,.T.);
#2556 = ORIENTED_EDGE('',*,*,#2555,.T.);
#2557 = ORIENTED_EDGE('',*,*,#2485,.F.);
#2558 = CARTESIAN_POINT('',(-3.809999999999999,-1.27,0.));
#2559 = DIRECTION('',(0.,-1.,0.));
#2560 = DIRECTION('',(1.,0.,0.));
#2561 = AXIS2_PLACEMENT_3D('',#2558,#2559,#2560);
#2562 = PLANE('',#2561);
#2563 = EDGE_LOOP('',(#2550,#2551,#2556,#2557));
#2564 = FACE_OUTER_BOUND('',#2563,.T.);
#2565 = ADVANCED_FACE('',(#2564),#2562,.T.);
#2566 = ORIENTED_EDGE('',*,*,#2495,.T.);
#2567 = DIRECTION('',(-1.,0.,0.));
#2568 = VECTOR('',#2567,1.);
#2569 = LINE('',#2514,#2568);
#2570 = EDGE_CURVE('',#2515,#2479,#2569,.T.);
#2571 = ORIENTED_EDGE('',*,*,#2570,.F.);
#2572 = ORIENTED_EDGE('',*,*,#2526,.F.);
#2573 = DIRECTION('',(-1.,0.,0.));
#2574 = VECTOR('',#2573,1.);
#2575 = LINE('',#2512,#2574);
#2576 = EDGE_CURVE('',#2513,#2481,#2575,.T.);
#2577 = ORIENTED_EDGE('',*,*,#2576,.T.);
#2578 = CARTESIAN_POINT('',(-3.809999999999999,1.27,0.));
#2579 = DIRECTION('',(0.,1.,0.));
#2580 = DIRECTION('',(0.,0.,1.));
#2581 = AXIS2_PLACEMENT_3D('',#2578,#2579,#2580);
#2582 = PLANE('',#2581);
#2583 = EDGE_LOOP('',(#2566,#2571,#2572,#2577));
#2584 = FACE_OUTER_BOUND('',#2583,.T.);
#2585 = ADVANCED_FACE('',(#2584),#2582,.T.);
#2586 = ORIENTED_EDGE('',*,*,#2500,.T.);
#2587 = ORIENTED_EDGE('',*,*,#2576,.F.);
#2588 = ORIENTED_EDGE('',*,*,#2521,.F.);
#2589 = ORIENTED_EDGE('',*,*,#2549,.T.);
#2590 = CARTESIAN_POINT('',(-3.809999999999999,-1.27,0.));
#2591 = DIRECTION('',(0.,0.,-1.));
#2592 = DIRECTION('',(0.,1.,0.));
#2593 = AXIS2_PLACEMENT_3D('',#2590,#2591,#2592);
#2594 = PLANE('',#2593);
#2595 = EDGE_LOOP('',(#2586,#2587,#2588,#2589));
#2596 = FACE_OUTER_BOUND('',#2595,.T.);
#2597 = ADVANCED_FACE('',(#2596),#2594,.T.);
#2598 = ORIENTED_EDGE('',*,*,#2555,.F.);
#2599 = ORIENTED_EDGE('',*,*,#2531,.T.);
#2600 = ORIENTED_EDGE('',*,*,#2570,.T.);
#2601 = ORIENTED_EDGE('',*,*,#2490,.F.);
#2602 = CARTESIAN_POINT('',(-3.809999999999999,-1.27,2.));
#2603 = DIRECTION('',(0.,0.,1.));
#2604 = DIRECTION('',(1.,0.,0.));
#2605 = AXIS2_PLACEMENT_3D('',#2602,#2603,#2604);
#2606 = PLANE('',#2605);
#2607 = EDGE_LOOP('',(#2598,#2599,#2600,#2601));
#2608 = FACE_OUTER_BOUND('',#2607,.T.);
#2609 = ADVANCED_FACE('',(#2608),#2606,.T.);
#2610 = CLOSED_SHELL('',(#2509,#2545,#2565,#2585,#2597,#2609));
#2611 = MANIFOLD_SOLID_BREP('',#2610);
#2612 = COLOUR_RGB('',0.13333333333333333,0.13333333333333333,0.13333333333333333);
#2613 = FILL_AREA_STYLE_COLOUR('',#2612);
#2614 = FILL_AREA_STYLE('',(#2613));
#2615 = SURFACE_STYLE_FILL_AREA(#2614);
#2616 = SURFACE_SIDE_STYLE('',(#2615));
#2617 = SURFACE_STYLE_USAGE(.BOTH.,#2616);
#2618 = PRESENTATION_STYLE_ASSIGNMENT((#2617));
#2619 = STYLED_ITEM('',(#2618),#2611);
#2620 = CARTESIAN_POINT('',(-2.224999999999999,-0.315,0.5500000000000003));
#2621 = VERTEX_POINT('',#2620);
#2622 = CARTESIAN_POINT('',(-2.224999999999999,0.315,0.5500000000000003));
#2623 = VERTEX_POINT('',#2622);
#2624 = CARTESIAN_POINT('',(-2.854999999999999,0.315,0.5500000000000003));
#2625 = VERTEX_POINT('',#2624);
#2626 = CARTESIAN_POINT('',(-2.854999999999999,-0.315,0.5500000000000003));
#2627 = VERTEX_POINT('',#2626);
#2628 = DIRECTION('',(0.,1.,0.));
#2629 = VECTOR('',#2628,1.);
#2630 = LINE('',#2620,#2629);
#2631 = EDGE_CURVE('',#2621,#2623,#2630,.T.);
#2632 = ORIENTED_EDGE('',*,*,#2631,.T.);
#2633 = DIRECTION('',(-1.,0.,0.));
#2634 = VECTOR('',#2633,1.);
#2635 = LINE('',#2622,#2634);
#2636 = EDGE_CURVE('',#2623,#2625,#2635,.T.);
#2637 = ORIENTED_EDGE('',*,*,#2636,.T.);
#2638 = DIRECTION('',(0.,1.,0.));
#2639 = VECTOR('',#2638,1.);
#2640 = LINE('',#2626,#2639);
#2641 = EDGE_CURVE('',#2627,#2625,#2640,.T.);
#2642 = ORIENTED_EDGE('',*,*,#2641,.F.);
#2643 = DIRECTION('',(-1.,0.,0.));
#2644 = VECTOR('',#2643,1.);
#2645 = LINE('',#2620,#2644);
#2646 = EDGE_CURVE('',#2621,#2627,#2645,.T.);
#2647 = ORIENTED_EDGE('',*,*,#2646,.F.);
#2648 = CARTESIAN_POINT('',(-2.224999999999999,-0.315,0.5500000000000003));
#2649 = DIRECTION('',(0.,0.,1.));
#2650 = DIRECTION('',(0.,1.,0.));
#2651 = AXIS2_PLACEMENT_3D('',#2648,#2649,#2650);
#2652 = PLANE('',#2651);
#2653 = EDGE_LOOP('',(#2632,#2637,#2642,#2647));
#2654 = FACE_OUTER_BOUND('',#2653,.T.);
#2655 = ADVANCED_FACE('',(#2654),#2652,.T.);
#2656 = CARTESIAN_POINT('',(-2.854999999999999,0.315,-2.15));
#2657 = VERTEX_POINT('',#2656);
#2658 = CARTESIAN_POINT('',(-2.224999999999999,0.315,-2.15));
#2659 = VERTEX_POINT('',#2658);
#2660 = DIRECTION('',(0.,0.,1.));
#2661 = VECTOR('',#2660,1.);
#2662 = LINE('',#2656,#2661);
#2663 = EDGE_CURVE('',#2657,#2625,#2662,.T.);
#2664 = ORIENTED_EDGE('',*,*,#2663,.T.);
#2665 = ORIENTED_EDGE('',*,*,#2636,.F.);
#2666 = DIRECTION('',(0.,0.,1.));
#2667 = VECTOR('',#2666,1.);
#2668 = LINE('',#2658,#2667);
#2669 = EDGE_CURVE('',#2659,#2623,#2668,.T.);
#2670 = ORIENTED_EDGE('',*,*,#2669,.F.);
#2671 = DIRECTION('',(-1.,0.,0.));
#2672 = VECTOR('',#2671,1.);
#2673 = LINE('',#2658,#2672);
#2674 = EDGE_CURVE('',#2659,#2657,#2673,.T.);
#2675 = ORIENTED_EDGE('',*,*,#2674,.T.);
#2676 = CARTESIAN_POINT('',(-2.854999999999999,0.315,-2.15));
#2677 = DIRECTION('',(0.,1.,0.));
#2678 = DIRECTION('',(0.,0.,1.));
#2679 = AXIS2_PLACEMENT_3D('',#2676,#2677,#2678);
#2680 = PLANE('',#2679);
#2681 = EDGE_LOOP('',(#2664,#2665,#2670,#2675));
#2682 = FACE_OUTER_BOUND('',#2681,.T.);
#2683 = ADVANCED_FACE('',(#2682),#2680,.T.);
#2684 = CARTESIAN_POINT('',(-2.854999999999999,-0.315,-2.15));
#2685 = VERTEX_POINT('',#2684);
#2686 = DIRECTION('',(0.,1.,0.));
#2687 = VECTOR('',#2686,1.);
#2688 = LINE('',#2684,#2687);
#2689 = EDGE_CURVE('',#2685,#2657,#2688,.T.);
#2690 = ORIENTED_EDGE('',*,*,#2689,.F.);
#2691 = DIRECTION('',(0.,0.,1.));
#2692 = VECTOR('',#2691,1.);
#2693 = LINE('',#2684,#2692);
#2694 = EDGE_CURVE('',#2685,#2627,#2693,.T.);
#2695 = ORIENTED_EDGE('',*,*,#2694,.T.);
#2696 = ORIENTED_EDGE('',*,*,#2641,.T.);
#2697 = ORIENTED_EDGE('',*,*,#2663,.F.);
#2698 = CARTESIAN_POINT('',(-2.854999999999999,0.315,-2.15));
#2699 = DIRECTION('',(-1.,0.,0.));
#2700 = DIRECTION('',(0.,-1.,0.));
#2701 = AXIS2_PLACEMENT_3D('',#2698,#2699,#2700);
#2702 = PLANE('',#2701);
#2703 = EDGE_LOOP('',(#2690,#2695,#2696,#2697));
#2704 = FACE_OUTER_BOUND('',#2703,.T.);
#2705 = ADVANCED_FACE('',(#2704),#2702,.T.);
#2706 = CARTESIAN_POINT('',(-2.224999999999999,-0.315,-2.15));
#2707 = VERTEX_POINT('',#2706);
#2708 = DIRECTION('',(0.,1.,0.));
#2709 = VECTOR('',#2708,1.);
#2710 = LINE('',#2706,#2709);
#2711 = EDGE_CURVE('',#2707,#2659,#2710,.T.);
#2712 = ORIENTED_EDGE('',*,*,#2711,.T.);
#2713 = ORIENTED_EDGE('',*,*,#2669,.T.);
#2714 = ORIENTED_EDGE('',*,*,#2631,.F.);
#2715 = DIRECTION('',(0.,0.,1.));
#2716 = VECTOR('',#2715,1.);
#2717 = LINE('',#2706,#2716);
#2718 = EDGE_CURVE('',#2707,#2621,#2717,.T.);
#2719 = ORIENTED_EDGE('',*,*,#2718,.F.);
#2720 = CARTESIAN_POINT('',(-2.224999999999999,-0.315,-2.15));
#2721 = DIRECTION('',(1.,0.,0.));
#2722 = DIRECTION('',(0.,1.,0.));
#2723 = AXIS2_PLACEMENT_3D('',#2720,#2721,#2722);
#2724 = PLANE('',#2723);
#2725 = EDGE_LOOP('',(#2712,#2713,#2714,#2719));
#2726 = FACE_OUTER_BOUND('',#2725,.T.);
#2727 = ADVANCED_FACE('',(#2726),#2724,.T.);
#2728 = ORIENTED_EDGE('',*,*,#2718,.T.);
#2729 = ORIENTED_EDGE('',*,*,#2646,.T.);
#2730 = ORIENTED_EDGE('',*,*,#2694,.F.);
#2731 = DIRECTION('',(-1.,0.,0.));
#2732 = VECTOR('',#2731,1.);
#2733 = LINE('',#2706,#2732);
#2734 = EDGE_CURVE('',#2707,#2685,#2733,.T.);
#2735 = ORIENTED_EDGE('',*,*,#2734,.F.);
#2736 = CARTESIAN_POINT('',(-2.224999999999999,-0.315,-2.15));
#2737 = DIRECTION('',(0.,-1.,0.));
#2738 = DIRECTION('',(0.,0.,1.));
#2739 = AXIS2_PLACEMENT_3D('',#2736,#2737,#2738);
#2740 = PLANE('',#2739);
#2741 = EDGE_LOOP('',(#2728,#2729,#2730,#2735));
#2742 = FACE_OUTER_BOUND('',#2741,.T.);
#2743 = ADVANCED_FACE('',(#2742),#2740,.T.);
#2744 = CARTESIAN_POINT('',(-2.714999999999999,0.175,-2.5));
#2745 = VERTEX_POINT('',#2744);
#2746 = CARTESIAN_POINT('',(-2.3649999999999993,0.175,-2.5));
#2747 = VERTEX_POINT('',#2746);
#2748 = DIRECTION('',(-0.34815531191139587,0.3481553119113956,0.8703882797784892));
#2749 = VECTOR('',#2748,1.);
#2750 = LINE('',#2744,#2749);
#2751 = EDGE_CURVE('',#2745,#2657,#2750,.T.);
#2752 = ORIENTED_EDGE('',*,*,#2751,.T.);
#2753 = ORIENTED_EDGE('',*,*,#2674,.F.);
#2754 = DIRECTION('',(-0.34815531191139587,-0.3481553119113956,-0.8703882797784892));
#2755 = VECTOR('',#2754,1.);
#2756 = LINE('',#2658,#2755);
#2757 = EDGE_CURVE('',#2659,#2747,#2756,.T.);
#2758 = ORIENTED_EDGE('',*,*,#2757,.T.);
#2759 = DIRECTION('',(-1.,0.,0.));
#2760 = VECTOR('',#2759,1.);
#2761 = LINE('',#2746,#2760);
#2762 = EDGE_CURVE('',#2747,#2745,#2761,.T.);
#2763 = ORIENTED_EDGE('',*,*,#2762,.T.);
#2764 = CARTESIAN_POINT('',(-2.714999999999999,0.175,-2.5));
#2765 = DIRECTION('',(0.,0.9284766908852594,-0.3713906763541034));
#2766 = DIRECTION('',(-0.34815531191139587,0.3481553119113956,0.8703882797784892));
#2767 = AXIS2_PLACEMENT_3D('',#2764,#2765,#2766);
#2768 = PLANE('',#2767);
#2769 = EDGE_LOOP('',(#2752,#2753,#2758,#2763));
#2770 = FACE_OUTER_BOUND('',#2769,.T.);
#2771 = ADVANCED_FACE('',(#2770),#2768,.T.);
#2772 = CARTESIAN_POINT('',(-2.714999999999999,-0.175,-2.5));
#2773 = VERTEX_POINT('',#2772);
#2774 = DIRECTION('',(0.,1.,0.));
#2775 = VECTOR('',#2774,1.);
#2776 = LINE('',#2772,#2775);
#2777 = EDGE_CURVE('',#2773,#2745,#2776,.T.);
#2778 = ORIENTED_EDGE('',*,*,#2777,.F.);
#2779 = DIRECTION('',(-0.34815531191139587,-0.3481553119113956,0.8703882797784892));
#2780 = VECTOR('',#2779,1.);
#2781 = LINE('',#2772,#2780);
#2782 = EDGE_CURVE('',#2773,#2685,#2781,.T.);
#2783 = ORIENTED_EDGE('',*,*,#2782,.T.);
#2784 = ORIENTED_EDGE('',*,*,#2689,.T.);
#2785 = ORIENTED_EDGE('',*,*,#2751,.F.);
#2786 = CARTESIAN_POINT('',(-2.714999999999999,0.175,-2.5));
#2787 = DIRECTION('',(-0.9284766908852592,0.,-0.37139067635410367));
#2788 = DIRECTION('',(0.,-1.,0.));
#2789 = AXIS2_PLACEMENT_3D('',#2786,#2787,#2788);
#2790 = PLANE('',#2789);
#2791 = EDGE_LOOP('',(#2778,#2783,#2784,#2785));
#2792 = FACE_OUTER_BOUND('',#2791,.T.);
#2793 = ADVANCED_FACE('',(#2792),#2790,.T.);
#2794 = CARTESIAN_POINT('',(-2.3649999999999993,-0.175,-2.5));
#2795 = VERTEX_POINT('',#2794);
#2796 = DIRECTION('',(-1.,0.,0.));
#2797 = VECTOR('',#2796,1.);
#2798 = LINE('',#2794,#2797);
#2799 = EDGE_CURVE('',#2795,#2773,#2798,.T.);
#2800 = ORIENTED_EDGE('',*,*,#2799,.T.);
#2801 = ORIENTED_EDGE('',*,*,#2777,.T.);
#2802 = ORIENTED_EDGE('',*,*,#2762,.F.);
#2803 = DIRECTION('',(0.,1.,0.));
#2804 = VECTOR('',#2803,1.);
#2805 = LINE('',#2794,#2804);
#2806 = EDGE_CURVE('',#2795,#2747,#2805,.T.);
#2807 = ORIENTED_EDGE('',*,*,#2806,.F.);
#2808 = CARTESIAN_POINT('',(-2.3649999999999993,-0.175,-2.5));
#2809 = DIRECTION('',(0.,0.,-1.));
#2810 = DIRECTION('',(-1.,0.,0.));
#2811 = AXIS2_PLACEMENT_3D('',#2808,#2809,#2810);
#2812 = PLANE('',#2811);
#2813 = EDGE_LOOP('',(#2800,#2801,#2802,#2807));
#2814 = FACE_OUTER_BOUND('',#2813,.T.);
#2815 = ADVANCED_FACE('',(#2814),#2812,.T.);
#2816 = ORIENTED_EDGE('',*,*,#2806,.T.);
#2817 = ORIENTED_EDGE('',*,*,#2757,.F.);
#2818 = ORIENTED_EDGE('',*,*,#2711,.F.);
#2819 = DIRECTION('',(-0.34815531191139587,0.3481553119113956,-0.8703882797784892));
#2820 = VECTOR('',#2819,1.);
#2821 = LINE('',#2706,#2820);
#2822 = EDGE_CURVE('',#2707,#2795,#2821,.T.);
#2823 = ORIENTED_EDGE('',*,*,#2822,.T.);
#2824 = CARTESIAN_POINT('',(-2.3649999999999993,-0.175,-2.5));
#2825 = DIRECTION('',(0.9284766908852592,0.,-0.37139067635410367));
#2826 = DIRECTION('',(0.,1.,0.));
#2827 = AXIS2_PLACEMENT_3D('',#2824,#2825,#2826);
#2828 = PLANE('',#2827);
#2829 = EDGE_LOOP('',(#2816,#2817,#2818,#2823));
#2830 = FACE_OUTER_BOUND('',#2829,.T.);
#2831 = ADVANCED_FACE('',(#2830),#2828,.T.);
#2832 = ORIENTED_EDGE('',*,*,#2822,.F.);
#2833 = ORIENTED_EDGE('',*,*,#2734,.T.);
#2834 = ORIENTED_EDGE('',*,*,#2782,.F.);
#2835 = ORIENTED_EDGE('',*,*,#2799,.F.);
#2836 = CARTESIAN_POINT('',(-2.3649999999999993,-0.175,-2.5));
#2837 = DIRECTION('',(0.,-0.9284766908852594,-0.3713906763541034));
#2838 = DIRECTION('',(0.34815531191139587,-0.3481553119113956,0.8703882797784892));
#2839 = AXIS2_PLACEMENT_3D('',#2836,#2837,#2838);
#2840 = PLANE('',#2839);
#2841 = EDGE_LOOP('',(#2832,#2833,#2834,#2835));
#2842 = FACE_OUTER_BOUND('',#2841,.T.);
#2843 = ADVANCED_FACE('',(#2842),#2840,.T.);
#2844 = CLOSED_SHELL('',(#2655,#2683,#2705,#2727,#2743,#2771,#2793,#2815,#2831,#2843));
#2845 = MANIFOLD_SOLID_BREP('',#2844);
#2846 = COLOUR_RGB('',0.7529411764705882,0.7529411764705882,0.7529411764705882);
#2847 = FILL_AREA_STYLE_COLOUR('',#2846);
#2848 = FILL_AREA_STYLE('',(#2847));
#2849 = SURFACE_STYLE_FILL_AREA(#2848);
#2850 = SURFACE_SIDE_STYLE('',(#2849));
#2851 = SURFACE_STYLE_USAGE(.BOTH.,#2850);
#2852 = PRESENTATION_STYLE_ASSIGNMENT((#2851));
#2853 = STYLED_ITEM('',(#2852),#2845);
#2854 = CARTESIAN_POINT('',(-2.854999999999999,0.315,2.));
#2855 = VERTEX_POINT('',#2854);
#2856 = CARTESIAN_POINT('',(-2.854999999999999,-0.315,2.));
#2857 = VERTEX_POINT('',#2856);
#2858 = CARTESIAN_POINT('',(-2.854999999999999,-0.315,7.4));
#2859 = VERTEX_POINT('',#2858);
#2860 = CARTESIAN_POINT('',(-2.854999999999999,0.315,7.4));
#2861 = VERTEX_POINT('',#2860);
#2862 = DIRECTION('',(0.,1.,0.));
#2863 = VECTOR('',#2862,1.);
#2864 = LINE('',#2856,#2863);
#2865 = EDGE_CURVE('',#2857,#2855,#2864,.T.);
#2866 = ORIENTED_EDGE('',*,*,#2865,.F.);
#2867 = DIRECTION('',(0.,0.,1.));
#2868 = VECTOR('',#2867,1.);
#2869 = LINE('',#2856,#2868);
#2870 = EDGE_CURVE('',#2857,#2859,#2869,.T.);
#2871 = ORIENTED_EDGE('',*,*,#2870,.T.);
#2872 = DIRECTION('',(0.,1.,0.));
#2873 = VECTOR('',#2872,1.);
#2874 = LINE('',#2858,#2873);
#2875 = EDGE_CURVE('',#2859,#2861,#2874,.T.);
#2876 = ORIENTED_EDGE('',*,*,#2875,.T.);
#2877 = DIRECTION('',(0.,0.,1.));
#2878 = VECTOR('',#2877,1.);
#2879 = LINE('',#2854,#2878);
#2880 = EDGE_CURVE('',#2855,#2861,#2879,.T.);
#2881 = ORIENTED_EDGE('',*,*,#2880,.F.);
#2882 = CARTESIAN_POINT('',(-2.854999999999999,0.315,2.));
#2883 = DIRECTION('',(-1.,0.,0.));
#2884 = DIRECTION('',(0.,-1.,0.));
#2885 = AXIS2_PLACEMENT_3D('',#2882,#2883,#2884);
#2886 = PLANE('',#2885);
#2887 = EDGE_LOOP('',(#2866,#2871,#2876,#2881));
#2888 = FACE_OUTER_BOUND('',#2887,.T.);
#2889 = ADVANCED_FACE('',(#2888),#2886,.T.);
#2890 = CARTESIAN_POINT('',(-2.224999999999999,0.315,7.4));
#2891 = VERTEX_POINT('',#2890);
#2892 = CARTESIAN_POINT('',(-2.224999999999999,0.315,2.));
#2893 = VERTEX_POINT('',#2892);
#2894 = DIRECTION('',(0.,0.,1.));
#2895 = VECTOR('',#2894,1.);
#2896 = LINE('',#2892,#2895);
#2897 = EDGE_CURVE('',#2893,#2891,#2896,.T.);
#2898 = ORIENTED_EDGE('',*,*,#2897,.F.);
#2899 = DIRECTION('',(-1.,0.,0.));
#2900 = VECTOR('',#2899,1.);
#2901 = LINE('',#2892,#2900);
#2902 = EDGE_CURVE('',#2893,#2855,#2901,.T.);
#2903 = ORIENTED_EDGE('',*,*,#2902,.T.);
#2904 = ORIENTED_EDGE('',*,*,#2880,.T.);
#2905 = DIRECTION('',(-1.,0.,0.));
#2906 = VECTOR('',#2905,1.);
#2907 = LINE('',#2890,#2906);
#2908 = EDGE_CURVE('',#2891,#2861,#2907,.T.);
#2909 = ORIENTED_EDGE('',*,*,#2908,.F.);
#2910 = CARTESIAN_POINT('',(-2.224999999999999,0.315,7.4));
#2911 = DIRECTION('',(0.,1.,0.));
#2912 = DIRECTION('',(0.,0.,-1.));
#2913 = AXIS2_PLACEMENT_3D('',#2910,#2911,#2912);
#2914 = PLANE('',#2913);
#2915 = EDGE_LOOP('',(#2898,#2903,#2904,#2909));
#2916 = FACE_OUTER_BOUND('',#2915,.T.);
#2917 = ADVANCED_FACE('',(#2916),#2914,.T.);
#2918 = CARTESIAN_POINT('',(-2.714999999999999,0.175,8.));
#2919 = VERTEX_POINT('',#2918);
#2920 = CARTESIAN_POINT('',(-2.714999999999999,-0.175,8.));
#2921 = VERTEX_POINT('',#2920);
#2922 = DIRECTION('',(-0.22158112824152176,0.22158112824152157,-0.9496334067493776));
#2923 = VECTOR('',#2922,1.);
#2924 = LINE('',#2918,#2923);
#2925 = EDGE_CURVE('',#2919,#2861,#2924,.T.);
#2926 = ORIENTED_EDGE('',*,*,#2925,.T.);
#2927 = ORIENTED_EDGE('',*,*,#2875,.F.);
#2928 = DIRECTION('',(-0.22158112824152176,-0.22158112824152157,-0.9496334067493776));
#2929 = VECTOR('',#2928,1.);
#2930 = LINE('',#2920,#2929);
#2931 = EDGE_CURVE('',#2921,#2859,#2930,.T.);
#2932 = ORIENTED_EDGE('',*,*,#2931,.F.);
#2933 = DIRECTION('',(0.,1.,0.));
#2934 = VECTOR('',#2933,1.);
#2935 = LINE('',#2920,#2934);
#2936 = EDGE_CURVE('',#2921,#2919,#2935,.T.);
#2937 = ORIENTED_EDGE('',*,*,#2936,.T.);
#2938 = CARTESIAN_POINT('',(-2.714999999999999,0.175,8.));
#2939 = DIRECTION('',(-0.9738412097417933,0.,0.2272296156064183));
#2940 = DIRECTION('',(-0.22158112824152176,0.22158112824152157,-0.9496334067493776));
#2941 = AXIS2_PLACEMENT_3D('',#2938,#2939,#2940);
#2942 = PLANE('',#2941);
#2943 = EDGE_LOOP('',(#2926,#2927,#2932,#2937));
#2944 = FACE_OUTER_BOUND('',#2943,.T.);
#2945 = ADVANCED_FACE('',(#2944),#2942,.T.);
#2946 = CARTESIAN_POINT('',(-2.224999999999999,-0.315,2.));
#2947 = VERTEX_POINT('',#2946);
#2948 = CARTESIAN_POINT('',(-2.224999999999999,-0.315,7.4));
#2949 = VERTEX_POINT('',#2948);
#2950 = DIRECTION('',(0.,1.,0.));
#2951 = VECTOR('',#2950,1.);
#2952 = LINE('',#2946,#2951);
#2953 = EDGE_CURVE('',#2947,#2893,#2952,.T.);
#2954 = ORIENTED_EDGE('',*,*,#2953,.T.);
#2955 = ORIENTED_EDGE('',*,*,#2897,.T.);
#2956 = DIRECTION('',(0.,1.,0.));
#2957 = VECTOR('',#2956,1.);
#2958 = LINE('',#2948,#2957);
#2959 = EDGE_CURVE('',#2949,#2891,#2958,.T.);
#2960 = ORIENTED_EDGE('',*,*,#2959,.F.);
#2961 = DIRECTION('',(0.,0.,1.));
#2962 = VECTOR('',#2961,1.);
#2963 = LINE('',#2946,#2962);
#2964 = EDGE_CURVE('',#2947,#2949,#2963,.T.);
#2965 = ORIENTED_EDGE('',*,*,#2964,.F.);
#2966 = CARTESIAN_POINT('',(-2.224999999999999,-0.315,2.));
#2967 = DIRECTION('',(1.,0.,0.));
#2968 = DIRECTION('',(0.,1.,0.));
#2969 = AXIS2_PLACEMENT_3D('',#2966,#2967,#2968);
#2970 = PLANE('',#2969);
#2971 = EDGE_LOOP('',(#2954,#2955,#2960,#2965));
#2972 = FACE_OUTER_BOUND('',#2971,.T.);
#2973 = ADVANCED_FACE('',(#2972),#2970,.T.);
#2974 = ORIENTED_EDGE('',*,*,#2964,.T.);
#2975 = DIRECTION('',(-1.,0.,0.));
#2976 = VECTOR('',#2975,1.);
#2977 = LINE('',#2948,#2976);
#2978 = EDGE_CURVE('',#2949,#2859,#2977,.T.);
#2979 = ORIENTED_EDGE('',*,*,#2978,.T.);
#2980 = ORIENTED_EDGE('',*,*,#2870,.F.);
#2981 = DIRECTION('',(-1.,0.,0.));
#2982 = VECTOR('',#2981,1.);
#2983 = LINE('',#2946,#2982);
#2984 = EDGE_CURVE('',#2947,#2857,#2983,.T.);
#2985 = ORIENTED_EDGE('',*,*,#2984,.F.);
#2986 = CARTESIAN_POINT('',(-2.224999999999999,-0.315,2.));
#2987 = DIRECTION('',(0.,-1.,0.));
#2988 = DIRECTION('',(0.,0.,1.));
#2989 = AXIS2_PLACEMENT_3D('',#2986,#2987,#2988);
#2990 = PLANE('',#2989);
#2991 = EDGE_LOOP('',(#2974,#2979,#2980,#2985));
#2992 = FACE_OUTER_BOUND('',#2991,.T.);
#2993 = ADVANCED_FACE('',(#2992),#2990,.T.);
#2994 = ORIENTED_EDGE('',*,*,#2984,.T.);
#2995 = ORIENTED_EDGE('',*,*,#2865,.T.);
#2996 = ORIENTED_EDGE('',*,*,#2902,.F.);
#2997 = ORIENTED_EDGE('',*,*,#2953,.F.);
#2998 = CARTESIAN_POINT('',(-2.224999999999999,-0.315,2.));
#2999 = DIRECTION('',(0.,0.,-1.));
#3000 = DIRECTION('',(-1.,0.,0.));
#3001 = AXIS2_PLACEMENT_3D('',#2998,#2999,#3000);
#3002 = PLANE('',#3001);
#3003 = EDGE_LOOP('',(#2994,#2995,#2996,#2997));
#3004 = FACE_OUTER_BOUND('',#3003,.T.);
#3005 = ADVANCED_FACE('',(#3004),#3002,.T.);
#3006 = CARTESIAN_POINT('',(-2.3649999999999993,0.175,8.));
#3007 = VERTEX_POINT('',#3006);
#3008 = DIRECTION('',(-0.22158112824152176,-0.22158112824152157,0.9496334067493776));
#3009 = VECTOR('',#3008,1.);
#3010 = LINE('',#2890,#3009);
#3011 = EDGE_CURVE('',#2891,#3007,#3010,.T.);
#3012 = ORIENTED_EDGE('',*,*,#3011,.F.);
#3013 = ORIENTED_EDGE('',*,*,#2908,.T.);
#3014 = ORIENTED_EDGE('',*,*,#2925,.F.);
#3015 = DIRECTION('',(-1.,0.,0.));
#3016 = VECTOR('',#3015,1.);
#3017 = LINE('',#3006,#3016);
#3018 = EDGE_CURVE('',#3007,#2919,#3017,.T.);
#3019 = ORIENTED_EDGE('',*,*,#3018,.F.);
#3020 = CARTESIAN_POINT('',(-2.3649999999999993,0.175,8.));
#3021 = DIRECTION('',(0.,0.9738412097417931,0.22722961560641844));
#3022 = DIRECTION('',(0.22158112824152176,0.22158112824152157,-0.9496334067493776));
#3023 = AXIS2_PLACEMENT_3D('',#3020,#3021,#3022);
#3024 = PLANE('',#3023);
#3025 = EDGE_LOOP('',(#3012,#3013,#3014,#3019));
#3026 = FACE_OUTER_BOUND('',#3025,.T.);
#3027 = ADVANCED_FACE('',(#3026),#3024,.T.);
#3028 = CARTESIAN_POINT('',(-2.3649999999999993,-0.175,8.));
#3029 = VERTEX_POINT('',#3028);
#3030 = DIRECTION('',(-0.22158112824152176,0.22158112824152157,0.9496334067493776));
#3031 = VECTOR('',#3030,1.);
#3032 = LINE('',#2948,#3031);
#3033 = EDGE_CURVE('',#2949,#3029,#3032,.T.);
#3034 = ORIENTED_EDGE('',*,*,#3033,.F.);
#3035 = ORIENTED_EDGE('',*,*,#2959,.T.);
#3036 = ORIENTED_EDGE('',*,*,#3011,.T.);
#3037 = DIRECTION('',(0.,1.,0.));
#3038 = VECTOR('',#3037,1.);
#3039 = LINE('',#3028,#3038);
#3040 = EDGE_CURVE('',#3029,#3007,#3039,.T.);
#3041 = ORIENTED_EDGE('',*,*,#3040,.F.);
#3042 = CARTESIAN_POINT('',(-2.3649999999999993,-0.175,8.));
#3043 = DIRECTION('',(0.9738412097417933,0.,0.2272296156064183));
#3044 = DIRECTION('',(0.22158112824152176,-0.22158112824152157,-0.9496334067493776));
#3045 = AXIS2_PLACEMENT_3D('',#3042,#3043,#3044);
#3046 = PLANE('',#3045);
#3047 = EDGE_LOOP('',(#3034,#3035,#3036,#3041));
#3048 = FACE_OUTER_BOUND('',#3047,.T.);
#3049 = ADVANCED_FACE('',(#3048),#3046,.T.);
#3050 = ORIENTED_EDGE('',*,*,#3040,.T.);
#3051 = ORIENTED_EDGE('',*,*,#3018,.T.);
#3052 = ORIENTED_EDGE('',*,*,#2936,.F.);
#3053 = DIRECTION('',(-1.,0.,0.));
#3054 = VECTOR('',#3053,1.);
#3055 = LINE('',#3028,#3054);
#3056 = EDGE_CURVE('',#3029,#2921,#3055,.T.);
#3057 = ORIENTED_EDGE('',*,*,#3056,.F.);
#3058 = CARTESIAN_POINT('',(-2.3649999999999993,-0.175,8.));
#3059 = DIRECTION('',(0.,0.,1.));
#3060 = DIRECTION('',(0.,1.,0.));
#3061 = AXIS2_PLACEMENT_3D('',#3058,#3059,#3060);
#3062 = PLANE('',#3061);
#3063 = EDGE_LOOP('',(#3050,#3051,#3052,#3057));
#3064 = FACE_OUTER_BOUND('',#3063,.T.);
#3065 = ADVANCED_FACE('',(#3064),#3062,.T.);
#3066 = ORIENTED_EDGE('',*,*,#3056,.T.);
#3067 = ORIENTED_EDGE('',*,*,#2931,.T.);
#3068 = ORIENTED_EDGE('',*,*,#2978,.F.);
#3069 = ORIENTED_EDGE('',*,*,#3033,.T.);
#3070 = CARTESIAN_POINT('',(-2.3649999999999993,-0.175,8.));
#3071 = DIRECTION('',(0.,-0.9738412097417931,0.22722961560641844));
#3072 = DIRECTION('',(-1.,0.,0.));
#3073 = AXIS2_PLACEMENT_3D('',#3070,#3071,#3072);
#3074 = PLANE('',#3073);
#3075 = EDGE_LOOP('',(#3066,#3067,#3068,#3069));
#3076 = FACE_OUTER_BOUND('',#3075,.T.);
#3077 = ADVANCED_FACE('',(#3076),#3074,.T.);
#3078 = CLOSED_SHELL('',(#2889,#2917,#2945,#2973,#2993,#3005,#3027,#3049,#3065,#3077));
#3079 = MANIFOLD_SOLID_BREP('',#3078);
#3080 = COLOUR_RGB('',0.7529411764705882,0.7529411764705882,0.7529411764705882);
#3081 = FILL_AREA_STYLE_COLOUR('',#3080);
#3082 = FILL_AREA_STYLE('',(#3081));
#3083 = SURFACE_STYLE_FILL_AREA(#3082);
#3084 = SURFACE_SIDE_STYLE('',(#3083));
#3085 = SURFACE_STYLE_USAGE(.BOTH.,#3084);
#3086 = PRESENTATION_STYLE_ASSIGNMENT((#3085));
#3087 = STYLED_ITEM('',(#3086),#3079);
#3088 = CARTESIAN_POINT('',(-1.27,-1.27,0.));
#3089 = VERTEX_POINT('',#3088);
#3090 = CARTESIAN_POINT('',(-1.27,-1.27,2.));
#3091 = VERTEX_POINT('',#3090);
#3092 = CARTESIAN_POINT('',(-1.27,1.27,2.));
#3093 = VERTEX_POINT('',#3092);
#3094 = CARTESIAN_POINT('',(-1.27,1.27,0.));
#3095 = VERTEX_POINT('',#3094);
#3096 = DIRECTION('',(0.,0.,1.));
#3097 = VECTOR('',#3096,1.);
#3098 = LINE('',#3088,#3097);
#3099 = EDGE_CURVE('',#3089,#3091,#3098,.T.);
#3100 = ORIENTED_EDGE('',*,*,#3099,.T.);
#3101 = DIRECTION('',(0.,1.,0.));
#3102 = VECTOR('',#3101,1.);
#3103 = LINE('',#3090,#3102);
#3104 = EDGE_CURVE('',#3091,#3093,#3103,.T.);
#3105 = ORIENTED_EDGE('',*,*,#3104,.T.);
#3106 = DIRECTION('',(0.,0.,1.));
#3107 = VECTOR('',#3106,1.);
#3108 = LINE('',#3094,#3107);
#3109 = EDGE_CURVE('',#3095,#3093,#3108,.T.);
#3110 = ORIENTED_EDGE('',*,*,#3109,.F.);
#3111 = DIRECTION('',(0.,1.,0.));
#3112 = VECTOR('',#3111,1.);
#3113 = LINE('',#3088,#3112);
#3114 = EDGE_CURVE('',#3089,#3095,#3113,.T.);
#3115 = ORIENTED_EDGE('',*,*,#3114,.F.);
#3116 = CARTESIAN_POINT('',(-1.27,-1.27,0.));
#3117 = DIRECTION('',(-1.,0.,0.));
#3118 = DIRECTION('',(0.,0.,1.));
#3119 = AXIS2_PLACEMENT_3D('',#3116,#3117,#3118);
#3120 = PLANE('',#3119);
#3121 = EDGE_LOOP('',(#3100,#3105,#3110,#3115));
#3122 = FACE_OUTER_BOUND('',#3121,.T.);
#3123 = ADVANCED_FACE('',(#3122),#3120,.T.);
#3124 = CARTESIAN_POINT('',(1.27,-1.27,0.));
#3125 = VERTEX_POINT('',#3124);
#3126 = CARTESIAN_POINT('',(1.27,1.27,0.));
#3127 = VERTEX_POINT('',#3126);
#3128 = CARTESIAN_POINT('',(1.27,1.27,2.));
#3129 = VERTEX_POINT('',#3128);
#3130 = CARTESIAN_POINT('',(1.27,-1.27,2.));
#3131 = VERTEX_POINT('',#3130);
#3132 = DIRECTION('',(0.,1.,0.));
#3133 = VECTOR('',#3132,1.);
#3134 = LINE('',#3124,#3133);
#3135 = EDGE_CURVE('',#3125,#3127,#3134,.T.);
#3136 = ORIENTED_EDGE('',*,*,#3135,.T.);
#3137 = DIRECTION('',(0.,0.,1.));
#3138 = VECTOR('',#3137,1.);
#3139 = LINE('',#3126,#3138);
#3140 = EDGE_CURVE('',#3127,#3129,#3139,.T.);
#3141 = ORIENTED_EDGE('',*,*,#3140,.T.);
#3142 = DIRECTION('',(0.,1.,0.));
#3143 = VECTOR('',#3142,1.);
#3144 = LINE('',#3130,#3143);
#3145 = EDGE_CURVE('',#3131,#3129,#3144,.T.);
#3146 = ORIENTED_EDGE('',*,*,#3145,.F.);
#3147 = DIRECTION('',(0.,0.,1.));
#3148 = VECTOR('',#3147,1.);
#3149 = LINE('',#3124,#3148);
#3150 = EDGE_CURVE('',#3125,#3131,#3149,.T.);
#3151 = ORIENTED_EDGE('',*,*,#3150,.F.);
#3152 = CARTESIAN_POINT('',(1.27,-1.27,0.));
#3153 = DIRECTION('',(1.,0.,0.));
#3154 = DIRECTION('',(0.,1.,0.));
#3155 = AXIS2_PLACEMENT_3D('',#3152,#3153,#3154);
#3156 = PLANE('',#3155);
#3157 = EDGE_LOOP('',(#3136,#3141,#3146,#3151));
#3158 = FACE_OUTER_BOUND('',#3157,.T.);
#3159 = ADVANCED_FACE('',(#3158),#3156,.T.);
#3160 = DIRECTION('',(1.,0.,0.));
#3161 = VECTOR('',#3160,1.);
#3162 = LINE('',#3088,#3161);
#3163 = EDGE_CURVE('',#3089,#3125,#3162,.T.);
#3164 = ORIENTED_EDGE('',*,*,#3163,.T.);
#3165 = ORIENTED_EDGE('',*,*,#3150,.T.);
#3166 = DIRECTION('',(1.,0.,0.));
#3167 = VECTOR('',#3166,1.);
#3168 = LINE('',#3090,#3167);
#3169 = EDGE_CURVE('',#3091,#3131,#3168,.T.);
#3170 = ORIENTED_EDGE('',*,*,#3169,.F.);
#3171 = ORIENTED_EDGE('',*,*,#3099,.F.);
#3172 = CARTESIAN_POINT('',(-1.27,-1.27,0.));
#3173 = DIRECTION('',(0.,-1.,0.));
#3174 = DIRECTION('',(1.,0.,0.));
#3175 = AXIS2_PLACEMENT_3D('',#3172,#3173,#3174);
#3176 = PLANE('',#3175);
#3177 = EDGE_LOOP('',(#3164,#3165,#3170,#3171));
#3178 = FACE_OUTER_BOUND('',#3177,.T.);
#3179 = ADVANCED_FACE('',(#3178),#3176,.T.);
#3180 = ORIENTED_EDGE('',*,*,#3109,.T.);
#3181 = DIRECTION('',(1.,0.,0.));
#3182 = VECTOR('',#3181,1.);
#3183 = LINE('',#3092,#3182);
#3184 = EDGE_CURVE('',#3093,#3129,#3183,.T.);
#3185 = ORIENTED_EDGE('',*,*,#3184,.T.);
#3186 = ORIENTED_EDGE('',*,*,#3140,.F.);
#3187 = DIRECTION('',(1.,0.,0.));
#3188 = VECTOR('',#3187,1.);
#3189 = LINE('',#3094,#3188);
#3190 = EDGE_CURVE('',#3095,#3127,#3189,.T.);
#3191 = ORIENTED_EDGE('',*,*,#3190,.F.);
#3192 = CARTESIAN_POINT('',(-1.27,1.27,0.));
#3193 = DIRECTION('',(0.,1.,0.));
#3194 = DIRECTION('',(0.,0.,1.));
#3195 = AXIS2_PLACEMENT_3D('',#3192,#3193,#3194);
#3196 = PLANE('',#3195);
#3197 = EDGE_LOOP('',(#3180,#3185,#3186,#3191));
#3198 = FACE_OUTER_BOUND('',#3197,.T.);
#3199 = ADVANCED_FACE('',(#3198),#3196,.T.);
#3200 = ORIENTED_EDGE('',*,*,#3114,.T.);
#3201 = ORIENTED_EDGE('',*,*,#3190,.T.);
#3202 = ORIENTED_EDGE('',*,*,#3135,.F.);
#3203 = ORIENTED_EDGE('',*,*,#3163,.F.);
#3204 = CARTESIAN_POINT('',(-1.27,-1.27,0.));
#3205 = DIRECTION('',(0.,0.,-1.));
#3206 = DIRECTION('',(0.,1.,0.));
#3207 = AXIS2_PLACEMENT_3D('',#3204,#3205,#3206);
#3208 = PLANE('',#3207);
#3209 = EDGE_LOOP('',(#3200,#3201,#3202,#3203));
#3210 = FACE_OUTER_BOUND('',#3209,.T.);
#3211 = ADVANCED_FACE('',(#3210),#3208,.T.);
#3212 = ORIENTED_EDGE('',*,*,#3169,.T.);
#3213 = ORIENTED_EDGE('',*,*,#3145,.T.);
#3214 = ORIENTED_EDGE('',*,*,#3184,.F.);
#3215 = ORIENTED_EDGE('',*,*,#3104,.F.);
#3216 = CARTESIAN_POINT('',(-1.27,-1.27,2.));
#3217 = DIRECTION('',(0.,0.,1.));
#3218 = DIRECTION('',(1.,0.,0.));
#3219 = AXIS2_PLACEMENT_3D('',#3216,#3217,#3218);
#3220 = PLANE('',#3219);
#3221 = EDGE_LOOP('',(#3212,#3213,#3214,#3215));
#3222 = FACE_OUTER_BOUND('',#3221,.T.);
#3223 = ADVANCED_FACE('',(#3222),#3220,.T.);
#3224 = CLOSED_SHELL('',(#3123,#3159,#3179,#3199,#3211,#3223));
#3225 = MANIFOLD_SOLID_BREP('',#3224);
#3226 = COLOUR_RGB('',0.13333333333333333,0.13333333333333333,0.13333333333333333);
#3227 = FILL_AREA_STYLE_COLOUR('',#3226);
#3228 = FILL_AREA_STYLE('',(#3227));
#3229 = SURFACE_STYLE_FILL_AREA(#3228);
#3230 = SURFACE_SIDE_STYLE('',(#3229));
#3231 = SURFACE_STYLE_USAGE(.BOTH.,#3230);
#3232 = PRESENTATION_STYLE_ASSIGNMENT((#3231));
#3233 = STYLED_ITEM('',(#3232),#3225);
#3234 = CARTESIAN_POINT('',(0.315,-0.315,0.5500000000000003));
#3235 = VERTEX_POINT('',#3234);
#3236 = CARTESIAN_POINT('',(0.315,0.315,0.5500000000000003));
#3237 = VERTEX_POINT('',#3236);
#3238 = CARTESIAN_POINT('',(-0.315,0.315,0.5500000000000003));
#3239 = VERTEX_POINT('',#3238);
#3240 = CARTESIAN_POINT('',(-0.315,-0.315,0.5500000000000003));
#3241 = VERTEX_POINT('',#3240);
#3242 = DIRECTION('',(0.,1.,0.));
#3243 = VECTOR('',#3242,1.);
#3244 = LINE('',#3234,#3243);
#3245 = EDGE_CURVE('',#3235,#3237,#3244,.T.);
#3246 = ORIENTED_EDGE('',*,*,#3245,.T.);
#3247 = DIRECTION('',(1.,0.,0.));
#3248 = VECTOR('',#3247,1.);
#3249 = LINE('',#3238,#3248);
#3250 = EDGE_CURVE('',#3239,#3237,#3249,.T.);
#3251 = ORIENTED_EDGE('',*,*,#3250,.F.);
#3252 = DIRECTION('',(0.,1.,0.));
#3253 = VECTOR('',#3252,1.);
#3254 = LINE('',#3240,#3253);
#3255 = EDGE_CURVE('',#3241,#3239,#3254,.T.);
#3256 = ORIENTED_EDGE('',*,*,#3255,.F.);
#3257 = DIRECTION('',(1.,0.,0.));
#3258 = VECTOR('',#3257,1.);
#3259 = LINE('',#3240,#3258);
#3260 = EDGE_CURVE('',#3241,#3235,#3259,.T.);
#3261 = ORIENTED_EDGE('',*,*,#3260,.T.);
#3262 = CARTESIAN_POINT('',(0.315,-0.315,0.5500000000000003));
#3263 = DIRECTION('',(0.,0.,1.));
#3264 = DIRECTION('',(0.,1.,0.));
#3265 = AXIS2_PLACEMENT_3D('',#3262,#3263,#3264);
#3266 = PLANE('',#3265);
#3267 = EDGE_LOOP('',(#3246,#3251,#3256,#3261));
#3268 = FACE_OUTER_BOUND('',#3267,.T.);
#3269 = ADVANCED_FACE('',(#3268),#3266,.T.);
#3270 = CARTESIAN_POINT('',(-0.315,0.315,-2.15));
#3271 = VERTEX_POINT('',#3270);
#3272 = CARTESIAN_POINT('',(0.315,0.315,-2.15));
#3273 = VERTEX_POINT('',#3272);
#3274 = DIRECTION('',(0.,0.,1.));
#3275 = VECTOR('',#3274,1.);
#3276 = LINE('',#3270,#3275);
#3277 = EDGE_CURVE('',#3271,#3239,#3276,.T.);
#3278 = ORIENTED_EDGE('',*,*,#3277,.T.);
#3279 = ORIENTED_EDGE('',*,*,#3250,.T.);
#3280 = DIRECTION('',(0.,0.,1.));
#3281 = VECTOR('',#3280,1.);
#3282 = LINE('',#3272,#3281);
#3283 = EDGE_CURVE('',#3273,#3237,#3282,.T.);
#3284 = ORIENTED_EDGE('',*,*,#3283,.F.);
#3285 = DIRECTION('',(1.,0.,0.));
#3286 = VECTOR('',#3285,1.);
#3287 = LINE('',#3270,#3286);
#3288 = EDGE_CURVE('',#3271,#3273,#3287,.T.);
#3289 = ORIENTED_EDGE('',*,*,#3288,.F.);
#3290 = CARTESIAN_POINT('',(-0.315,0.315,-2.15));
#3291 = DIRECTION('',(0.,1.,0.));
#3292 = DIRECTION('',(0.,0.,1.));
#3293 = AXIS2_PLACEMENT_3D('',#3290,#3291,#3292);
#3294 = PLANE('',#3293);
#3295 = EDGE_LOOP('',(#3278,#3279,#3284,#3289));
#3296 = FACE_OUTER_BOUND('',#3295,.T.);
#3297 = ADVANCED_FACE('',(#3296),#3294,.T.);
#3298 = CARTESIAN_POINT('',(-0.315,-0.315,-2.15));
#3299 = VERTEX_POINT('',#3298);
#3300 = DIRECTION('',(0.,1.,0.));
#3301 = VECTOR('',#3300,1.);
#3302 = LINE('',#3298,#3301);
#3303 = EDGE_CURVE('',#3299,#3271,#3302,.T.);
#3304 = ORIENTED_EDGE('',*,*,#3303,.F.);
#3305 = DIRECTION('',(0.,0.,1.));
#3306 = VECTOR('',#3305,1.);
#3307 = LINE('',#3298,#3306);
#3308 = EDGE_CURVE('',#3299,#3241,#3307,.T.);
#3309 = ORIENTED_EDGE('',*,*,#3308,.T.);
#3310 = ORIENTED_EDGE('',*,*,#3255,.T.);
#3311 = ORIENTED_EDGE('',*,*,#3277,.F.);
#3312 = CARTESIAN_POINT('',(-0.315,0.315,-2.15));
#3313 = DIRECTION('',(-1.,0.,0.));
#3314 = DIRECTION('',(0.,-1.,0.));
#3315 = AXIS2_PLACEMENT_3D('',#3312,#3313,#3314);
#3316 = PLANE('',#3315);
#3317 = EDGE_LOOP('',(#3304,#3309,#3310,#3311));
#3318 = FACE_OUTER_BOUND('',#3317,.T.);
#3319 = ADVANCED_FACE('',(#3318),#3316,.T.);
#3320 = CARTESIAN_POINT('',(0.315,-0.315,-2.15));
#3321 = VERTEX_POINT('',#3320);
#3322 = DIRECTION('',(0.,1.,0.));
#3323 = VECTOR('',#3322,1.);
#3324 = LINE('',#3320,#3323);
#3325 = EDGE_CURVE('',#3321,#3273,#3324,.T.);
#3326 = ORIENTED_EDGE('',*,*,#3325,.T.);
#3327 = ORIENTED_EDGE('',*,*,#3283,.T.);
#3328 = ORIENTED_EDGE('',*,*,#3245,.F.);
#3329 = DIRECTION('',(0.,0.,1.));
#3330 = VECTOR('',#3329,1.);
#3331 = LINE('',#3320,#3330);
#3332 = EDGE_CURVE('',#3321,#3235,#3331,.T.);
#3333 = ORIENTED_EDGE('',*,*,#3332,.F.);
#3334 = CARTESIAN_POINT('',(0.315,-0.315,-2.15));
#3335 = DIRECTION('',(1.,0.,0.));
#3336 = DIRECTION('',(0.,1.,0.));
#3337 = AXIS2_PLACEMENT_3D('',#3334,#3335,#3336);
#3338 = PLANE('',#3337);
#3339 = EDGE_LOOP('',(#3326,#3327,#3328,#3333));
#3340 = FACE_OUTER_BOUND('',#3339,.T.);
#3341 = ADVANCED_FACE('',(#3340),#3338,.T.);
#3342 = ORIENTED_EDGE('',*,*,#3332,.T.);
#3343 = ORIENTED_EDGE('',*,*,#3260,.F.);
#3344 = ORIENTED_EDGE('',*,*,#3308,.F.);
#3345 = DIRECTION('',(1.,0.,0.));
#3346 = VECTOR('',#3345,1.);
#3347 = LINE('',#3298,#3346);
#3348 = EDGE_CURVE('',#3299,#3321,#3347,.T.);
#3349 = ORIENTED_EDGE('',*,*,#3348,.T.);
#3350 = CARTESIAN_POINT('',(0.315,-0.315,-2.15));
#3351 = DIRECTION('',(0.,-1.,0.));
#3352 = DIRECTION('',(0.,0.,1.));
#3353 = AXIS2_PLACEMENT_3D('',#3350,#3351,#3352);
#3354 = PLANE('',#3353);
#3355 = EDGE_LOOP('',(#3342,#3343,#3344,#3349));
#3356 = FACE_OUTER_BOUND('',#3355,.T.);
#3357 = ADVANCED_FACE('',(#3356),#3354,.T.);
#3358 = CARTESIAN_POINT('',(-0.175,0.175,-2.5));
#3359 = VERTEX_POINT('',#3358);
#3360 = CARTESIAN_POINT('',(0.175,0.175,-2.5));
#3361 = VERTEX_POINT('',#3360);
#3362 = DIRECTION('',(-0.3481553119113956,0.3481553119113956,0.8703882797784892));
#3363 = VECTOR('',#3362,1.);
#3364 = LINE('',#3358,#3363);
#3365 = EDGE_CURVE('',#3359,#3271,#3364,.T.);
#3366 = ORIENTED_EDGE('',*,*,#3365,.T.);
#3367 = ORIENTED_EDGE('',*,*,#3288,.T.);
#3368 = DIRECTION('',(0.3481553119113956,0.3481553119113956,0.8703882797784892));
#3369 = VECTOR('',#3368,1.);
#3370 = LINE('',#3360,#3369);
#3371 = EDGE_CURVE('',#3361,#3273,#3370,.T.);
#3372 = ORIENTED_EDGE('',*,*,#3371,.F.);
#3373 = DIRECTION('',(1.,0.,0.));
#3374 = VECTOR('',#3373,1.);
#3375 = LINE('',#3358,#3374);
#3376 = EDGE_CURVE('',#3359,#3361,#3375,.T.);
#3377 = ORIENTED_EDGE('',*,*,#3376,.F.);
#3378 = CARTESIAN_POINT('',(-0.175,0.175,-2.5));
#3379 = DIRECTION('',(0.,0.9284766908852591,-0.37139067635410367));
#3380 = DIRECTION('',(-0.3481553119113956,0.3481553119113956,0.8703882797784892));
#3381 = AXIS2_PLACEMENT_3D('',#3378,#3379,#3380);
#3382 = PLANE('',#3381);
#3383 = EDGE_LOOP('',(#3366,#3367,#3372,#3377));
#3384 = FACE_OUTER_BOUND('',#3383,.T.);
#3385 = ADVANCED_FACE('',(#3384),#3382,.T.);
#3386 = CARTESIAN_POINT('',(-0.175,-0.175,-2.5));
#3387 = VERTEX_POINT('',#3386);
#3388 = DIRECTION('',(0.,1.,0.));
#3389 = VECTOR('',#3388,1.);
#3390 = LINE('',#3386,#3389);
#3391 = EDGE_CURVE('',#3387,#3359,#3390,.T.);
#3392 = ORIENTED_EDGE('',*,*,#3391,.F.);
#3393 = DIRECTION('',(-0.3481553119113956,-0.3481553119113956,0.8703882797784892));
#3394 = VECTOR('',#3393,1.);
#3395 = LINE('',#3386,#3394);
#3396 = EDGE_CURVE('',#3387,#3299,#3395,.T.);
#3397 = ORIENTED_EDGE('',*,*,#3396,.T.);
#3398 = ORIENTED_EDGE('',*,*,#3303,.T.);
#3399 = ORIENTED_EDGE('',*,*,#3365,.F.);
#3400 = CARTESIAN_POINT('',(-0.175,0.175,-2.5));
#3401 = DIRECTION('',(-0.9284766908852593,0.,-0.37139067635410344));
#3402 = DIRECTION('',(0.,-1.,0.));
#3403 = AXIS2_PLACEMENT_3D('',#3400,#3401,#3402);
#3404 = PLANE('',#3403);
#3405 = EDGE_LOOP('',(#3392,#3397,#3398,#3399));
#3406 = FACE_OUTER_BOUND('',#3405,.T.);
#3407 = ADVANCED_FACE('',(#3406),#3404,.T.);
#3408 = CARTESIAN_POINT('',(0.175,-0.175,-2.5));
#3409 = VERTEX_POINT('',#3408);
#3410 = DIRECTION('',(1.,0.,0.));
#3411 = VECTOR('',#3410,1.);
#3412 = LINE('',#3386,#3411);
#3413 = EDGE_CURVE('',#3387,#3409,#3412,.T.);
#3414 = ORIENTED_EDGE('',*,*,#3413,.F.);
#3415 = ORIENTED_EDGE('',*,*,#3391,.T.);
#3416 = ORIENTED_EDGE('',*,*,#3376,.T.);
#3417 = DIRECTION('',(0.,1.,0.));
#3418 = VECTOR('',#3417,1.);
#3419 = LINE('',#3408,#3418);
#3420 = EDGE_CURVE('',#3409,#3361,#3419,.T.);
#3421 = ORIENTED_EDGE('',*,*,#3420,.F.);
#3422 = CARTESIAN_POINT('',(0.175,-0.175,-2.5));
#3423 = DIRECTION('',(0.,0.,-1.));
#3424 = DIRECTION('',(-1.,0.,0.));
#3425 = AXIS2_PLACEMENT_3D('',#3422,#3423,#3424);
#3426 = PLANE('',#3425);
#3427 = EDGE_LOOP('',(#3414,#3415,#3416,#3421));
#3428 = FACE_OUTER_BOUND('',#3427,.T.);
#3429 = ADVANCED_FACE('',(#3428),#3426,.T.);
#3430 = ORIENTED_EDGE('',*,*,#3420,.T.);
#3431 = ORIENTED_EDGE('',*,*,#3371,.T.);
#3432 = ORIENTED_EDGE('',*,*,#3325,.F.);
#3433 = DIRECTION('',(0.3481553119113956,-0.3481553119113956,0.8703882797784892));
#3434 = VECTOR('',#3433,1.);
#3435 = LINE('',#3408,#3434);
#3436 = EDGE_CURVE('',#3409,#3321,#3435,.T.);
#3437 = ORIENTED_EDGE('',*,*,#3436,.F.);
#3438 = CARTESIAN_POINT('',(0.175,-0.175,-2.5));
#3439 = DIRECTION('',(0.9284766908852593,0.,-0.37139067635410344));
#3440 = DIRECTION('',(0.,1.,0.));
#3441 = AXIS2_PLACEMENT_3D('',#3438,#3439,#3440);
#3442 = PLANE('',#3441);
#3443 = EDGE_LOOP('',(#3430,#3431,#3432,#3437));
#3444 = FACE_OUTER_BOUND('',#3443,.T.);
#3445 = ADVANCED_FACE('',(#3444),#3442,.T.);
#3446 = ORIENTED_EDGE('',*,*,#3436,.T.);
#3447 = ORIENTED_EDGE('',*,*,#3348,.F.);
#3448 = ORIENTED_EDGE('',*,*,#3396,.F.);
#3449 = ORIENTED_EDGE('',*,*,#3413,.T.);
#3450 = CARTESIAN_POINT('',(0.175,-0.175,-2.5));
#3451 = DIRECTION('',(0.,-0.9284766908852591,-0.37139067635410367));
#3452 = DIRECTION('',(0.3481553119113956,-0.3481553119113956,0.8703882797784892));
#3453 = AXIS2_PLACEMENT_3D('',#3450,#3451,#3452);
#3454 = PLANE('',#3453);
#3455 = EDGE_LOOP('',(#3446,#3447,#3448,#3449));
#3456 = FACE_OUTER_BOUND('',#3455,.T.);
#3457 = ADVANCED_FACE('',(#3456),#3454,.T.);
#3458 = CLOSED_SHELL('',(#3269,#3297,#3319,#3341,#3357,#3385,#3407,#3429,#3445,#3457));
#3459 = MANIFOLD_SOLID_BREP('',#3458);
#3460 = COLOUR_RGB('',0.7529411764705882,0.7529411764705882,0.7529411764705882);
#3461 = FILL_AREA_STYLE_COLOUR('',#3460);
#3462 = FILL_AREA_STYLE('',(#3461));
#3463 = SURFACE_STYLE_FILL_AREA(#3462);
#3464 = SURFACE_SIDE_STYLE('',(#3463));
#3465 = SURFACE_STYLE_USAGE(.BOTH.,#3464);
#3466 = PRESENTATION_STYLE_ASSIGNMENT((#3465));
#3467 = STYLED_ITEM('',(#3466),#3459);
#3468 = CARTESIAN_POINT('',(-0.315,0.315,2.));
#3469 = VERTEX_POINT('',#3468);
#3470 = CARTESIAN_POINT('',(-0.315,-0.315,2.));
#3471 = VERTEX_POINT('',#3470);
#3472 = CARTESIAN_POINT('',(-0.315,-0.315,7.4));
#3473 = VERTEX_POINT('',#3472);
#3474 = CARTESIAN_POINT('',(-0.315,0.315,7.4));
#3475 = VERTEX_POINT('',#3474);
#3476 = DIRECTION('',(0.,1.,0.));
#3477 = VECTOR('',#3476,1.);
#3478 = LINE('',#3470,#3477);
#3479 = EDGE_CURVE('',#3471,#3469,#3478,.T.);
#3480 = ORIENTED_EDGE('',*,*,#3479,.F.);
#3481 = DIRECTION('',(0.,0.,1.));
#3482 = VECTOR('',#3481,1.);
#3483 = LINE('',#3470,#3482);
#3484 = EDGE_CURVE('',#3471,#3473,#3483,.T.);
#3485 = ORIENTED_EDGE('',*,*,#3484,.T.);
#3486 = DIRECTION('',(0.,1.,0.));
#3487 = VECTOR('',#3486,1.);
#3488 = LINE('',#3472,#3487);
#3489 = EDGE_CURVE('',#3473,#3475,#3488,.T.);
#3490 = ORIENTED_EDGE('',*,*,#3489,.T.);
#3491 = DIRECTION('',(0.,0.,1.));
#3492 = VECTOR('',#3491,1.);
#3493 = LINE('',#3468,#3492);
#3494 = EDGE_CURVE('',#3469,#3475,#3493,.T.);
#3495 = ORIENTED_EDGE('',*,*,#3494,.F.);
#3496 = CARTESIAN_POINT('',(-0.315,0.315,2.));
#3497 = DIRECTION('',(-1.,0.,0.));
#3498 = DIRECTION('',(0.,-1.,0.));
#3499 = AXIS2_PLACEMENT_3D('',#3496,#3497,#3498);
#3500 = PLANE('',#3499);
#3501 = EDGE_LOOP('',(#3480,#3485,#3490,#3495));
#3502 = FACE_OUTER_BOUND('',#3501,.T.);
#3503 = ADVANCED_FACE('',(#3502),#3500,.T.);
#3504 = CARTESIAN_POINT('',(0.315,0.315,7.4));
#3505 = VERTEX_POINT('',#3504);
#3506 = CARTESIAN_POINT('',(0.315,0.315,2.));
#3507 = VERTEX_POINT('',#3506);
#3508 = DIRECTION('',(0.,0.,1.));
#3509 = VECTOR('',#3508,1.);
#3510 = LINE('',#3506,#3509);
#3511 = EDGE_CURVE('',#3507,#3505,#3510,.T.);
#3512 = ORIENTED_EDGE('',*,*,#3511,.F.);
#3513 = DIRECTION('',(1.,0.,0.));
#3514 = VECTOR('',#3513,1.);
#3515 = LINE('',#3468,#3514);
#3516 = EDGE_CURVE('',#3469,#3507,#3515,.T.);
#3517 = ORIENTED_EDGE('',*,*,#3516,.F.);
#3518 = ORIENTED_EDGE('',*,*,#3494,.T.);
#3519 = DIRECTION('',(1.,0.,0.));
#3520 = VECTOR('',#3519,1.);
#3521 = LINE('',#3474,#3520);
#3522 = EDGE_CURVE('',#3475,#3505,#3521,.T.);
#3523 = ORIENTED_EDGE('',*,*,#3522,.T.);
#3524 = CARTESIAN_POINT('',(0.315,0.315,7.4));
#3525 = DIRECTION('',(0.,1.,0.));
#3526 = DIRECTION('',(0.,0.,-1.));
#3527 = AXIS2_PLACEMENT_3D('',#3524,#3525,#3526);
#3528 = PLANE('',#3527);
#3529 = EDGE_LOOP('',(#3512,#3517,#3518,#3523));
#3530 = FACE_OUTER_BOUND('',#3529,.T.);
#3531 = ADVANCED_FACE('',(#3530),#3528,.T.);
#3532 = CARTESIAN_POINT('',(-0.175,0.175,8.));
#3533 = VERTEX_POINT('',#3532);
#3534 = CARTESIAN_POINT('',(-0.175,-0.175,8.));
#3535 = VERTEX_POINT('',#3534);
#3536 = DIRECTION('',(-0.22158112824152157,0.22158112824152157,-0.9496334067493776));
#3537 = VECTOR('',#3536,1.);
#3538 = LINE('',#3532,#3537);
#3539 = EDGE_CURVE('',#3533,#3475,#3538,.T.);
#3540 = ORIENTED_EDGE('',*,*,#3539,.T.);
#3541 = ORIENTED_EDGE('',*,*,#3489,.F.);
#3542 = DIRECTION('',(-0.22158112824152157,-0.22158112824152157,-0.9496334067493776));
#3543 = VECTOR('',#3542,1.);
#3544 = LINE('',#3534,#3543);
#3545 = EDGE_CURVE('',#3535,#3473,#3544,.T.);
#3546 = ORIENTED_EDGE('',*,*,#3545,.F.);
#3547 = DIRECTION('',(0.,1.,0.));
#3548 = VECTOR('',#3547,1.);
#3549 = LINE('',#3534,#3548);
#3550 = EDGE_CURVE('',#3535,#3533,#3549,.T.);
#3551 = ORIENTED_EDGE('',*,*,#3550,.T.);
#3552 = CARTESIAN_POINT('',(-0.175,0.175,8.));
#3553 = DIRECTION('',(-0.9738412097417933,0.,0.2272296156064181));
#3554 = DIRECTION('',(-0.22158112824152157,0.22158112824152157,-0.9496334067493776));
#3555 = AXIS2_PLACEMENT_3D('',#3552,#3553,#3554);
#3556 = PLANE('',#3555);
#3557 = EDGE_LOOP('',(#3540,#3541,#3546,#3551));
#3558 = FACE_OUTER_BOUND('',#3557,.T.);
#3559 = ADVANCED_FACE('',(#3558),#3556,.T.);
#3560 = CARTESIAN_POINT('',(0.315,-0.315,2.));
#3561 = VERTEX_POINT('',#3560);
#3562 = CARTESIAN_POINT('',(0.315,-0.315,7.4));
#3563 = VERTEX_POINT('',#3562);
#3564 = DIRECTION('',(0.,1.,0.));
#3565 = VECTOR('',#3564,1.);
#3566 = LINE('',#3560,#3565);
#3567 = EDGE_CURVE('',#3561,#3507,#3566,.T.);
#3568 = ORIENTED_EDGE('',*,*,#3567,.T.);
#3569 = ORIENTED_EDGE('',*,*,#3511,.T.);
#3570 = DIRECTION('',(0.,1.,0.));
#3571 = VECTOR('',#3570,1.);
#3572 = LINE('',#3562,#3571);
#3573 = EDGE_CURVE('',#3563,#3505,#3572,.T.);
#3574 = ORIENTED_EDGE('',*,*,#3573,.F.);
#3575 = DIRECTION('',(0.,0.,1.));
#3576 = VECTOR('',#3575,1.);
#3577 = LINE('',#3560,#3576);
#3578 = EDGE_CURVE('',#3561,#3563,#3577,.T.);
#3579 = ORIENTED_EDGE('',*,*,#3578,.F.);
#3580 = CARTESIAN_POINT('',(0.315,-0.315,2.));
#3581 = DIRECTION('',(1.,0.,0.));
#3582 = DIRECTION('',(0.,1.,0.));
#3583 = AXIS2_PLACEMENT_3D('',#3580,#3581,#3582);
#3584 = PLANE('',#3583);
#3585 = EDGE_LOOP('',(#3568,#3569,#3574,#3579));
#3586 = FACE_OUTER_BOUND('',#3585,.T.);
#3587 = ADVANCED_FACE('',(#3586),#3584,.T.);
#3588 = ORIENTED_EDGE('',*,*,#3578,.T.);
#3589 = DIRECTION('',(1.,0.,0.));
#3590 = VECTOR('',#3589,1.);
#3591 = LINE('',#3472,#3590);
#3592 = EDGE_CURVE('',#3473,#3563,#3591,.T.);
#3593 = ORIENTED_EDGE('',*,*,#3592,.F.);
#3594 = ORIENTED_EDGE('',*,*,#3484,.F.);
#3595 = DIRECTION('',(1.,0.,0.));
#3596 = VECTOR('',#3595,1.);
#3597 = LINE('',#3470,#3596);
#3598 = EDGE_CURVE('',#3471,#3561,#3597,.T.);
#3599 = ORIENTED_EDGE('',*,*,#3598,.T.);
#3600 = CARTESIAN_POINT('',(0.315,-0.315,2.));
#3601 = DIRECTION('',(0.,-1.,0.));
#3602 = DIRECTION('',(0.,0.,1.));
#3603 = AXIS2_PLACEMENT_3D('',#3600,#3601,#3602);
#3604 = PLANE('',#3603);
#3605 = EDGE_LOOP('',(#3588,#3593,#3594,#3599));
#3606 = FACE_OUTER_BOUND('',#3605,.T.);
#3607 = ADVANCED_FACE('',(#3606),#3604,.T.);
#3608 = ORIENTED_EDGE('',*,*,#3598,.F.);
#3609 = ORIENTED_EDGE('',*,*,#3479,.T.);
#3610 = ORIENTED_EDGE('',*,*,#3516,.T.);
#3611 = ORIENTED_EDGE('',*,*,#3567,.F.);
#3612 = CARTESIAN_POINT('',(0.315,-0.315,2.));
#3613 = DIRECTION('',(0.,0.,-1.));
#3614 = DIRECTION('',(-1.,0.,0.));
#3615 = AXIS2_PLACEMENT_3D('',#3612,#3613,#3614);
#3616 = PLANE('',#3615);
#3617 = EDGE_LOOP('',(#3608,#3609,#3610,#3611));
#3618 = FACE_OUTER_BOUND('',#3617,.T.);
#3619 = ADVANCED_FACE('',(#3618),#3616,.T.);
#3620 = CARTESIAN_POINT('',(0.175,0.175,8.));
#3621 = VERTEX_POINT('',#3620);
#3622 = DIRECTION('',(0.22158112824152157,0.22158112824152157,-0.9496334067493776));
#3623 = VECTOR('',#3622,1.);
#3624 = LINE('',#3620,#3623);
#3625 = EDGE_CURVE('',#3621,#3505,#3624,.T.);
#3626 = ORIENTED_EDGE('',*,*,#3625,.T.);
#3627 = ORIENTED_EDGE('',*,*,#3522,.F.);
#3628 = ORIENTED_EDGE('',*,*,#3539,.F.);
#3629 = DIRECTION('',(1.,0.,0.));
#3630 = VECTOR('',#3629,1.);
#3631 = LINE('',#3532,#3630);
#3632 = EDGE_CURVE('',#3533,#3621,#3631,.T.);
#3633 = ORIENTED_EDGE('',*,*,#3632,.T.);
#3634 = CARTESIAN_POINT('',(0.175,0.175,8.));
#3635 = DIRECTION('',(0.,0.9738412097417931,0.2272296156064186));
#3636 = DIRECTION('',(0.22158112824152157,0.22158112824152157,-0.9496334067493776));
#3637 = AXIS2_PLACEMENT_3D('',#3634,#3635,#3636);
#3638 = PLANE('',#3637);
#3639 = EDGE_LOOP('',(#3626,#3627,#3628,#3633));
#3640 = FACE_OUTER_BOUND('',#3639,.T.);
#3641 = ADVANCED_FACE('',(#3640),#3638,.T.);
#3642 = CARTESIAN_POINT('',(0.175,-0.175,8.));
#3643 = VERTEX_POINT('',#3642);
#3644 = DIRECTION('',(0.22158112824152157,-0.22158112824152157,-0.9496334067493776));
#3645 = VECTOR('',#3644,1.);
#3646 = LINE('',#3642,#3645);
#3647 = EDGE_CURVE('',#3643,#3563,#3646,.T.);
#3648 = ORIENTED_EDGE('',*,*,#3647,.T.);
#3649 = ORIENTED_EDGE('',*,*,#3573,.T.);
#3650 = ORIENTED_EDGE('',*,*,#3625,.F.);
#3651 = DIRECTION('',(0.,1.,0.));
#3652 = VECTOR('',#3651,1.);
#3653 = LINE('',#3642,#3652);
#3654 = EDGE_CURVE('',#3643,#3621,#3653,.T.);
#3655 = ORIENTED_EDGE('',*,*,#3654,.F.);
#3656 = CARTESIAN_POINT('',(0.175,-0.175,8.));
#3657 = DIRECTION('',(0.9738412097417933,0.,0.2272296156064181));
#3658 = DIRECTION('',(0.22158112824152157,-0.22158112824152157,-0.9496334067493776));
#3659 = AXIS2_PLACEMENT_3D('',#3656,#3657,#3658);
#3660 = PLANE('',#3659);
#3661 = EDGE_LOOP('',(#3648,#3649,#3650,#3655));
#3662 = FACE_OUTER_BOUND('',#3661,.T.);
#3663 = ADVANCED_FACE('',(#3662),#3660,.T.);
#3664 = ORIENTED_EDGE('',*,*,#3654,.T.);
#3665 = ORIENTED_EDGE('',*,*,#3632,.F.);
#3666 = ORIENTED_EDGE('',*,*,#3550,.F.);
#3667 = DIRECTION('',(1.,0.,0.));
#3668 = VECTOR('',#3667,1.);
#3669 = LINE('',#3534,#3668);
#3670 = EDGE_CURVE('',#3535,#3643,#3669,.T.);
#3671 = ORIENTED_EDGE('',*,*,#3670,.T.);
#3672 = CARTESIAN_POINT('',(0.175,-0.175,8.));
#3673 = DIRECTION('',(0.,0.,1.));
#3674 = DIRECTION('',(0.,1.,0.));
#3675 = AXIS2_PLACEMENT_3D('',#3672,#3673,#3674);
#3676 = PLANE('',#3675);
#3677 = EDGE_LOOP('',(#3664,#3665,#3666,#3671));
#3678 = FACE_OUTER_BOUND('',#3677,.T.);
#3679 = ADVANCED_FACE('',(#3678),#3676,.T.);
#3680 = ORIENTED_EDGE('',*,*,#3670,.F.);
#3681 = ORIENTED_EDGE('',*,*,#3545,.T.);
#3682 = ORIENTED_EDGE('',*,*,#3592,.T.);
#3683 = ORIENTED_EDGE('',*,*,#3647,.F.);
#3684 = CARTESIAN_POINT('',(0.175,-0.175,8.));
#3685 = DIRECTION('',(0.,-0.9738412097417931,0.2272296156064186));
#3686 = DIRECTION('',(-1.,0.,0.));
#3687 = AXIS2_PLACEMENT_3D('',#3684,#3685,#3686);
#3688 = PLANE('',#3687);
#3689 = EDGE_LOOP('',(#3680,#3681,#3682,#3683));
#3690 = FACE_OUTER_BOUND('',#3689,.T.);
#3691 = ADVANCED_FACE('',(#3690),#3688,.T.);
#3692 = CLOSED_SHELL('',(#3503,#3531,#3559,#3587,#3607,#3619,#3641,#3663,#3679,#3691));
#3693 = MANIFOLD_SOLID_BREP('',#3692);
#3694 = COLOUR_RGB('',0.7529411764705882,0.7529411764705882,0.7529411764705882);
#3695 = FILL_AREA_STYLE_COLOUR('',#3694);
#3696 = FILL_AREA_STYLE('',(#3695));
#3697 = SURFACE_STYLE_FILL_AREA(#3696);
#3698 = SURFACE_SIDE_STYLE('',(#3697));
#3699 = SURFACE_STYLE_USAGE(.BOTH.,#3698);
#3700 = PRESENTATION_STYLE_ASSIGNMENT((#3699));
#3701 = STYLED_ITEM('',(#3700),#3693);
#3702 = CARTESIAN_POINT('',(1.270000000000001,-1.27,0.));
#3703 = VERTEX_POINT('',#3702);
#3704 = CARTESIAN_POINT('',(1.270000000000001,-1.27,2.));
#3705 = VERTEX_POINT('',#3704);
#3706 = CARTESIAN_POINT('',(1.270000000000001,1.27,2.));
#3707 = VERTEX_POINT('',#3706);
#3708 = CARTESIAN_POINT('',(1.270000000000001,1.27,0.));
#3709 = VERTEX_POINT('',#3708);
#3710 = DIRECTION('',(0.,0.,1.));
#3711 = VECTOR('',#3710,1.);
#3712 = LINE('',#3702,#3711);
#3713 = EDGE_CURVE('',#3703,#3705,#3712,.T.);
#3714 = ORIENTED_EDGE('',*,*,#3713,.T.);
#3715 = DIRECTION('',(0.,1.,0.));
#3716 = VECTOR('',#3715,1.);
#3717 = LINE('',#3704,#3716);
#3718 = EDGE_CURVE('',#3705,#3707,#3717,.T.);
#3719 = ORIENTED_EDGE('',*,*,#3718,.T.);
#3720 = DIRECTION('',(0.,0.,1.));
#3721 = VECTOR('',#3720,1.);
#3722 = LINE('',#3708,#3721);
#3723 = EDGE_CURVE('',#3709,#3707,#3722,.T.);
#3724 = ORIENTED_EDGE('',*,*,#3723,.F.);
#3725 = DIRECTION('',(0.,1.,0.));
#3726 = VECTOR('',#3725,1.);
#3727 = LINE('',#3702,#3726);
#3728 = EDGE_CURVE('',#3703,#3709,#3727,.T.);
#3729 = ORIENTED_EDGE('',*,*,#3728,.F.);
#3730 = CARTESIAN_POINT('',(1.270000000000001,-1.27,0.));
#3731 = DIRECTION('',(-1.,0.,0.));
#3732 = DIRECTION('',(0.,0.,1.));
#3733 = AXIS2_PLACEMENT_3D('',#3730,#3731,#3732);
#3734 = PLANE('',#3733);
#3735 = EDGE_LOOP('',(#3714,#3719,#3724,#3729));
#3736 = FACE_OUTER_BOUND('',#3735,.T.);
#3737 = ADVANCED_FACE('',(#3736),#3734,.T.);
#3738 = CARTESIAN_POINT('',(3.810000000000001,-1.27,0.));
#3739 = VERTEX_POINT('',#3738);
#3740 = CARTESIAN_POINT('',(3.810000000000001,1.27,0.));
#3741 = VERTEX_POINT('',#3740);
#3742 = CARTESIAN_POINT('',(3.810000000000001,1.27,2.));
#3743 = VERTEX_POINT('',#3742);
#3744 = CARTESIAN_POINT('',(3.810000000000001,-1.27,2.));
#3745 = VERTEX_POINT('',#3744);
#3746 = DIRECTION('',(0.,1.,0.));
#3747 = VECTOR('',#3746,1.);
#3748 = LINE('',#3738,#3747);
#3749 = EDGE_CURVE('',#3739,#3741,#3748,.T.);
#3750 = ORIENTED_EDGE('',*,*,#3749,.T.);
#3751 = DIRECTION('',(0.,0.,1.));
#3752 = VECTOR('',#3751,1.);
#3753 = LINE('',#3740,#3752);
#3754 = EDGE_CURVE('',#3741,#3743,#3753,.T.);
#3755 = ORIENTED_EDGE('',*,*,#3754,.T.);
#3756 = DIRECTION('',(0.,1.,0.));
#3757 = VECTOR('',#3756,1.);
#3758 = LINE('',#3744,#3757);
#3759 = EDGE_CURVE('',#3745,#3743,#3758,.T.);
#3760 = ORIENTED_EDGE('',*,*,#3759,.F.);
#3761 = DIRECTION('',(0.,0.,1.));
#3762 = VECTOR('',#3761,1.);
#3763 = LINE('',#3738,#3762);
#3764 = EDGE_CURVE('',#3739,#3745,#3763,.T.);
#3765 = ORIENTED_EDGE('',*,*,#3764,.F.);
#3766 = CARTESIAN_POINT('',(3.810000000000001,-1.27,0.));
#3767 = DIRECTION('',(1.,0.,0.));
#3768 = DIRECTION('',(0.,1.,0.));
#3769 = AXIS2_PLACEMENT_3D('',#3766,#3767,#3768);
#3770 = PLANE('',#3769);
#3771 = EDGE_LOOP('',(#3750,#3755,#3760,#3765));
#3772 = FACE_OUTER_BOUND('',#3771,.T.);
#3773 = ADVANCED_FACE('',(#3772),#3770,.T.);
#3774 = DIRECTION('',(1.,0.,0.));
#3775 = VECTOR('',#3774,1.);
#3776 = LINE('',#3702,#3775);
#3777 = EDGE_CURVE('',#3703,#3739,#3776,.T.);
#3778 = ORIENTED_EDGE('',*,*,#3777,.T.);
#3779 = ORIENTED_EDGE('',*,*,#3764,.T.);
#3780 = DIRECTION('',(1.,0.,0.));
#3781 = VECTOR('',#3780,1.);
#3782 = LINE('',#3704,#3781);
#3783 = EDGE_CURVE('',#3705,#3745,#3782,.T.);
#3784 = ORIENTED_EDGE('',*,*,#3783,.F.);
#3785 = ORIENTED_EDGE('',*,*,#3713,.F.);
#3786 = CARTESIAN_POINT('',(1.270000000000001,-1.27,0.));
#3787 = DIRECTION('',(0.,-1.,0.));
#3788 = DIRECTION('',(1.,0.,0.));
#3789 = AXIS2_PLACEMENT_3D('',#3786,#3787,#3788);
#3790 = PLANE('',#3789);
#3791 = EDGE_LOOP('',(#3778,#3779,#3784,#3785));
#3792 = FACE_OUTER_BOUND('',#3791,.T.);
#3793 = ADVANCED_FACE('',(#3792),#3790,.T.);
#3794 = ORIENTED_EDGE('',*,*,#3723,.T.);
#3795 = DIRECTION('',(1.,0.,0.));
#3796 = VECTOR('',#3795,1.);
#3797 = LINE('',#3706,#3796);
#3798 = EDGE_CURVE('',#3707,#3743,#3797,.T.);
#3799 = ORIENTED_EDGE('',*,*,#3798,.T.);
#3800 = ORIENTED_EDGE('',*,*,#3754,.F.);
#3801 = DIRECTION('',(1.,0.,0.));
#3802 = VECTOR('',#3801,1.);
#3803 = LINE('',#3708,#3802);
#3804 = EDGE_CURVE('',#3709,#3741,#3803,.T.);
#3805 = ORIENTED_EDGE('',*,*,#3804,.F.);
#3806 = CARTESIAN_POINT('',(1.270000000000001,1.27,0.));
#3807 = DIRECTION('',(0.,1.,0.));
#3808 = DIRECTION('',(0.,0.,1.));
#3809 = AXIS2_PLACEMENT_3D('',#3806,#3807,#3808);
#3810 = PLANE('',#3809);
#3811 = EDGE_LOOP('',(#3794,#3799,#3800,#3805));
#3812 = FACE_OUTER_BOUND('',#3811,.T.);
#3813 = ADVANCED_FACE('',(#3812),#3810,.T.);
#3814 = ORIENTED_EDGE('',*,*,#3728,.T.);
#3815 = ORIENTED_EDGE('',*,*,#3804,.T.);
#3816 = ORIENTED_EDGE('',*,*,#3749,.F.);
#3817 = ORIENTED_EDGE('',*,*,#3777,.F.);
#3818 = CARTESIAN_POINT('',(1.270000000000001,-1.27,0.));
#3819 = DIRECTION('',(0.,0.,-1.));
#3820 = DIRECTION('',(0.,1.,0.));
#3821 = AXIS2_PLACEMENT_3D('',#3818,#3819,#3820);
#3822 = PLANE('',#3821);
#3823 = EDGE_LOOP('',(#3814,#3815,#3816,#3817));
#3824 = FACE_OUTER_BOUND('',#3823,.T.);
#3825 = ADVANCED_FACE('',(#3824),#3822,.T.);
#3826 = ORIENTED_EDGE('',*,*,#3783,.T.);
#3827 = ORIENTED_EDGE('',*,*,#3759,.T.);
#3828 = ORIENTED_EDGE('',*,*,#3798,.F.);
#3829 = ORIENTED_EDGE('',*,*,#3718,.F.);
#3830 = CARTESIAN_POINT('',(1.270000000000001,-1.27,2.));
#3831 = DIRECTION('',(0.,0.,1.));
#3832 = DIRECTION('',(1.,0.,0.));
#3833 = AXIS2_PLACEMENT_3D('',#3830,#3831,#3832);
#3834 = PLANE('',#3833);
#3835 = EDGE_LOOP('',(#3826,#3827,#3828,#3829));
#3836 = FACE_OUTER_BOUND('',#3835,.T.);
#3837 = ADVANCED_FACE('',(#3836),#3834,.T.);
#3838 = CLOSED_SHELL('',(#3737,#3773,#3793,#3813,#3825,#3837));
#3839 = MANIFOLD_SOLID_BREP('',#3838);
#3840 = COLOUR_RGB('',0.13333333333333333,0.13333333333333333,0.13333333333333333);
#3841 = FILL_AREA_STYLE_COLOUR('',#3840);
#3842 = FILL_AREA_STYLE('',(#3841));
#3843 = SURFACE_STYLE_FILL_AREA(#3842);
#3844 = SURFACE_SIDE_STYLE('',(#3843));
#3845 = SURFACE_STYLE_USAGE(.BOTH.,#3844);
#3846 = PRESENTATION_STYLE_ASSIGNMENT((#3845));
#3847 = STYLED_ITEM('',(#3846),#3839);
#3848 = CARTESIAN_POINT('',(2.855000000000001,-0.315,0.5500000000000003));
#3849 = VERTEX_POINT('',#3848);
#3850 = CARTESIAN_POINT('',(2.225000000000001,-0.315,0.5500000000000003));
#3851 = VERTEX_POINT('',#3850);
#3852 = CARTESIAN_POINT('',(2.225000000000001,-0.315,-2.15));
#3853 = VERTEX_POINT('',#3852);
#3854 = CARTESIAN_POINT('',(2.855000000000001,-0.315,-2.15));
#3855 = VERTEX_POINT('',#3854);
#3856 = DIRECTION('',(1.,0.,0.));
#3857 = VECTOR('',#3856,1.);
#3858 = LINE('',#3850,#3857);
#3859 = EDGE_CURVE('',#3851,#3849,#3858,.T.);
#3860 = ORIENTED_EDGE('',*,*,#3859,.F.);
#3861 = DIRECTION('',(0.,0.,1.));
#3862 = VECTOR('',#3861,1.);
#3863 = LINE('',#3852,#3862);
#3864 = EDGE_CURVE('',#3853,#3851,#3863,.T.);
#3865 = ORIENTED_EDGE('',*,*,#3864,.F.);
#3866 = DIRECTION('',(1.,0.,0.));
#3867 = VECTOR('',#3866,1.);
#3868 = LINE('',#3852,#3867);
#3869 = EDGE_CURVE('',#3853,#3855,#3868,.T.);
#3870 = ORIENTED_EDGE('',*,*,#3869,.T.);
#3871 = DIRECTION('',(0.,0.,1.));
#3872 = VECTOR('',#3871,1.);
#3873 = LINE('',#3854,#3872);
#3874 = EDGE_CURVE('',#3855,#3849,#3873,.T.);
#3875 = ORIENTED_EDGE('',*,*,#3874,.T.);
#3876 = CARTESIAN_POINT('',(2.855000000000001,-0.315,0.5500000000000003));
#3877 = DIRECTION('',(0.,-1.,0.));
#3878 = DIRECTION('',(-1.,0.,0.));
#3879 = AXIS2_PLACEMENT_3D('',#3876,#3877,#3878);
#3880 = PLANE('',#3879);
#3881 = EDGE_LOOP('',(#3860,#3865,#3870,#3875));
#3882 = FACE_OUTER_BOUND('',#3881,.T.);
#3883 = ADVANCED_FACE('',(#3882),#3880,.T.);
#3884 = CARTESIAN_POINT('',(2.855000000000001,0.315,-2.15));
#3885 = VERTEX_POINT('',#3884);
#3886 = CARTESIAN_POINT('',(2.855000000000001,0.315,0.5500000000000003));
#3887 = VERTEX_POINT('',#3886);
#3888 = ORIENTED_EDGE('',*,*,#3874,.F.);
#3889 = DIRECTION('',(0.,1.,0.));
#3890 = VECTOR('',#3889,1.);
#3891 = LINE('',#3854,#3890);
#3892 = EDGE_CURVE('',#3855,#3885,#3891,.T.);
#3893 = ORIENTED_EDGE('',*,*,#3892,.T.);
#3894 = DIRECTION('',(0.,0.,1.));
#3895 = VECTOR('',#3894,1.);
#3896 = LINE('',#3884,#3895);
#3897 = EDGE_CURVE('',#3885,#3887,#3896,.T.);
#3898 = ORIENTED_EDGE('',*,*,#3897,.T.);
#3899 = DIRECTION('',(0.,1.,0.));
#3900 = VECTOR('',#3899,1.);
#3901 = LINE('',#3848,#3900);
#3902 = EDGE_CURVE('',#3849,#3887,#3901,.T.);
#3903 = ORIENTED_EDGE('',*,*,#3902,.F.);
#3904 = CARTESIAN_POINT('',(2.855000000000001,-0.315,0.5500000000000003));
#3905 = DIRECTION('',(1.,0.,0.));
#3906 = DIRECTION('',(0.,0.,-1.));
#3907 = AXIS2_PLACEMENT_3D('',#3904,#3905,#3906);
#3908 = PLANE('',#3907);
#3909 = EDGE_LOOP('',(#3888,#3893,#3898,#3903));
#3910 = FACE_OUTER_BOUND('',#3909,.T.);
#3911 = ADVANCED_FACE('',(#3910),#3908,.T.);
#3912 = CARTESIAN_POINT('',(2.7150000000000007,-0.175,-2.5));
#3913 = VERTEX_POINT('',#3912);
#3914 = CARTESIAN_POINT('',(2.365000000000001,-0.175,-2.5));
#3915 = VERTEX_POINT('',#3914);
#3916 = DIRECTION('',(0.34815531191139587,-0.3481553119113956,0.8703882797784892));
#3917 = VECTOR('',#3916,1.);
#3918 = LINE('',#3912,#3917);
#3919 = EDGE_CURVE('',#3913,#3855,#3918,.T.);
#3920 = ORIENTED_EDGE('',*,*,#3919,.T.);
#3921 = ORIENTED_EDGE('',*,*,#3869,.F.);
#3922 = DIRECTION('',(0.34815531191139587,0.3481553119113956,-0.8703882797784892));
#3923 = VECTOR('',#3922,1.);
#3924 = LINE('',#3852,#3923);
#3925 = EDGE_CURVE('',#3853,#3915,#3924,.T.);
#3926 = ORIENTED_EDGE('',*,*,#3925,.T.);
#3927 = DIRECTION('',(1.,0.,0.));
#3928 = VECTOR('',#3927,1.);
#3929 = LINE('',#3914,#3928);
#3930 = EDGE_CURVE('',#3915,#3913,#3929,.T.);
#3931 = ORIENTED_EDGE('',*,*,#3930,.T.);
#3932 = CARTESIAN_POINT('',(2.7150000000000007,-0.175,-2.5));
#3933 = DIRECTION('',(0.,-0.9284766908852594,-0.3713906763541034));
#3934 = DIRECTION('',(0.34815531191139587,-0.3481553119113956,0.8703882797784892));
#3935 = AXIS2_PLACEMENT_3D('',#3932,#3933,#3934);
#3936 = PLANE('',#3935);
#3937 = EDGE_LOOP('',(#3920,#3921,#3926,#3931));
#3938 = FACE_OUTER_BOUND('',#3937,.T.);
#3939 = ADVANCED_FACE('',(#3938),#3936,.T.);
#3940 = CARTESIAN_POINT('',(2.225000000000001,0.315,0.5500000000000003));
#3941 = VERTEX_POINT('',#3940);
#3942 = CARTESIAN_POINT('',(2.225000000000001,0.315,-2.15));
#3943 = VERTEX_POINT('',#3942);
#3944 = DIRECTION('',(1.,0.,0.));
#3945 = VECTOR('',#3944,1.);
#3946 = LINE('',#3940,#3945);
#3947 = EDGE_CURVE('',#3941,#3887,#3946,.T.);
#3948 = ORIENTED_EDGE('',*,*,#3947,.T.);
#3949 = ORIENTED_EDGE('',*,*,#3897,.F.);
#3950 = DIRECTION('',(1.,0.,0.));
#3951 = VECTOR('',#3950,1.);
#3952 = LINE('',#3942,#3951);
#3953 = EDGE_CURVE('',#3943,#3885,#3952,.T.);
#3954 = ORIENTED_EDGE('',*,*,#3953,.F.);
#3955 = DIRECTION('',(0.,0.,1.));
#3956 = VECTOR('',#3955,1.);
#3957 = LINE('',#3942,#3956);
#3958 = EDGE_CURVE('',#3943,#3941,#3957,.T.);
#3959 = ORIENTED_EDGE('',*,*,#3958,.T.);
#3960 = CARTESIAN_POINT('',(2.225000000000001,0.315,0.5500000000000003));
#3961 = DIRECTION('',(0.,1.,0.));
#3962 = DIRECTION('',(1.,0.,0.));
#3963 = AXIS2_PLACEMENT_3D('',#3960,#3961,#3962);
#3964 = PLANE('',#3963);
#3965 = EDGE_LOOP('',(#3948,#3949,#3954,#3959));
#3966 = FACE_OUTER_BOUND('',#3965,.T.);
#3967 = ADVANCED_FACE('',(#3966),#3964,.T.);
#3968 = ORIENTED_EDGE('',*,*,#3958,.F.);
#3969 = DIRECTION('',(0.,1.,0.));
#3970 = VECTOR('',#3969,1.);
#3971 = LINE('',#3852,#3970);
#3972 = EDGE_CURVE('',#3853,#3943,#3971,.T.);
#3973 = ORIENTED_EDGE('',*,*,#3972,.F.);
#3974 = ORIENTED_EDGE('',*,*,#3864,.T.);
#3975 = DIRECTION('',(0.,1.,0.));
#3976 = VECTOR('',#3975,1.);
#3977 = LINE('',#3850,#3976);
#3978 = EDGE_CURVE('',#3851,#3941,#3977,.T.);
#3979 = ORIENTED_EDGE('',*,*,#3978,.T.);
#3980 = CARTESIAN_POINT('',(2.225000000000001,0.315,0.5500000000000003));
#3981 = DIRECTION('',(-1.,0.,0.));
#3982 = DIRECTION('',(0.,0.,-1.));
#3983 = AXIS2_PLACEMENT_3D('',#3980,#3981,#3982);
#3984 = PLANE('',#3983);
#3985 = EDGE_LOOP('',(#3968,#3973,#3974,#3979));
#3986 = FACE_OUTER_BOUND('',#3985,.T.);
#3987 = ADVANCED_FACE('',(#3986),#3984,.T.);
#3988 = ORIENTED_EDGE('',*,*,#3978,.F.);
#3989 = ORIENTED_EDGE('',*,*,#3859,.T.);
#3990 = ORIENTED_EDGE('',*,*,#3902,.T.);
#3991 = ORIENTED_EDGE('',*,*,#3947,.F.);
#3992 = CARTESIAN_POINT('',(2.225000000000001,0.315,0.5500000000000003));
#3993 = DIRECTION('',(0.,0.,1.));
#3994 = DIRECTION('',(0.,-1.,0.));
#3995 = AXIS2_PLACEMENT_3D('',#3992,#3993,#3994);
#3996 = PLANE('',#3995);
#3997 = EDGE_LOOP('',(#3988,#3989,#3990,#3991));
#3998 = FACE_OUTER_BOUND('',#3997,.T.);
#3999 = ADVANCED_FACE('',(#3998),#3996,.T.);
#4000 = CARTESIAN_POINT('',(2.7150000000000007,0.175,-2.5));
#4001 = VERTEX_POINT('',#4000);
#4002 = DIRECTION('',(0.34815531191139587,0.3481553119113956,0.8703882797784892));
#4003 = VECTOR('',#4002,1.);
#4004 = LINE('',#4000,#4003);
#4005 = EDGE_CURVE('',#4001,#3885,#4004,.T.);
#4006 = ORIENTED_EDGE('',*,*,#4005,.T.);
#4007 = ORIENTED_EDGE('',*,*,#3892,.F.);
#4008 = ORIENTED_EDGE('',*,*,#3919,.F.);
#4009 = DIRECTION('',(0.,1.,0.));
#4010 = VECTOR('',#4009,1.);
#4011 = LINE('',#3912,#4010);
#4012 = EDGE_CURVE('',#3913,#4001,#4011,.T.);
#4013 = ORIENTED_EDGE('',*,*,#4012,.T.);
#4014 = CARTESIAN_POINT('',(2.7150000000000007,0.175,-2.5));
#4015 = DIRECTION('',(0.9284766908852593,0.,-0.3713906763541036));
#4016 = DIRECTION('',(0.34815531191139587,0.3481553119113956,0.8703882797784892));
#4017 = AXIS2_PLACEMENT_3D('',#4014,#4015,#4016);
#4018 = PLANE('',#4017);
#4019 = EDGE_LOOP('',(#4006,#4007,#4008,#4013));
#4020 = FACE_OUTER_BOUND('',#4019,.T.);
#4021 = ADVANCED_FACE('',(#4020),#4018,.T.);
#4022 = CARTESIAN_POINT('',(2.365000000000001,0.175,-2.5));
#4023 = VERTEX_POINT('',#4022);
#4024 = DIRECTION('',(0.34815531191139587,-0.3481553119113956,-0.8703882797784892));
#4025 = VECTOR('',#4024,1.);
#4026 = LINE('',#3942,#4025);
#4027 = EDGE_CURVE('',#3943,#4023,#4026,.T.);
#4028 = ORIENTED_EDGE('',*,*,#4027,.F.);
#4029 = ORIENTED_EDGE('',*,*,#3953,.T.);
#4030 = ORIENTED_EDGE('',*,*,#4005,.F.);
#4031 = DIRECTION('',(1.,0.,0.));
#4032 = VECTOR('',#4031,1.);
#4033 = LINE('',#4022,#4032);
#4034 = EDGE_CURVE('',#4023,#4001,#4033,.T.);
#4035 = ORIENTED_EDGE('',*,*,#4034,.F.);
#4036 = CARTESIAN_POINT('',(2.365000000000001,0.175,-2.5));
#4037 = DIRECTION('',(0.,0.9284766908852594,-0.3713906763541034));
#4038 = DIRECTION('',(-0.34815531191139587,0.3481553119113956,0.8703882797784892));
#4039 = AXIS2_PLACEMENT_3D('',#4036,#4037,#4038);
#4040 = PLANE('',#4039);
#4041 = EDGE_LOOP('',(#4028,#4029,#4030,#4035));
#4042 = FACE_OUTER_BOUND('',#4041,.T.);
#4043 = ADVANCED_FACE('',(#4042),#4040,.T.);
#4044 = ORIENTED_EDGE('',*,*,#4034,.T.);
#4045 = ORIENTED_EDGE('',*,*,#4012,.F.);
#4046 = ORIENTED_EDGE('',*,*,#3930,.F.);
#4047 = DIRECTION('',(0.,1.,0.));
#4048 = VECTOR('',#4047,1.);
#4049 = LINE('',#3914,#4048);
#4050 = EDGE_CURVE('',#3915,#4023,#4049,.T.);
#4051 = ORIENTED_EDGE('',*,*,#4050,.T.);
#4052 = CARTESIAN_POINT('',(2.365000000000001,0.175,-2.5));
#4053 = DIRECTION('',(0.,0.,-1.));
#4054 = DIRECTION('',(1.,0.,0.));
#4055 = AXIS2_PLACEMENT_3D('',#4052,#4053,#4054);
#4056 = PLANE('',#4055);
#4057 = EDGE_LOOP('',(#4044,#4045,#4046,#4051));
#4058 = FACE_OUTER_BOUND('',#4057,.T.);
#4059 = ADVANCED_FACE('',(#4058),#4056,.T.);
#4060 = ORIENTED_EDGE('',*,*,#4050,.F.);
#4061 = ORIENTED_EDGE('',*,*,#3925,.F.);
#4062 = ORIENTED_EDGE('',*,*,#3972,.T.);
#4063 = ORIENTED_EDGE('',*,*,#4027,.T.);
#4064 = CARTESIAN_POINT('',(2.365000000000001,0.175,-2.5));
#4065 = DIRECTION('',(-0.9284766908852592,0.,-0.37139067635410367));
#4066 = DIRECTION('',(0.,-1.,0.));
#4067 = AXIS2_PLACEMENT_3D('',#4064,#4065,#4066);
#4068 = PLANE('',#4067);
#4069 = EDGE_LOOP('',(#4060,#4061,#4062,#4063));
#4070 = FACE_OUTER_BOUND('',#4069,.T.);
#4071 = ADVANCED_FACE('',(#4070),#4068,.T.);
#4072 = CLOSED_SHELL('',(#3883,#3911,#3939,#3967,#3987,#3999,#4021,#4043,#4059,#4071));
#4073 = MANIFOLD_SOLID_BREP('',#4072);
#4074 = COLOUR_RGB('',0.7529411764705882,0.7529411764705882,0.7529411764705882);
#4075 = FILL_AREA_STYLE_COLOUR('',#4074);
#4076 = FILL_AREA_STYLE('',(#4075));
#4077 = SURFACE_STYLE_FILL_AREA(#4076);
#4078 = SURFACE_SIDE_STYLE('',(#4077));
#4079 = SURFACE_STYLE_USAGE(.BOTH.,#4078);
#4080 = PRESENTATION_STYLE_ASSIGNMENT((#4079));
#4081 = STYLED_ITEM('',(#4080),#4073);
#4082 = CARTESIAN_POINT('',(2.225000000000001,0.315,2.));
#4083 = VERTEX_POINT('',#4082);
#4084 = CARTESIAN_POINT('',(2.225000000000001,-0.315,2.));
#4085 = VERTEX_POINT('',#4084);
#4086 = CARTESIAN_POINT('',(2.225000000000001,-0.315,7.4));
#4087 = VERTEX_POINT('',#4086);
#4088 = CARTESIAN_POINT('',(2.225000000000001,0.315,7.4));
#4089 = VERTEX_POINT('',#4088);
#4090 = DIRECTION('',(0.,1.,0.));
#4091 = VECTOR('',#4090,1.);
#4092 = LINE('',#4084,#4091);
#4093 = EDGE_CURVE('',#4085,#4083,#4092,.T.);
#4094 = ORIENTED_EDGE('',*,*,#4093,.F.);
#4095 = DIRECTION('',(0.,0.,1.));
#4096 = VECTOR('',#4095,1.);
#4097 = LINE('',#4084,#4096);
#4098 = EDGE_CURVE('',#4085,#4087,#4097,.T.);
#4099 = ORIENTED_EDGE('',*,*,#4098,.T.);
#4100 = DIRECTION('',(0.,1.,0.));
#4101 = VECTOR('',#4100,1.);
#4102 = LINE('',#4086,#4101);
#4103 = EDGE_CURVE('',#4087,#4089,#4102,.T.);
#4104 = ORIENTED_EDGE('',*,*,#4103,.T.);
#4105 = DIRECTION('',(0.,0.,1.));
#4106 = VECTOR('',#4105,1.);
#4107 = LINE('',#4082,#4106);
#4108 = EDGE_CURVE('',#4083,#4089,#4107,.T.);
#4109 = ORIENTED_EDGE('',*,*,#4108,.F.);
#4110 = CARTESIAN_POINT('',(2.225000000000001,0.315,2.));
#4111 = DIRECTION('',(-1.,0.,0.));
#4112 = DIRECTION('',(0.,-1.,0.));
#4113 = AXIS2_PLACEMENT_3D('',#4110,#4111,#4112);
#4114 = PLANE('',#4113);
#4115 = EDGE_LOOP('',(#4094,#4099,#4104,#4109));
#4116 = FACE_OUTER_BOUND('',#4115,.T.);
#4117 = ADVANCED_FACE('',(#4116),#4114,.T.);
#4118 = CARTESIAN_POINT('',(2.855000000000001,0.315,7.4));
#4119 = VERTEX_POINT('',#4118);
#4120 = CARTESIAN_POINT('',(2.855000000000001,0.315,2.));
#4121 = VERTEX_POINT('',#4120);
#4122 = DIRECTION('',(0.,0.,1.));
#4123 = VECTOR('',#4122,1.);
#4124 = LINE('',#4120,#4123);
#4125 = EDGE_CURVE('',#4121,#4119,#4124,.T.);
#4126 = ORIENTED_EDGE('',*,*,#4125,.F.);
#4127 = DIRECTION('',(1.,0.,0.));
#4128 = VECTOR('',#4127,1.);
#4129 = LINE('',#4082,#4128);
#4130 = EDGE_CURVE('',#4083,#4121,#4129,.T.);
#4131 = ORIENTED_EDGE('',*,*,#4130,.F.);
#4132 = ORIENTED_EDGE('',*,*,#4108,.T.);
#4133 = DIRECTION('',(1.,0.,0.));
#4134 = VECTOR('',#4133,1.);
#4135 = LINE('',#4088,#4134);
#4136 = EDGE_CURVE('',#4089,#4119,#4135,.T.);
#4137 = ORIENTED_EDGE('',*,*,#4136,.T.);
#4138 = CARTESIAN_POINT('',(2.855000000000001,0.315,7.4));
#4139 = DIRECTION('',(0.,1.,0.));
#4140 = DIRECTION('',(0.,0.,-1.));
#4141 = AXIS2_PLACEMENT_3D('',#4138,#4139,#4140);
#4142 = PLANE('',#4141);
#4143 = EDGE_LOOP('',(#4126,#4131,#4132,#4137));
#4144 = FACE_OUTER_BOUND('',#4143,.T.);
#4145 = ADVANCED_FACE('',(#4144),#4142,.T.);
#4146 = CARTESIAN_POINT('',(2.365000000000001,0.175,8.));
#4147 = VERTEX_POINT('',#4146);
#4148 = CARTESIAN_POINT('',(2.365000000000001,-0.175,8.));
#4149 = VERTEX_POINT('',#4148);
#4150 = DIRECTION('',(0.22158112824152176,-0.22158112824152157,0.9496334067493776));
#4151 = VECTOR('',#4150,1.);
#4152 = LINE('',#4088,#4151);
#4153 = EDGE_CURVE('',#4089,#4147,#4152,.T.);
#4154 = ORIENTED_EDGE('',*,*,#4153,.F.);
#4155 = ORIENTED_EDGE('',*,*,#4103,.F.);
#4156 = DIRECTION('',(0.22158112824152176,0.22158112824152157,0.9496334067493776));
#4157 = VECTOR('',#4156,1.);
#4158 = LINE('',#4086,#4157);
#4159 = EDGE_CURVE('',#4087,#4149,#4158,.T.);
#4160 = ORIENTED_EDGE('',*,*,#4159,.T.);
#4161 = DIRECTION('',(0.,1.,0.));
#4162 = VECTOR('',#4161,1.);
#4163 = LINE('',#4148,#4162);
#4164 = EDGE_CURVE('',#4149,#4147,#4163,.T.);
#4165 = ORIENTED_EDGE('',*,*,#4164,.T.);
#4166 = CARTESIAN_POINT('',(2.365000000000001,0.175,8.));
#4167 = DIRECTION('',(-0.9738412097417933,0.,0.2272296156064183));
#4168 = DIRECTION('',(-0.22158112824152176,0.22158112824152157,-0.9496334067493776));
#4169 = AXIS2_PLACEMENT_3D('',#4166,#4167,#4168);
#4170 = PLANE('',#4169);
#4171 = EDGE_LOOP('',(#4154,#4155,#4160,#4165));
#4172 = FACE_OUTER_BOUND('',#4171,.T.);
#4173 = ADVANCED_FACE('',(#4172),#4170,.T.);
#4174 = CARTESIAN_POINT('',(2.855000000000001,-0.315,2.));
#4175 = VERTEX_POINT('',#4174);
#4176 = CARTESIAN_POINT('',(2.855000000000001,-0.315,7.4));
#4177 = VERTEX_POINT('',#4176);
#4178 = DIRECTION('',(0.,1.,0.));
#4179 = VECTOR('',#4178,1.);
#4180 = LINE('',#4174,#4179);
#4181 = EDGE_CURVE('',#4175,#4121,#4180,.T.);
#4182 = ORIENTED_EDGE('',*,*,#4181,.T.);
#4183 = ORIENTED_EDGE('',*,*,#4125,.T.);
#4184 = DIRECTION('',(0.,1.,0.));
#4185 = VECTOR('',#4184,1.);
#4186 = LINE('',#4176,#4185);
#4187 = EDGE_CURVE('',#4177,#4119,#4186,.T.);
#4188 = ORIENTED_EDGE('',*,*,#4187,.F.);
#4189 = DIRECTION('',(0.,0.,1.));
#4190 = VECTOR('',#4189,1.);
#4191 = LINE('',#4174,#4190);
#4192 = EDGE_CURVE('',#4175,#4177,#4191,.T.);
#4193 = ORIENTED_EDGE('',*,*,#4192,.F.);
#4194 = CARTESIAN_POINT('',(2.855000000000001,-0.315,2.));
#4195 = DIRECTION('',(1.,0.,0.));
#4196 = DIRECTION('',(0.,1.,0.));
#4197 = AXIS2_PLACEMENT_3D('',#4194,#4195,#4196);
#4198 = PLANE('',#4197);
#4199 = EDGE_LOOP('',(#4182,#4183,#4188,#4193));
#4200 = FACE_OUTER_BOUND('',#4199,.T.);
#4201 = ADVANCED_FACE('',(#4200),#4198,.T.);
#4202 = ORIENTED_EDGE('',*,*,#4192,.T.);
#4203 = DIRECTION('',(1.,0.,0.));
#4204 = VECTOR('',#4203,1.);
#4205 = LINE('',#4086,#4204);
#4206 = EDGE_CURVE('',#4087,#4177,#4205,.T.);
#4207 = ORIENTED_EDGE('',*,*,#4206,.F.);
#4208 = ORIENTED_EDGE('',*,*,#4098,.F.);
#4209 = DIRECTION('',(1.,0.,0.));
#4210 = VECTOR('',#4209,1.);
#4211 = LINE('',#4084,#4210);
#4212 = EDGE_CURVE('',#4085,#4175,#4211,.T.);
#4213 = ORIENTED_EDGE('',*,*,#4212,.T.);
#4214 = CARTESIAN_POINT('',(2.855000000000001,-0.315,2.));
#4215 = DIRECTION('',(0.,-1.,0.));
#4216 = DIRECTION('',(0.,0.,1.));
#4217 = AXIS2_PLACEMENT_3D('',#4214,#4215,#4216);
#4218 = PLANE('',#4217);
#4219 = EDGE_LOOP('',(#4202,#4207,#4208,#4213));
#4220 = FACE_OUTER_BOUND('',#4219,.T.);
#4221 = ADVANCED_FACE('',(#4220),#4218,.T.);
#4222 = ORIENTED_EDGE('',*,*,#4212,.F.);
#4223 = ORIENTED_EDGE('',*,*,#4093,.T.);
#4224 = ORIENTED_EDGE('',*,*,#4130,.T.);
#4225 = ORIENTED_EDGE('',*,*,#4181,.F.);
#4226 = CARTESIAN_POINT('',(2.855000000000001,-0.315,2.));
#4227 = DIRECTION('',(0.,0.,-1.));
#4228 = DIRECTION('',(-1.,0.,0.));
#4229 = AXIS2_PLACEMENT_3D('',#4226,#4227,#4228);
#4230 = PLANE('',#4229);
#4231 = EDGE_LOOP('',(#4222,#4223,#4224,#4225));
#4232 = FACE_OUTER_BOUND('',#4231,.T.);
#4233 = ADVANCED_FACE('',(#4232),#4230,.T.);
#4234 = CARTESIAN_POINT('',(2.7150000000000007,0.175,8.));
#4235 = VERTEX_POINT('',#4234);
#4236 = DIRECTION('',(0.22158112824152176,0.22158112824152157,-0.9496334067493776));
#4237 = VECTOR('',#4236,1.);
#4238 = LINE('',#4234,#4237);
#4239 = EDGE_CURVE('',#4235,#4119,#4238,.T.);
#4240 = ORIENTED_EDGE('',*,*,#4239,.T.);
#4241 = ORIENTED_EDGE('',*,*,#4136,.F.);
#4242 = ORIENTED_EDGE('',*,*,#4153,.T.);
#4243 = DIRECTION('',(1.,0.,0.));
#4244 = VECTOR('',#4243,1.);
#4245 = LINE('',#4146,#4244);
#4246 = EDGE_CURVE('',#4147,#4235,#4245,.T.);
#4247 = ORIENTED_EDGE('',*,*,#4246,.T.);
#4248 = CARTESIAN_POINT('',(2.7150000000000007,0.175,8.));
#4249 = DIRECTION('',(0.,0.9738412097417931,0.22722961560641844));
#4250 = DIRECTION('',(0.22158112824152176,0.22158112824152157,-0.9496334067493776));
#4251 = AXIS2_PLACEMENT_3D('',#4248,#4249,#4250);
#4252 = PLANE('',#4251);
#4253 = EDGE_LOOP('',(#4240,#4241,#4242,#4247));
#4254 = FACE_OUTER_BOUND('',#4253,.T.);
#4255 = ADVANCED_FACE('',(#4254),#4252,.T.);
#4256 = CARTESIAN_POINT('',(2.7150000000000007,-0.175,8.));
#4257 = VERTEX_POINT('',#4256);
#4258 = DIRECTION('',(0.22158112824152176,-0.22158112824152157,-0.9496334067493776));
#4259 = VECTOR('',#4258,1.);
#4260 = LINE('',#4256,#4259);
#4261 = EDGE_CURVE('',#4257,#4177,#4260,.T.);
#4262 = ORIENTED_EDGE('',*,*,#4261,.T.);
#4263 = ORIENTED_EDGE('',*,*,#4187,.T.);
#4264 = ORIENTED_EDGE('',*,*,#4239,.F.);
#4265 = DIRECTION('',(0.,1.,0.));
#4266 = VECTOR('',#4265,1.);
#4267 = LINE('',#4256,#4266);
#4268 = EDGE_CURVE('',#4257,#4235,#4267,.T.);
#4269 = ORIENTED_EDGE('',*,*,#4268,.F.);
#4270 = CARTESIAN_POINT('',(2.7150000000000007,-0.175,8.));
#4271 = DIRECTION('',(0.9738412097417933,0.,0.2272296156064183));
#4272 = DIRECTION('',(0.22158112824152176,-0.22158112824152157,-0.9496334067493776));
#4273 = AXIS2_PLACEMENT_3D('',#4270,#4271,#4272);
#4274 = PLANE('',#4273);
#4275 = EDGE_LOOP('',(#4262,#4263,#4264,#4269));
#4276 = FACE_OUTER_BOUND('',#4275,.T.);
#4277 = ADVANCED_FACE('',(#4276),#4274,.T.);
#4278 = ORIENTED_EDGE('',*,*,#4268,.T.);
#4279 = ORIENTED_EDGE('',*,*,#4246,.F.);
#4280 = ORIENTED_EDGE('',*,*,#4164,.F.);
#4281 = DIRECTION('',(1.,0.,0.));
#4282 = VECTOR('',#4281,1.);
#4283 = LINE('',#4148,#4282);
#4284 = EDGE_CURVE('',#4149,#4257,#4283,.T.);
#4285 = ORIENTED_EDGE('',*,*,#4284,.T.);
#4286 = CARTESIAN_POINT('',(2.7150000000000007,-0.175,8.));
#4287 = DIRECTION('',(0.,0.,1.));
#4288 = DIRECTION('',(0.,1.,0.));
#4289 = AXIS2_PLACEMENT_3D('',#4286,#4287,#4288);
#4290 = PLANE('',#4289);
#4291 = EDGE_LOOP('',(#4278,#4279,#4280,#4285));
#4292 = FACE_OUTER_BOUND('',#4291,.T.);
#4293 = ADVANCED_FACE('',(#4292),#4290,.T.);
#4294 = ORIENTED_EDGE('',*,*,#4284,.F.);
#4295 = ORIENTED_EDGE('',*,*,#4159,.F.);
#4296 = ORIENTED_EDGE('',*,*,#4206,.T.);
#4297 = ORIENTED_EDGE('',*,*,#4261,.F.);
#4298 = CARTESIAN_POINT('',(2.7150000000000007,-0.175,8.));
#4299 = DIRECTION('',(0.,-0.9738412097417931,0.22722961560641844));
#4300 = DIRECTION('',(-1.,0.,0.));
#4301 = AXIS2_PLACEMENT_3D('',#4298,#4299,#4300);
#4302 = PLANE('',#4301);
#4303 = EDGE_LOOP('',(#4294,#4295,#4296,#4297));
#4304 = FACE_OUTER_BOUND('',#4303,.T.);
#4305 = ADVANCED_FACE('',(#4304),#4302,.T.);
#4306 = CLOSED_SHELL('',(#4117,#4145,#4173,#4201,#4221,#4233,#4255,#4277,#4293,#4305));
#4307 = MANIFOLD_SOLID_BREP('',#4306);
#4308 = COLOUR_RGB('',0.7529411764705882,0.7529411764705882,0.7529411764705882);
#4309 = FILL_AREA_STYLE_COLOUR('',#4308);
#4310 = FILL_AREA_STYLE('',(#4309));
#4311 = SURFACE_STYLE_FILL_AREA(#4310);
#4312 = SURFACE_SIDE_STYLE('',(#4311));
#4313 = SURFACE_STYLE_USAGE(.BOTH.,#4312);
#4314 = PRESENTATION_STYLE_ASSIGNMENT((#4313));
#4315 = STYLED_ITEM('',(#4314),#4307);
#4316 = CARTESIAN_POINT('',(3.810000000000002,-1.27,0.));
#4317 = VERTEX_POINT('',#4316);
#4318 = CARTESIAN_POINT('',(3.810000000000002,-1.27,2.));
#4319 = VERTEX_POINT('',#4318);
#4320 = CARTESIAN_POINT('',(3.810000000000002,1.27,2.));
#4321 = VERTEX_POINT('',#4320);
#4322 = CARTESIAN_POINT('',(3.810000000000002,1.27,0.));
#4323 = VERTEX_POINT('',#4322);
#4324 = DIRECTION('',(0.,0.,1.));
#4325 = VECTOR('',#4324,1.);
#4326 = LINE('',#4316,#4325);
#4327 = EDGE_CURVE('',#4317,#4319,#4326,.T.);
#4328 = ORIENTED_EDGE('',*,*,#4327,.T.);
#4329 = DIRECTION('',(0.,1.,0.));
#4330 = VECTOR('',#4329,1.);
#4331 = LINE('',#4318,#4330);
#4332 = EDGE_CURVE('',#4319,#4321,#4331,.T.);
#4333 = ORIENTED_EDGE('',*,*,#4332,.T.);
#4334 = DIRECTION('',(0.,0.,1.));
#4335 = VECTOR('',#4334,1.);
#4336 = LINE('',#4322,#4335);
#4337 = EDGE_CURVE('',#4323,#4321,#4336,.T.);
#4338 = ORIENTED_EDGE('',*,*,#4337,.F.);
#4339 = DIRECTION('',(0.,1.,0.));
#4340 = VECTOR('',#4339,1.);
#4341 = LINE('',#4316,#4340);
#4342 = EDGE_CURVE('',#4317,#4323,#4341,.T.);
#4343 = ORIENTED_EDGE('',*,*,#4342,.F.);
#4344 = CARTESIAN_POINT('',(3.810000000000002,-1.27,0.));
#4345 = DIRECTION('',(-1.,0.,0.));
#4346 = DIRECTION('',(0.,0.,1.));
#4347 = AXIS2_PLACEMENT_3D('',#4344,#4345,#4346);
#4348 = PLANE('',#4347);
#4349 = EDGE_LOOP('',(#4328,#4333,#4338,#4343));
#4350 = FACE_OUTER_BOUND('',#4349,.T.);
#4351 = ADVANCED_FACE('',(#4350),#4348,.T.);
#4352 = CARTESIAN_POINT('',(6.350000000000001,-1.27,0.));
#4353 = VERTEX_POINT('',#4352);
#4354 = CARTESIAN_POINT('',(6.350000000000001,1.27,0.));
#4355 = VERTEX_POINT('',#4354);
#4356 = CARTESIAN_POINT('',(6.350000000000001,1.27,2.));
#4357 = VERTEX_POINT('',#4356);
#4358 = CARTESIAN_POINT('',(6.350000000000001,-1.27,2.));
#4359 = VERTEX_POINT('',#4358);
#4360 = DIRECTION('',(0.,1.,0.));
#4361 = VECTOR('',#4360,1.);
#4362 = LINE('',#4352,#4361);
#4363 = EDGE_CURVE('',#4353,#4355,#4362,.T.);
#4364 = ORIENTED_EDGE('',*,*,#4363,.T.);
#4365 = DIRECTION('',(0.,0.,1.));
#4366 = VECTOR('',#4365,1.);
#4367 = LINE('',#4354,#4366);
#4368 = EDGE_CURVE('',#4355,#4357,#4367,.T.);
#4369 = ORIENTED_EDGE('',*,*,#4368,.T.);
#4370 = DIRECTION('',(0.,1.,0.));
#4371 = VECTOR('',#4370,1.);
#4372 = LINE('',#4358,#4371);
#4373 = EDGE_CURVE('',#4359,#4357,#4372,.T.);
#4374 = ORIENTED_EDGE('',*,*,#4373,.F.);
#4375 = DIRECTION('',(0.,0.,1.));
#4376 = VECTOR('',#4375,1.);
#4377 = LINE('',#4352,#4376);
#4378 = EDGE_CURVE('',#4353,#4359,#4377,.T.);
#4379 = ORIENTED_EDGE('',*,*,#4378,.F.);
#4380 = CARTESIAN_POINT('',(6.350000000000001,-1.27,0.));
#4381 = DIRECTION('',(1.,0.,0.));
#4382 = DIRECTION('',(0.,1.,0.));
#4383 = AXIS2_PLACEMENT_3D('',#4380,#4381,#4382);
#4384 = PLANE('',#4383);
#4385 = EDGE_LOOP('',(#4364,#4369,#4374,#4379));
#4386 = FACE_OUTER_BOUND('',#4385,.T.);
#4387 = ADVANCED_FACE('',(#4386),#4384,.T.);
#4388 = DIRECTION('',(1.,0.,0.));
#4389 = VECTOR('',#4388,1.);
#4390 = LINE('',#4316,#4389);
#4391 = EDGE_CURVE('',#4317,#4353,#4390,.T.);
#4392 = ORIENTED_EDGE('',*,*,#4391,.T.);
#4393 = ORIENTED_EDGE('',*,*,#4378,.T.);
#4394 = DIRECTION('',(1.,0.,0.));
#4395 = VECTOR('',#4394,1.);
#4396 = LINE('',#4318,#4395);
#4397 = EDGE_CURVE('',#4319,#4359,#4396,.T.);
#4398 = ORIENTED_EDGE('',*,*,#4397,.F.);
#4399 = ORIENTED_EDGE('',*,*,#4327,.F.);
#4400 = CARTESIAN_POINT('',(3.810000000000002,-1.27,0.));
#4401 = DIRECTION('',(0.,-1.,0.));
#4402 = DIRECTION('',(1.,0.,0.));
#4403 = AXIS2_PLACEMENT_3D('',#4400,#4401,#4402);
#4404 = PLANE('',#4403);
#4405 = EDGE_LOOP('',(#4392,#4393,#4398,#4399));
#4406 = FACE_OUTER_BOUND('',#4405,.T.);
#4407 = ADVANCED_FACE('',(#4406),#4404,.T.);
#4408 = ORIENTED_EDGE('',*,*,#4337,.T.);
#4409 = DIRECTION('',(1.,0.,0.));
#4410 = VECTOR('',#4409,1.);
#4411 = LINE('',#4320,#4410);
#4412 = EDGE_CURVE('',#4321,#4357,#4411,.T.);
#4413 = ORIENTED_EDGE('',*,*,#4412,.T.);
#4414 = ORIENTED_EDGE('',*,*,#4368,.F.);
#4415 = DIRECTION('',(1.,0.,0.));
#4416 = VECTOR('',#4415,1.);
#4417 = LINE('',#4322,#4416);
#4418 = EDGE_CURVE('',#4323,#4355,#4417,.T.);
#4419 = ORIENTED_EDGE('',*,*,#4418,.F.);
#4420 = CARTESIAN_POINT('',(3.810000000000002,1.27,0.));
#4421 = DIRECTION('',(0.,1.,0.));
#4422 = DIRECTION('',(0.,0.,1.));
#4423 = AXIS2_PLACEMENT_3D('',#4420,#4421,#4422);
#4424 = PLANE('',#4423);
#4425 = EDGE_LOOP('',(#4408,#4413,#4414,#4419));
#4426 = FACE_OUTER_BOUND('',#4425,.T.);
#4427 = ADVANCED_FACE('',(#4426),#4424,.T.);
#4428 = ORIENTED_EDGE('',*,*,#4342,.T.);
#4429 = ORIENTED_EDGE('',*,*,#4418,.T.);
#4430 = ORIENTED_EDGE('',*,*,#4363,.F.);
#4431 = ORIENTED_EDGE('',*,*,#4391,.F.);
#4432 = CARTESIAN_POINT('',(3.810000000000002,-1.27,0.));
#4433 = DIRECTION('',(0.,0.,-1.));
#4434 = DIRECTION('',(0.,1.,0.));
#4435 = AXIS2_PLACEMENT_3D('',#4432,#4433,#4434);
#4436 = PLANE('',#4435);
#4437 = EDGE_LOOP('',(#4428,#4429,#4430,#4431));
#4438 = FACE_OUTER_BOUND('',#4437,.T.);
#4439 = ADVANCED_FACE('',(#4438),#4436,.T.);
#4440 = ORIENTED_EDGE('',*,*,#4397,.T.);
#4441 = ORIENTED_EDGE('',*,*,#4373,.T.);
#4442 = ORIENTED_EDGE('',*,*,#4412,.F.);
#4443 = ORIENTED_EDGE('',*,*,#4332,.F.);
#4444 = CARTESIAN_POINT('',(3.810000000000002,-1.27,2.));
#4445 = DIRECTION('',(0.,0.,1.));
#4446 = DIRECTION('',(1.,0.,0.));
#4447 = AXIS2_PLACEMENT_3D('',#4444,#4445,#4446);
#4448 = PLANE('',#4447);
#4449 = EDGE_LOOP('',(#4440,#4441,#4442,#4443));
#4450 = FACE_OUTER_BOUND('',#4449,.T.);
#4451 = ADVANCED_FACE('',(#4450),#4448,.T.);
#4452 = CLOSED_SHELL('',(#4351,#4387,#4407,#4427,#4439,#4451));
#4453 = MANIFOLD_SOLID_BREP('',#4452);
#4454 = COLOUR_RGB('',0.13333333333333333,0.13333333333333333,0.13333333333333333);
#4455 = FILL_AREA_STYLE_COLOUR('',#4454);
#4456 = FILL_AREA_STYLE('',(#4455));
#4457 = SURFACE_STYLE_FILL_AREA(#4456);
#4458 = SURFACE_SIDE_STYLE('',(#4457));
#4459 = SURFACE_STYLE_USAGE(.BOTH.,#4458);
#4460 = PRESENTATION_STYLE_ASSIGNMENT((#4459));
#4461 = STYLED_ITEM('',(#4460),#4453);
#4462 = CARTESIAN_POINT('',(5.395000000000002,-0.315,0.5500000000000003));
#4463 = VERTEX_POINT('',#4462);
#4464 = CARTESIAN_POINT('',(4.7650000000000015,-0.315,0.5500000000000003));
#4465 = VERTEX_POINT('',#4464);
#4466 = CARTESIAN_POINT('',(4.7650000000000015,-0.315,-2.15));
#4467 = VERTEX_POINT('',#4466);
#4468 = CARTESIAN_POINT('',(5.395000000000002,-0.315,-2.15));
#4469 = VERTEX_POINT('',#4468);
#4470 = DIRECTION('',(1.,0.,0.));
#4471 = VECTOR('',#4470,1.);
#4472 = LINE('',#4464,#4471);
#4473 = EDGE_CURVE('',#4465,#4463,#4472,.T.);
#4474 = ORIENTED_EDGE('',*,*,#4473,.F.);
#4475 = DIRECTION('',(0.,0.,1.));
#4476 = VECTOR('',#4475,1.);
#4477 = LINE('',#4466,#4476);
#4478 = EDGE_CURVE('',#4467,#4465,#4477,.T.);
#4479 = ORIENTED_EDGE('',*,*,#4478,.F.);
#4480 = DIRECTION('',(1.,0.,0.));
#4481 = VECTOR('',#4480,1.);
#4482 = LINE('',#4466,#4481);
#4483 = EDGE_CURVE('',#4467,#4469,#4482,.T.);
#4484 = ORIENTED_EDGE('',*,*,#4483,.T.);
#4485 = DIRECTION('',(0.,0.,1.));
#4486 = VECTOR('',#4485,1.);
#4487 = LINE('',#4468,#4486);
#4488 = EDGE_CURVE('',#4469,#4463,#4487,.T.);
#4489 = ORIENTED_EDGE('',*,*,#4488,.T.);
#4490 = CARTESIAN_POINT('',(5.395000000000002,-0.315,0.5500000000000003));
#4491 = DIRECTION('',(0.,-1.,0.));
#4492 = DIRECTION('',(-1.,0.,0.));
#4493 = AXIS2_PLACEMENT_3D('',#4490,#4491,#4492);
#4494 = PLANE('',#4493);
#4495 = EDGE_LOOP('',(#4474,#4479,#4484,#4489));
#4496 = FACE_OUTER_BOUND('',#4495,.T.);
#4497 = ADVANCED_FACE('',(#4496),#4494,.T.);
#4498 = CARTESIAN_POINT('',(5.395000000000002,0.315,-2.15));
#4499 = VERTEX_POINT('',#4498);
#4500 = CARTESIAN_POINT('',(5.395000000000002,0.315,0.5500000000000003));
#4501 = VERTEX_POINT('',#4500);
#4502 = ORIENTED_EDGE('',*,*,#4488,.F.);
#4503 = DIRECTION('',(0.,1.,0.));
#4504 = VECTOR('',#4503,1.);
#4505 = LINE('',#4468,#4504);
#4506 = EDGE_CURVE('',#4469,#4499,#4505,.T.);
#4507 = ORIENTED_EDGE('',*,*,#4506,.T.);
#4508 = DIRECTION('',(0.,0.,1.));
#4509 = VECTOR('',#4508,1.);
#4510 = LINE('',#4498,#4509);
#4511 = EDGE_CURVE('',#4499,#4501,#4510,.T.);
#4512 = ORIENTED_EDGE('',*,*,#4511,.T.);
#4513 = DIRECTION('',(0.,1.,0.));
#4514 = VECTOR('',#4513,1.);
#4515 = LINE('',#4462,#4514);
#4516 = EDGE_CURVE('',#4463,#4501,#4515,.T.);
#4517 = ORIENTED_EDGE('',*,*,#4516,.F.);
#4518 = CARTESIAN_POINT('',(5.395000000000002,-0.315,0.5500000000000003));
#4519 = DIRECTION('',(1.,0.,0.));
#4520 = DIRECTION('',(0.,0.,-1.));
#4521 = AXIS2_PLACEMENT_3D('',#4518,#4519,#4520);
#4522 = PLANE('',#4521);
#4523 = EDGE_LOOP('',(#4502,#4507,#4512,#4517));
#4524 = FACE_OUTER_BOUND('',#4523,.T.);
#4525 = ADVANCED_FACE('',(#4524),#4522,.T.);
#4526 = CARTESIAN_POINT('',(5.255000000000002,-0.175,-2.5));
#4527 = VERTEX_POINT('',#4526);
#4528 = CARTESIAN_POINT('',(4.905000000000002,-0.175,-2.5));
#4529 = VERTEX_POINT('',#4528);
#4530 = DIRECTION('',(0.3481553119113968,-0.3481553119113954,0.8703882797784888));
#4531 = VECTOR('',#4530,1.);
#4532 = LINE('',#4526,#4531);
#4533 = EDGE_CURVE('',#4527,#4469,#4532,.T.);
#4534 = ORIENTED_EDGE('',*,*,#4533,.T.);
#4535 = ORIENTED_EDGE('',*,*,#4483,.F.);
#4536 = DIRECTION('',(0.3481553119113968,0.3481553119113954,-0.8703882797784888));
#4537 = VECTOR('',#4536,1.);
#4538 = LINE('',#4466,#4537);
#4539 = EDGE_CURVE('',#4467,#4529,#4538,.T.);
#4540 = ORIENTED_EDGE('',*,*,#4539,.T.);
#4541 = DIRECTION('',(1.,0.,0.));
#4542 = VECTOR('',#4541,1.);
#4543 = LINE('',#4528,#4542);
#4544 = EDGE_CURVE('',#4529,#4527,#4543,.T.);
#4545 = ORIENTED_EDGE('',*,*,#4544,.T.);
#4546 = CARTESIAN_POINT('',(5.255000000000002,-0.175,-2.5));
#4547 = DIRECTION('',(0.,-0.9284766908852591,-0.3713906763541038));
#4548 = DIRECTION('',(0.3481553119113968,-0.3481553119113954,0.8703882797784888));
#4549 = AXIS2_PLACEMENT_3D('',#4546,#4547,#4548);
#4550 = PLANE('',#4549);
#4551 = EDGE_LOOP('',(#4534,#4535,#4540,#4545));
#4552 = FACE_OUTER_BOUND('',#4551,.T.);
#4553 = ADVANCED_FACE('',(#4552),#4550,.T.);
#4554 = CARTESIAN_POINT('',(4.7650000000000015,0.315,0.5500000000000003));
#4555 = VERTEX_POINT('',#4554);
#4556 = CARTESIAN_POINT('',(4.7650000000000015,0.315,-2.15));
#4557 = VERTEX_POINT('',#4556);
#4558 = DIRECTION('',(1.,0.,0.));
#4559 = VECTOR('',#4558,1.);
#4560 = LINE('',#4554,#4559);
#4561 = EDGE_CURVE('',#4555,#4501,#4560,.T.);
#4562 = ORIENTED_EDGE('',*,*,#4561,.T.);
#4563 = ORIENTED_EDGE('',*,*,#4511,.F.);
#4564 = DIRECTION('',(1.,0.,0.));
#4565 = VECTOR('',#4564,1.);
#4566 = LINE('',#4556,#4565);
#4567 = EDGE_CURVE('',#4557,#4499,#4566,.T.);
#4568 = ORIENTED_EDGE('',*,*,#4567,.F.);
#4569 = DIRECTION('',(0.,0.,1.));
#4570 = VECTOR('',#4569,1.);
#4571 = LINE('',#4556,#4570);
#4572 = EDGE_CURVE('',#4557,#4555,#4571,.T.);
#4573 = ORIENTED_EDGE('',*,*,#4572,.T.);
#4574 = CARTESIAN_POINT('',(4.7650000000000015,0.315,0.5500000000000003));
#4575 = DIRECTION('',(0.,1.,0.));
#4576 = DIRECTION('',(1.,0.,0.));
#4577 = AXIS2_PLACEMENT_3D('',#4574,#4575,#4576);
#4578 = PLANE('',#4577);
#4579 = EDGE_LOOP('',(#4562,#4563,#4568,#4573));
#4580 = FACE_OUTER_BOUND('',#4579,.T.);
#4581 = ADVANCED_FACE('',(#4580),#4578,.T.);
#4582 = ORIENTED_EDGE('',*,*,#4572,.F.);
#4583 = DIRECTION('',(0.,1.,0.));
#4584 = VECTOR('',#4583,1.);
#4585 = LINE('',#4466,#4584);
#4586 = EDGE_CURVE('',#4467,#4557,#4585,.T.);
#4587 = ORIENTED_EDGE('',*,*,#4586,.F.);
#4588 = ORIENTED_EDGE('',*,*,#4478,.T.);
#4589 = DIRECTION('',(0.,1.,0.));
#4590 = VECTOR('',#4589,1.);
#4591 = LINE('',#4464,#4590);
#4592 = EDGE_CURVE('',#4465,#4555,#4591,.T.);
#4593 = ORIENTED_EDGE('',*,*,#4592,.T.);
#4594 = CARTESIAN_POINT('',(4.7650000000000015,0.315,0.5500000000000003));
#4595 = DIRECTION('',(-1.,0.,0.));
#4596 = DIRECTION('',(0.,0.,-1.));
#4597 = AXIS2_PLACEMENT_3D('',#4594,#4595,#4596);
#4598 = PLANE('',#4597);
#4599 = EDGE_LOOP('',(#4582,#4587,#4588,#4593));
#4600 = FACE_OUTER_BOUND('',#4599,.T.);
#4601 = ADVANCED_FACE('',(#4600),#4598,.T.);
#4602 = ORIENTED_EDGE('',*,*,#4592,.F.);
#4603 = ORIENTED_EDGE('',*,*,#4473,.T.);
#4604 = ORIENTED_EDGE('',*,*,#4516,.T.);
#4605 = ORIENTED_EDGE('',*,*,#4561,.F.);
#4606 = CARTESIAN_POINT('',(4.7650000000000015,0.315,0.5500000000000003));
#4607 = DIRECTION('',(0.,0.,1.));
#4608 = DIRECTION('',(0.,-1.,0.));
#4609 = AXIS2_PLACEMENT_3D('',#4606,#4607,#4608);
#4610 = PLANE('',#4609);
#4611 = EDGE_LOOP('',(#4602,#4603,#4604,#4605));
#4612 = FACE_OUTER_BOUND('',#4611,.T.);
#4613 = ADVANCED_FACE('',(#4612),#4610,.T.);
#4614 = CARTESIAN_POINT('',(5.255000000000002,0.175,-2.5));
#4615 = VERTEX_POINT('',#4614);
#4616 = DIRECTION('',(0.3481553119113968,0.3481553119113954,0.8703882797784888));
#4617 = VECTOR('',#4616,1.);
#4618 = LINE('',#4614,#4617);
#4619 = EDGE_CURVE('',#4615,#4499,#4618,.T.);
#4620 = ORIENTED_EDGE('',*,*,#4619,.T.);
#4621 = ORIENTED_EDGE('',*,*,#4506,.F.);
#4622 = ORIENTED_EDGE('',*,*,#4533,.F.);
#4623 = DIRECTION('',(0.,1.,0.));
#4624 = VECTOR('',#4623,1.);
#4625 = LINE('',#4526,#4624);
#4626 = EDGE_CURVE('',#4527,#4615,#4625,.T.);
#4627 = ORIENTED_EDGE('',*,*,#4626,.T.);
#4628 = CARTESIAN_POINT('',(5.255000000000002,0.175,-2.5));
#4629 = DIRECTION('',(0.928476690885259,0.,-0.3713906763541046));
#4630 = DIRECTION('',(0.3481553119113968,0.3481553119113954,0.8703882797784888));
#4631 = AXIS2_PLACEMENT_3D('',#4628,#4629,#4630);
#4632 = PLANE('',#4631);
#4633 = EDGE_LOOP('',(#4620,#4621,#4622,#4627));
#4634 = FACE_OUTER_BOUND('',#4633,.T.);
#4635 = ADVANCED_FACE('',(#4634),#4632,.T.);
#4636 = CARTESIAN_POINT('',(4.905000000000002,0.175,-2.5));
#4637 = VERTEX_POINT('',#4636);
#4638 = DIRECTION('',(0.3481553119113968,-0.3481553119113954,-0.8703882797784888));
#4639 = VECTOR('',#4638,1.);
#4640 = LINE('',#4556,#4639);
#4641 = EDGE_CURVE('',#4557,#4637,#4640,.T.);
#4642 = ORIENTED_EDGE('',*,*,#4641,.F.);
#4643 = ORIENTED_EDGE('',*,*,#4567,.T.);
#4644 = ORIENTED_EDGE('',*,*,#4619,.F.);
#4645 = DIRECTION('',(1.,0.,0.));
#4646 = VECTOR('',#4645,1.);
#4647 = LINE('',#4636,#4646);
#4648 = EDGE_CURVE('',#4637,#4615,#4647,.T.);
#4649 = ORIENTED_EDGE('',*,*,#4648,.F.);
#4650 = CARTESIAN_POINT('',(4.905000000000002,0.175,-2.5));
#4651 = DIRECTION('',(0.,0.9284766908852591,-0.3713906763541038));
#4652 = DIRECTION('',(-0.3481553119113968,0.3481553119113954,0.8703882797784888));
#4653 = AXIS2_PLACEMENT_3D('',#4650,#4651,#4652);
#4654 = PLANE('',#4653);
#4655 = EDGE_LOOP('',(#4642,#4643,#4644,#4649));
#4656 = FACE_OUTER_BOUND('',#4655,.T.);
#4657 = ADVANCED_FACE('',(#4656),#4654,.T.);
#4658 = ORIENTED_EDGE('',*,*,#4648,.T.);
#4659 = ORIENTED_EDGE('',*,*,#4626,.F.);
#4660 = ORIENTED_EDGE('',*,*,#4544,.F.);
#4661 = DIRECTION('',(0.,1.,0.));
#4662 = VECTOR('',#4661,1.);
#4663 = LINE('',#4528,#4662);
#4664 = EDGE_CURVE('',#4529,#4637,#4663,.T.);
#4665 = ORIENTED_EDGE('',*,*,#4664,.T.);
#4666 = CARTESIAN_POINT('',(4.905000000000002,0.175,-2.5));
#4667 = DIRECTION('',(0.,0.,-1.));
#4668 = DIRECTION('',(1.,0.,0.));
#4669 = AXIS2_PLACEMENT_3D('',#4666,#4667,#4668);
#4670 = PLANE('',#4669);
#4671 = EDGE_LOOP('',(#4658,#4659,#4660,#4665));
#4672 = FACE_OUTER_BOUND('',#4671,.T.);
#4673 = ADVANCED_FACE('',(#4672),#4670,.T.);
#4674 = ORIENTED_EDGE('',*,*,#4664,.F.);
#4675 = ORIENTED_EDGE('',*,*,#4539,.F.);
#4676 = ORIENTED_EDGE('',*,*,#4586,.T.);
#4677 = ORIENTED_EDGE('',*,*,#4641,.T.);
#4678 = CARTESIAN_POINT('',(4.905000000000002,0.175,-2.5));
#4679 = DIRECTION('',(-0.9284766908852591,0.,-0.3713906763541048));
#4680 = DIRECTION('',(0.,-1.,0.));
#4681 = AXIS2_PLACEMENT_3D('',#4678,#4679,#4680);
#4682 = PLANE('',#4681);
#4683 = EDGE_LOOP('',(#4674,#4675,#4676,#4677));
#4684 = FACE_OUTER_BOUND('',#4683,.T.);
#4685 = ADVANCED_FACE('',(#4684),#4682,.T.);
#4686 = CLOSED_SHELL('',(#4497,#4525,#4553,#4581,#4601,#4613,#4635,#4657,#4673,#4685));
#4687 = MANIFOLD_SOLID_BREP('',#4686);
#4688 = COLOUR_RGB('',0.7529411764705882,0.7529411764705882,0.7529411764705882);
#4689 = FILL_AREA_STYLE_COLOUR('',#4688);
#4690 = FILL_AREA_STYLE('',(#4689));
#4691 = SURFACE_STYLE_FILL_AREA(#4690);
#4692 = SURFACE_SIDE_STYLE('',(#4691));
#4693 = SURFACE_STYLE_USAGE(.BOTH.,#4692);
#4694 = PRESENTATION_STYLE_ASSIGNMENT((#4693));
#4695 = STYLED_ITEM('',(#4694),#4687);
#4696 = CARTESIAN_POINT('',(4.7650000000000015,0.315,2.));
#4697 = VERTEX_POINT('',#4696);
#4698 = CARTESIAN_POINT('',(4.7650000000000015,-0.315,2.));
#4699 = VERTEX_POINT('',#4698);
#4700 = CARTESIAN_POINT('',(4.7650000000000015,-0.315,7.4));
#4701 = VERTEX_POINT('',#4700);
#4702 = CARTESIAN_POINT('',(4.7650000000000015,0.315,7.4));
#4703 = VERTEX_POINT('',#4702);
#4704 = DIRECTION('',(0.,1.,0.));
#4705 = VECTOR('',#4704,1.);
#4706 = LINE('',#4698,#4705);
#4707 = EDGE_CURVE('',#4699,#4697,#4706,.T.);
#4708 = ORIENTED_EDGE('',*,*,#4707,.F.);
#4709 = DIRECTION('',(0.,0.,1.));
#4710 = VECTOR('',#4709,1.);
#4711 = LINE('',#4698,#4710);
#4712 = EDGE_CURVE('',#4699,#4701,#4711,.T.);
#4713 = ORIENTED_EDGE('',*,*,#4712,.T.);
#4714 = DIRECTION('',(0.,1.,0.));
#4715 = VECTOR('',#4714,1.);
#4716 = LINE('',#4700,#4715);
#4717 = EDGE_CURVE('',#4701,#4703,#4716,.T.);
#4718 = ORIENTED_EDGE('',*,*,#4717,.T.);
#4719 = DIRECTION('',(0.,0.,1.));
#4720 = VECTOR('',#4719,1.);
#4721 = LINE('',#4696,#4720);
#4722 = EDGE_CURVE('',#4697,#4703,#4721,.T.);
#4723 = ORIENTED_EDGE('',*,*,#4722,.F.);
#4724 = CARTESIAN_POINT('',(4.7650000000000015,0.315,2.));
#4725 = DIRECTION('',(-1.,0.,0.));
#4726 = DIRECTION('',(0.,-1.,0.));
#4727 = AXIS2_PLACEMENT_3D('',#4724,#4725,#4726);
#4728 = PLANE('',#4727);
#4729 = EDGE_LOOP('',(#4708,#4713,#4718,#4723));
#4730 = FACE_OUTER_BOUND('',#4729,.T.);
#4731 = ADVANCED_FACE('',(#4730),#4728,.T.);
#4732 = CARTESIAN_POINT('',(5.395000000000002,0.315,7.4));
#4733 = VERTEX_POINT('',#4732);
#4734 = CARTESIAN_POINT('',(5.395000000000002,0.315,2.));
#4735 = VERTEX_POINT('',#4734);
#4736 = DIRECTION('',(0.,0.,1.));
#4737 = VECTOR('',#4736,1.);
#4738 = LINE('',#4734,#4737);
#4739 = EDGE_CURVE('',#4735,#4733,#4738,.T.);
#4740 = ORIENTED_EDGE('',*,*,#4739,.F.);
#4741 = DIRECTION('',(1.,0.,0.));
#4742 = VECTOR('',#4741,1.);
#4743 = LINE('',#4696,#4742);
#4744 = EDGE_CURVE('',#4697,#4735,#4743,.T.);
#4745 = ORIENTED_EDGE('',*,*,#4744,.F.);
#4746 = ORIENTED_EDGE('',*,*,#4722,.T.);
#4747 = DIRECTION('',(1.,0.,0.));
#4748 = VECTOR('',#4747,1.);
#4749 = LINE('',#4702,#4748);
#4750 = EDGE_CURVE('',#4703,#4733,#4749,.T.);
#4751 = ORIENTED_EDGE('',*,*,#4750,.T.);
#4752 = CARTESIAN_POINT('',(5.395000000000002,0.315,7.4));
#4753 = DIRECTION('',(0.,1.,0.));
#4754 = DIRECTION('',(0.,0.,-1.));
#4755 = AXIS2_PLACEMENT_3D('',#4752,#4753,#4754);
#4756 = PLANE('',#4755);
#4757 = EDGE_LOOP('',(#4740,#4745,#4746,#4751));
#4758 = FACE_OUTER_BOUND('',#4757,.T.);
#4759 = ADVANCED_FACE('',(#4758),#4756,.T.);
#4760 = CARTESIAN_POINT('',(4.905000000000002,0.175,8.));
#4761 = VERTEX_POINT('',#4760);
#4762 = CARTESIAN_POINT('',(4.905000000000002,-0.175,8.));
#4763 = VERTEX_POINT('',#4762);
#4764 = DIRECTION('',(0.22158112824152243,-0.22158112824152154,0.9496334067493774));
#4765 = VECTOR('',#4764,1.);
#4766 = LINE('',#4702,#4765);
#4767 = EDGE_CURVE('',#4703,#4761,#4766,.T.);
#4768 = ORIENTED_EDGE('',*,*,#4767,.F.);
#4769 = ORIENTED_EDGE('',*,*,#4717,.F.);
#4770 = DIRECTION('',(0.22158112824152243,0.22158112824152154,0.9496334067493774));
#4771 = VECTOR('',#4770,1.);
#4772 = LINE('',#4700,#4771);
#4773 = EDGE_CURVE('',#4701,#4763,#4772,.T.);
#4774 = ORIENTED_EDGE('',*,*,#4773,.T.);
#4775 = DIRECTION('',(0.,1.,0.));
#4776 = VECTOR('',#4775,1.);
#4777 = LINE('',#4762,#4776);
#4778 = EDGE_CURVE('',#4763,#4761,#4777,.T.);
#4779 = ORIENTED_EDGE('',*,*,#4778,.T.);
#4780 = CARTESIAN_POINT('',(4.905000000000002,0.175,8.));
#4781 = DIRECTION('',(-0.9738412097417932,0.,0.22722961560641894));
#4782 = DIRECTION('',(-0.22158112824152243,0.22158112824152154,-0.9496334067493774));
#4783 = AXIS2_PLACEMENT_3D('',#4780,#4781,#4782);
#4784 = PLANE('',#4783);
#4785 = EDGE_LOOP('',(#4768,#4769,#4774,#4779));
#4786 = FACE_OUTER_BOUND('',#4785,.T.);
#4787 = ADVANCED_FACE('',(#4786),#4784,.T.);
#4788 = CARTESIAN_POINT('',(5.395000000000002,-0.315,2.));
#4789 = VERTEX_POINT('',#4788);
#4790 = CARTESIAN_POINT('',(5.395000000000002,-0.315,7.4));
#4791 = VERTEX_POINT('',#4790);
#4792 = DIRECTION('',(0.,1.,0.));
#4793 = VECTOR('',#4792,1.);
#4794 = LINE('',#4788,#4793);
#4795 = EDGE_CURVE('',#4789,#4735,#4794,.T.);
#4796 = ORIENTED_EDGE('',*,*,#4795,.T.);
#4797 = ORIENTED_EDGE('',*,*,#4739,.T.);
#4798 = DIRECTION('',(0.,1.,0.));
#4799 = VECTOR('',#4798,1.);
#4800 = LINE('',#4790,#4799);
#4801 = EDGE_CURVE('',#4791,#4733,#4800,.T.);
#4802 = ORIENTED_EDGE('',*,*,#4801,.F.);
#4803 = DIRECTION('',(0.,0.,1.));
#4804 = VECTOR('',#4803,1.);
#4805 = LINE('',#4788,#4804);
#4806 = EDGE_CURVE('',#4789,#4791,#4805,.T.);
#4807 = ORIENTED_EDGE('',*,*,#4806,.F.);
#4808 = CARTESIAN_POINT('',(5.395000000000002,-0.315,2.));
#4809 = DIRECTION('',(1.,0.,0.));
#4810 = DIRECTION('',(0.,1.,0.));
#4811 = AXIS2_PLACEMENT_3D('',#4808,#4809,#4810);
#4812 = PLANE('',#4811);
#4813 = EDGE_LOOP('',(#4796,#4797,#4802,#4807));
#4814 = FACE_OUTER_BOUND('',#4813,.T.);
#4815 = ADVANCED_FACE('',(#4814),#4812,.T.);
#4816 = ORIENTED_EDGE('',*,*,#4806,.T.);
#4817 = DIRECTION('',(1.,0.,0.));
#4818 = VECTOR('',#4817,1.);
#4819 = LINE('',#4700,#4818);
#4820 = EDGE_CURVE('',#4701,#4791,#4819,.T.);
#4821 = ORIENTED_EDGE('',*,*,#4820,.F.);
#4822 = ORIENTED_EDGE('',*,*,#4712,.F.);
#4823 = DIRECTION('',(1.,0.,0.));
#4824 = VECTOR('',#4823,1.);
#4825 = LINE('',#4698,#4824);
#4826 = EDGE_CURVE('',#4699,#4789,#4825,.T.);
#4827 = ORIENTED_EDGE('',*,*,#4826,.T.);
#4828 = CARTESIAN_POINT('',(5.395000000000002,-0.315,2.));
#4829 = DIRECTION('',(0.,-1.,0.));
#4830 = DIRECTION('',(0.,0.,1.));
#4831 = AXIS2_PLACEMENT_3D('',#4828,#4829,#4830);
#4832 = PLANE('',#4831);
#4833 = EDGE_LOOP('',(#4816,#4821,#4822,#4827));
#4834 = FACE_OUTER_BOUND('',#4833,.T.);
#4835 = ADVANCED_FACE('',(#4834),#4832,.T.);
#4836 = ORIENTED_EDGE('',*,*,#4826,.F.);
#4837 = ORIENTED_EDGE('',*,*,#4707,.T.);
#4838 = ORIENTED_EDGE('',*,*,#4744,.T.);
#4839 = ORIENTED_EDGE('',*,*,#4795,.F.);
#4840 = CARTESIAN_POINT('',(5.395000000000002,-0.315,2.));
#4841 = DIRECTION('',(0.,0.,-1.));
#4842 = DIRECTION('',(-1.,0.,0.));
#4843 = AXIS2_PLACEMENT_3D('',#4840,#4841,#4842);
#4844 = PLANE('',#4843);
#4845 = EDGE_LOOP('',(#4836,#4837,#4838,#4839));
#4846 = FACE_OUTER_BOUND('',#4845,.T.);
#4847 = ADVANCED_FACE('',(#4846),#4844,.T.);
#4848 = CARTESIAN_POINT('',(5.255000000000002,0.175,8.));
#4849 = VERTEX_POINT('',#4848);
#4850 = DIRECTION('',(0.22158112824152243,0.22158112824152154,-0.9496334067493774));
#4851 = VECTOR('',#4850,1.);
#4852 = LINE('',#4848,#4851);
#4853 = EDGE_CURVE('',#4849,#4733,#4852,.T.);
#4854 = ORIENTED_EDGE('',*,*,#4853,.T.);
#4855 = ORIENTED_EDGE('',*,*,#4750,.F.);
#4856 = ORIENTED_EDGE('',*,*,#4767,.T.);
#4857 = DIRECTION('',(1.,0.,0.));
#4858 = VECTOR('',#4857,1.);
#4859 = LINE('',#4760,#4858);
#4860 = EDGE_CURVE('',#4761,#4849,#4859,.T.);
#4861 = ORIENTED_EDGE('',*,*,#4860,.T.);
#4862 = CARTESIAN_POINT('',(5.255000000000002,0.175,8.));
#4863 = DIRECTION('',(0.,0.9738412097417931,0.22722961560641844));
#4864 = DIRECTION('',(0.22158112824152243,0.22158112824152154,-0.9496334067493774));
#4865 = AXIS2_PLACEMENT_3D('',#4862,#4863,#4864);
#4866 = PLANE('',#4865);
#4867 = EDGE_LOOP('',(#4854,#4855,#4856,#4861));
#4868 = FACE_OUTER_BOUND('',#4867,.T.);
#4869 = ADVANCED_FACE('',(#4868),#4866,.T.);
#4870 = CARTESIAN_POINT('',(5.255000000000002,-0.175,8.));
#4871 = VERTEX_POINT('',#4870);
#4872 = DIRECTION('',(0.22158112824152243,-0.22158112824152154,-0.9496334067493774));
#4873 = VECTOR('',#4872,1.);
#4874 = LINE('',#4870,#4873);
#4875 = EDGE_CURVE('',#4871,#4791,#4874,.T.);
#4876 = ORIENTED_EDGE('',*,*,#4875,.T.);
#4877 = ORIENTED_EDGE('',*,*,#4801,.T.);
#4878 = ORIENTED_EDGE('',*,*,#4853,.F.);
#4879 = DIRECTION('',(0.,1.,0.));
#4880 = VECTOR('',#4879,1.);
#4881 = LINE('',#4870,#4880);
#4882 = EDGE_CURVE('',#4871,#4849,#4881,.T.);
#4883 = ORIENTED_EDGE('',*,*,#4882,.F.);
#4884 = CARTESIAN_POINT('',(5.255000000000002,-0.175,8.));
#4885 = DIRECTION('',(0.9738412097417932,0.,0.22722961560641894));
#4886 = DIRECTION('',(0.22158112824152243,-0.22158112824152154,-0.9496334067493774));
#4887 = AXIS2_PLACEMENT_3D('',#4884,#4885,#4886);
#4888 = PLANE('',#4887);
#4889 = EDGE_LOOP('',(#4876,#4877,#4878,#4883));
#4890 = FACE_OUTER_BOUND('',#4889,.T.);
#4891 = ADVANCED_FACE('',(#4890),#4888,.T.);
#4892 = ORIENTED_EDGE('',*,*,#4882,.T.);
#4893 = ORIENTED_EDGE('',*,*,#4860,.F.);
#4894 = ORIENTED_EDGE('',*,*,#4778,.F.);
#4895 = DIRECTION('',(1.,0.,0.));
#4896 = VECTOR('',#4895,1.);
#4897 = LINE('',#4762,#4896);
#4898 = EDGE_CURVE('',#4763,#4871,#4897,.T.);
#4899 = ORIENTED_EDGE('',*,*,#4898,.T.);
#4900 = CARTESIAN_POINT('',(5.255000000000002,-0.175,8.));
#4901 = DIRECTION('',(0.,0.,1.));
#4902 = DIRECTION('',(0.,1.,0.));
#4903 = AXIS2_PLACEMENT_3D('',#4900,#4901,#4902);
#4904 = PLANE('',#4903);
#4905 = EDGE_LOOP('',(#4892,#4893,#4894,#4899));
#4906 = FACE_OUTER_BOUND('',#4905,.T.);
#4907 = ADVANCED_FACE('',(#4906),#4904,.T.);
#4908 = ORIENTED_EDGE('',*,*,#4898,.F.);
#4909 = ORIENTED_EDGE('',*,*,#4773,.F.);
#4910 = ORIENTED_EDGE('',*,*,#4820,.T.);
#4911 = ORIENTED_EDGE('',*,*,#4875,.F.);
#4912 = CARTESIAN_POINT('',(5.255000000000002,-0.175,8.));
#4913 = DIRECTION('',(0.,-0.9738412097417931,0.22722961560641844));
#4914 = DIRECTION('',(-1.,0.,0.));
#4915 = AXIS2_PLACEMENT_3D('',#4912,#4913,#4914);
#4916 = PLANE('',#4915);
#4917 = EDGE_LOOP('',(#4908,#4909,#4910,#4911));
#4918 = FACE_OUTER_BOUND('',#4917,.T.);
#4919 = ADVANCED_FACE('',(#4918),#4916,.T.);
#4920 = CLOSED_SHELL('',(#4731,#4759,#4787,#4815,#4835,#4847,#4869,#4891,#4907,#4919));
#4921 = MANIFOLD_SOLID_BREP('',#4920);
#4922 = COLOUR_RGB('',0.7529411764705882,0.7529411764705882,0.7529411764705882);
#4923 = FILL_AREA_STYLE_COLOUR('',#4922);
#4924 = FILL_AREA_STYLE('',(#4923));
#4925 = SURFACE_STYLE_FILL_AREA(#4924);
#4926 = SURFACE_SIDE_STYLE('',(#4925));
#4927 = SURFACE_STYLE_USAGE(.BOTH.,#4926);
#4928 = PRESENTATION_STYLE_ASSIGNMENT((#4927));
#4929 = STYLED_ITEM('',(#4928),#4921);
#4930 = CARTESIAN_POINT('',(6.350000000000001,-1.27,0.));
#4931 = VERTEX_POINT('',#4930);
#4932 = CARTESIAN_POINT('',(6.350000000000001,-1.27,2.));
#4933 = VERTEX_POINT('',#4932);
#4934 = CARTESIAN_POINT('',(6.350000000000001,1.27,2.));
#4935 = VERTEX_POINT('',#4934);
#4936 = CARTESIAN_POINT('',(6.350000000000001,1.27,0.));
#4937 = VERTEX_POINT('',#4936);
#4938 = DIRECTION('',(0.,0.,1.));
#4939 = VECTOR('',#4938,1.);
#4940 = LINE('',#4930,#4939);
#4941 = EDGE_CURVE('',#4931,#4933,#4940,.T.);
#4942 = ORIENTED_EDGE('',*,*,#4941,.T.);
#4943 = DIRECTION('',(0.,1.,0.));
#4944 = VECTOR('',#4943,1.);
#4945 = LINE('',#4932,#4944);
#4946 = EDGE_CURVE('',#4933,#4935,#4945,.T.);
#4947 = ORIENTED_EDGE('',*,*,#4946,.T.);
#4948 = DIRECTION('',(0.,0.,1.));
#4949 = VECTOR('',#4948,1.);
#4950 = LINE('',#4936,#4949);
#4951 = EDGE_CURVE('',#4937,#4935,#4950,.T.);
#4952 = ORIENTED_EDGE('',*,*,#4951,.F.);
#4953 = DIRECTION('',(0.,1.,0.));
#4954 = VECTOR('',#4953,1.);
#4955 = LINE('',#4930,#4954);
#4956 = EDGE_CURVE('',#4931,#4937,#4955,.T.);
#4957 = ORIENTED_EDGE('',*,*,#4956,.F.);
#4958 = CARTESIAN_POINT('',(6.350000000000001,-1.27,0.));
#4959 = DIRECTION('',(-1.,0.,0.));
#4960 = DIRECTION('',(0.,0.,1.));
#4961 = AXIS2_PLACEMENT_3D('',#4958,#4959,#4960);
#4962 = PLANE('',#4961);
#4963 = EDGE_LOOP('',(#4942,#4947,#4952,#4957));
#4964 = FACE_OUTER_BOUND('',#4963,.T.);
#4965 = ADVANCED_FACE('',(#4964),#4962,.T.);
#4966 = CARTESIAN_POINT('',(8.89,-1.27,0.));
#4967 = VERTEX_POINT('',#4966);
#4968 = CARTESIAN_POINT('',(8.89,1.27,0.));
#4969 = VERTEX_POINT('',#4968);
#4970 = CARTESIAN_POINT('',(8.89,1.27,2.));
#4971 = VERTEX_POINT('',#4970);
#4972 = CARTESIAN_POINT('',(8.89,-1.27,2.));
#4973 = VERTEX_POINT('',#4972);
#4974 = DIRECTION('',(0.,1.,0.));
#4975 = VECTOR('',#4974,1.);
#4976 = LINE('',#4966,#4975);
#4977 = EDGE_CURVE('',#4967,#4969,#4976,.T.);
#4978 = ORIENTED_EDGE('',*,*,#4977,.T.);
#4979 = DIRECTION('',(0.,0.,1.));
#4980 = VECTOR('',#4979,1.);
#4981 = LINE('',#4968,#4980);
#4982 = EDGE_CURVE('',#4969,#4971,#4981,.T.);
#4983 = ORIENTED_EDGE('',*,*,#4982,.T.);
#4984 = DIRECTION('',(0.,1.,0.));
#4985 = VECTOR('',#4984,1.);
#4986 = LINE('',#4972,#4985);
#4987 = EDGE_CURVE('',#4973,#4971,#4986,.T.);
#4988 = ORIENTED_EDGE('',*,*,#4987,.F.);
#4989 = DIRECTION('',(0.,0.,1.));
#4990 = VECTOR('',#4989,1.);
#4991 = LINE('',#4966,#4990);
#4992 = EDGE_CURVE('',#4967,#4973,#4991,.T.);
#4993 = ORIENTED_EDGE('',*,*,#4992,.F.);
#4994 = CARTESIAN_POINT('',(8.89,-1.27,0.));
#4995 = DIRECTION('',(1.,0.,0.));
#4996 = DIRECTION('',(0.,1.,0.));
#4997 = AXIS2_PLACEMENT_3D('',#4994,#4995,#4996);
#4998 = PLANE('',#4997);
#4999 = EDGE_LOOP('',(#4978,#4983,#4988,#4993));
#5000 = FACE_OUTER_BOUND('',#4999,.T.);
#5001 = ADVANCED_FACE('',(#5000),#4998,.T.);
#5002 = DIRECTION('',(1.,0.,0.));
#5003 = VECTOR('',#5002,1.);
#5004 = LINE('',#4930,#5003);
#5005 = EDGE_CURVE('',#4931,#4967,#5004,.T.);
#5006 = ORIENTED_EDGE('',*,*,#5005,.T.);
#5007 = ORIENTED_EDGE('',*,*,#4992,.T.);
#5008 = DIRECTION('',(1.,0.,0.));
#5009 = VECTOR('',#5008,1.);
#5010 = LINE('',#4932,#5009);
#5011 = EDGE_CURVE('',#4933,#4973,#5010,.T.);
#5012 = ORIENTED_EDGE('',*,*,#5011,.F.);
#5013 = ORIENTED_EDGE('',*,*,#4941,.F.);
#5014 = CARTESIAN_POINT('',(6.350000000000001,-1.27,0.));
#5015 = DIRECTION('',(0.,-1.,0.));
#5016 = DIRECTION('',(1.,0.,0.));
#5017 = AXIS2_PLACEMENT_3D('',#5014,#5015,#5016);
#5018 = PLANE('',#5017);
#5019 = EDGE_LOOP('',(#5006,#5007,#5012,#5013));
#5020 = FACE_OUTER_BOUND('',#5019,.T.);
#5021 = ADVANCED_FACE('',(#5020),#5018,.T.);
#5022 = ORIENTED_EDGE('',*,*,#4951,.T.);
#5023 = DIRECTION('',(1.,0.,0.));
#5024 = VECTOR('',#5023,1.);
#5025 = LINE('',#4934,#5024);
#5026 = EDGE_CURVE('',#4935,#4971,#5025,.T.);
#5027 = ORIENTED_EDGE('',*,*,#5026,.T.);
#5028 = ORIENTED_EDGE('',*,*,#4982,.F.);
#5029 = DIRECTION('',(1.,0.,0.));
#5030 = VECTOR('',#5029,1.);
#5031 = LINE('',#4936,#5030);
#5032 = EDGE_CURVE('',#4937,#4969,#5031,.T.);
#5033 = ORIENTED_EDGE('',*,*,#5032,.F.);
#5034 = CARTESIAN_POINT('',(6.350000000000001,1.27,0.));
#5035 = DIRECTION('',(0.,1.,0.));
#5036 = DIRECTION('',(0.,0.,1.));
#5037 = AXIS2_PLACEMENT_3D('',#5034,#5035,#5036);
#5038 = PLANE('',#5037);
#5039 = EDGE_LOOP('',(#5022,#5027,#5028,#5033));
#5040 = FACE_OUTER_BOUND('',#5039,.T.);
#5041 = ADVANCED_FACE('',(#5040),#5038,.T.);
#5042 = ORIENTED_EDGE('',*,*,#4956,.T.);
#5043 = ORIENTED_EDGE('',*,*,#5032,.T.);
#5044 = ORIENTED_EDGE('',*,*,#4977,.F.);
#5045 = ORIENTED_EDGE('',*,*,#5005,.F.);
#5046 = CARTESIAN_POINT('',(6.350000000000001,-1.27,0.));
#5047 = DIRECTION('',(0.,0.,-1.));
#5048 = DIRECTION('',(0.,1.,0.));
#5049 = AXIS2_PLACEMENT_3D('',#5046,#5047,#5048);
#5050 = PLANE('',#5049);
#5051 = EDGE_LOOP('',(#5042,#5043,#5044,#5045));
#5052 = FACE_OUTER_BOUND('',#5051,.T.);
#5053 = ADVANCED_FACE('',(#5052),#5050,.T.);
#5054 = ORIENTED_EDGE('',*,*,#5011,.T.);
#5055 = ORIENTED_EDGE('',*,*,#4987,.T.);
#5056 = ORIENTED_EDGE('',*,*,#5026,.F.);
#5057 = ORIENTED_EDGE('',*,*,#4946,.F.);
#5058 = CARTESIAN_POINT('',(6.350000000000001,-1.27,2.));
#5059 = DIRECTION('',(0.,0.,1.));
#5060 = DIRECTION('',(1.,0.,0.));
#5061 = AXIS2_PLACEMENT_3D('',#5058,#5059,#5060);
#5062 = PLANE('',#5061);
#5063 = EDGE_LOOP('',(#5054,#5055,#5056,#5057));
#5064 = FACE_OUTER_BOUND('',#5063,.T.);
#5065 = ADVANCED_FACE('',(#5064),#5062,.T.);
#5066 = CLOSED_SHELL('',(#4965,#5001,#5021,#5041,#5053,#5065));
#5067 = MANIFOLD_SOLID_BREP('',#5066);
#5068 = COLOUR_RGB('',0.13333333333333333,0.13333333333333333,0.13333333333333333);
#5069 = FILL_AREA_STYLE_COLOUR('',#5068);
#5070 = FILL_AREA_STYLE('',(#5069));
#5071 = SURFACE_STYLE_FILL_AREA(#5070);
#5072 = SURFACE_SIDE_STYLE('',(#5071));
#5073 = SURFACE_STYLE_USAGE(.BOTH.,#5072);
#5074 = PRESENTATION_STYLE_ASSIGNMENT((#5073));
#5075 = STYLED_ITEM('',(#5074),#5067);
#5076 = CARTESIAN_POINT('',(7.935000000000001,-0.315,0.5500000000000003));
#5077 = VERTEX_POINT('',#5076);
#5078 = CARTESIAN_POINT('',(7.935000000000001,0.315,0.5500000000000003));
#5079 = VERTEX_POINT('',#5078);
#5080 = CARTESIAN_POINT('',(7.305000000000001,0.315,0.5500000000000003));
#5081 = VERTEX_POINT('',#5080);
#5082 = CARTESIAN_POINT('',(7.305000000000001,-0.315,0.5500000000000003));
#5083 = VERTEX_POINT('',#5082);
#5084 = DIRECTION('',(0.,1.,0.));
#5085 = VECTOR('',#5084,1.);
#5086 = LINE('',#5076,#5085);
#5087 = EDGE_CURVE('',#5077,#5079,#5086,.T.);
#5088 = ORIENTED_EDGE('',*,*,#5087,.T.);
#5089 = DIRECTION('',(1.,0.,0.));
#5090 = VECTOR('',#5089,1.);
#5091 = LINE('',#5080,#5090);
#5092 = EDGE_CURVE('',#5081,#5079,#5091,.T.);
#5093 = ORIENTED_EDGE('',*,*,#5092,.F.);
#5094 = DIRECTION('',(0.,1.,0.));
#5095 = VECTOR('',#5094,1.);
#5096 = LINE('',#5082,#5095);
#5097 = EDGE_CURVE('',#5083,#5081,#5096,.T.);
#5098 = ORIENTED_EDGE('',*,*,#5097,.F.);
#5099 = DIRECTION('',(1.,0.,0.));
#5100 = VECTOR('',#5099,1.);
#5101 = LINE('',#5082,#5100);
#5102 = EDGE_CURVE('',#5083,#5077,#5101,.T.);
#5103 = ORIENTED_EDGE('',*,*,#5102,.T.);
#5104 = CARTESIAN_POINT('',(7.935000000000001,-0.315,0.5500000000000003));
#5105 = DIRECTION('',(0.,0.,1.));
#5106 = DIRECTION('',(0.,1.,0.));
#5107 = AXIS2_PLACEMENT_3D('',#5104,#5105,#5106);
#5108 = PLANE('',#5107);
#5109 = EDGE_LOOP('',(#5088,#5093,#5098,#5103));
#5110 = FACE_OUTER_BOUND('',#5109,.T.);
#5111 = ADVANCED_FACE('',(#5110),#5108,.T.);
#5112 = CARTESIAN_POINT('',(7.305000000000001,0.315,-2.15));
#5113 = VERTEX_POINT('',#5112);
#5114 = CARTESIAN_POINT('',(7.935000000000001,0.315,-2.15));
#5115 = VERTEX_POINT('',#5114);
#5116 = DIRECTION('',(0.,0.,1.));
#5117 = VECTOR('',#5116,1.);
#5118 = LINE('',#5112,#5117);
#5119 = EDGE_CURVE('',#5113,#5081,#5118,.T.);
#5120 = ORIENTED_EDGE('',*,*,#5119,.T.);
#5121 = ORIENTED_EDGE('',*,*,#5092,.T.);
#5122 = DIRECTION('',(0.,0.,1.));
#5123 = VECTOR('',#5122,1.);
#5124 = LINE('',#5114,#5123);
#5125 = EDGE_CURVE('',#5115,#5079,#5124,.T.);
#5126 = ORIENTED_EDGE('',*,*,#5125,.F.);
#5127 = DIRECTION('',(1.,0.,0.));
#5128 = VECTOR('',#5127,1.);
#5129 = LINE('',#5112,#5128);
#5130 = EDGE_CURVE('',#5113,#5115,#5129,.T.);
#5131 = ORIENTED_EDGE('',*,*,#5130,.F.);
#5132 = CARTESIAN_POINT('',(7.305000000000001,0.315,-2.15));
#5133 = DIRECTION('',(0.,1.,0.));
#5134 = DIRECTION('',(0.,0.,1.));
#5135 = AXIS2_PLACEMENT_3D('',#5132,#5133,#5134);
#5136 = PLANE('',#5135);
#5137 = EDGE_LOOP('',(#5120,#5121,#5126,#5131));
#5138 = FACE_OUTER_BOUND('',#5137,.T.);
#5139 = ADVANCED_FACE('',(#5138),#5136,.T.);
#5140 = CARTESIAN_POINT('',(7.305000000000001,-0.315,-2.15));
#5141 = VERTEX_POINT('',#5140);
#5142 = DIRECTION('',(0.,1.,0.));
#5143 = VECTOR('',#5142,1.);
#5144 = LINE('',#5140,#5143);
#5145 = EDGE_CURVE('',#5141,#5113,#5144,.T.);
#5146 = ORIENTED_EDGE('',*,*,#5145,.F.);
#5147 = DIRECTION('',(0.,0.,1.));
#5148 = VECTOR('',#5147,1.);
#5149 = LINE('',#5140,#5148);
#5150 = EDGE_CURVE('',#5141,#5083,#5149,.T.);
#5151 = ORIENTED_EDGE('',*,*,#5150,.T.);
#5152 = ORIENTED_EDGE('',*,*,#5097,.T.);
#5153 = ORIENTED_EDGE('',*,*,#5119,.F.);
#5154 = CARTESIAN_POINT('',(7.305000000000001,0.315,-2.15));
#5155 = DIRECTION('',(-1.,0.,0.));
#5156 = DIRECTION('',(0.,-1.,0.));
#5157 = AXIS2_PLACEMENT_3D('',#5154,#5155,#5156);
#5158 = PLANE('',#5157);
#5159 = EDGE_LOOP('',(#5146,#5151,#5152,#5153));
#5160 = FACE_OUTER_BOUND('',#5159,.T.);
#5161 = ADVANCED_FACE('',(#5160),#5158,.T.);
#5162 = CARTESIAN_POINT('',(7.935000000000001,-0.315,-2.15));
#5163 = VERTEX_POINT('',#5162);
#5164 = DIRECTION('',(0.,1.,0.));
#5165 = VECTOR('',#5164,1.);
#5166 = LINE('',#5162,#5165);
#5167 = EDGE_CURVE('',#5163,#5115,#5166,.T.);
#5168 = ORIENTED_EDGE('',*,*,#5167,.T.);
#5169 = ORIENTED_EDGE('',*,*,#5125,.T.);
#5170 = ORIENTED_EDGE('',*,*,#5087,.F.);
#5171 = DIRECTION('',(0.,0.,1.));
#5172 = VECTOR('',#5171,1.);
#5173 = LINE('',#5162,#5172);
#5174 = EDGE_CURVE('',#5163,#5077,#5173,.T.);
#5175 = ORIENTED_EDGE('',*,*,#5174,.F.);
#5176 = CARTESIAN_POINT('',(7.935000000000001,-0.315,-2.15));
#5177 = DIRECTION('',(1.,0.,0.));
#5178 = DIRECTION('',(0.,1.,0.));
#5179 = AXIS2_PLACEMENT_3D('',#5176,#5177,#5178);
#5180 = PLANE('',#5179);
#5181 = EDGE_LOOP('',(#5168,#5169,#5170,#5175));
#5182 = FACE_OUTER_BOUND('',#5181,.T.);
#5183 = ADVANCED_FACE('',(#5182),#5180,.T.);
#5184 = ORIENTED_EDGE('',*,*,#5174,.T.);
#5185 = ORIENTED_EDGE('',*,*,#5102,.F.);
#5186 = ORIENTED_EDGE('',*,*,#5150,.F.);
#5187 = DIRECTION('',(1.,0.,0.));
#5188 = VECTOR('',#5187,1.);
#5189 = LINE('',#5140,#5188);
#5190 = EDGE_CURVE('',#5141,#5163,#5189,.T.);
#5191 = ORIENTED_EDGE('',*,*,#5190,.T.);
#5192 = CARTESIAN_POINT('',(7.935000000000001,-0.315,-2.15));
#5193 = DIRECTION('',(0.,-1.,0.));
#5194 = DIRECTION('',(0.,0.,1.));
#5195 = AXIS2_PLACEMENT_3D('',#5192,#5193,#5194);
#5196 = PLANE('',#5195);
#5197 = EDGE_LOOP('',(#5184,#5185,#5186,#5191));
#5198 = FACE_OUTER_BOUND('',#5197,.T.);
#5199 = ADVANCED_FACE('',(#5198),#5196,.T.);
#5200 = CARTESIAN_POINT('',(7.445000000000001,0.175,-2.5));
#5201 = VERTEX_POINT('',#5200);
#5202 = CARTESIAN_POINT('',(7.795000000000001,0.175,-2.5));
#5203 = VERTEX_POINT('',#5202);
#5204 = DIRECTION('',(0.3481553119113968,-0.3481553119113954,-0.8703882797784888));
#5205 = VECTOR('',#5204,1.);
#5206 = LINE('',#5112,#5205);
#5207 = EDGE_CURVE('',#5113,#5201,#5206,.T.);
#5208 = ORIENTED_EDGE('',*,*,#5207,.F.);
#5209 = ORIENTED_EDGE('',*,*,#5130,.T.);
#5210 = DIRECTION('',(0.3481553119113968,0.3481553119113954,0.8703882797784888));
#5211 = VECTOR('',#5210,1.);
#5212 = LINE('',#5202,#5211);
#5213 = EDGE_CURVE('',#5203,#5115,#5212,.T.);
#5214 = ORIENTED_EDGE('',*,*,#5213,.F.);
#5215 = DIRECTION('',(1.,0.,0.));
#5216 = VECTOR('',#5215,1.);
#5217 = LINE('',#5200,#5216);
#5218 = EDGE_CURVE('',#5201,#5203,#5217,.T.);
#5219 = ORIENTED_EDGE('',*,*,#5218,.F.);
#5220 = CARTESIAN_POINT('',(7.445000000000001,0.175,-2.5));
#5221 = DIRECTION('',(0.,0.9284766908852591,-0.3713906763541038));
#5222 = DIRECTION('',(-0.3481553119113968,0.3481553119113954,0.8703882797784888));
#5223 = AXIS2_PLACEMENT_3D('',#5220,#5221,#5222);
#5224 = PLANE('',#5223);
#5225 = EDGE_LOOP('',(#5208,#5209,#5214,#5219));
#5226 = FACE_OUTER_BOUND('',#5225,.T.);
#5227 = ADVANCED_FACE('',(#5226),#5224,.T.);
#5228 = CARTESIAN_POINT('',(7.445000000000001,-0.175,-2.5));
#5229 = VERTEX_POINT('',#5228);
#5230 = DIRECTION('',(0.,1.,0.));
#5231 = VECTOR('',#5230,1.);
#5232 = LINE('',#5228,#5231);
#5233 = EDGE_CURVE('',#5229,#5201,#5232,.T.);
#5234 = ORIENTED_EDGE('',*,*,#5233,.F.);
#5235 = DIRECTION('',(0.3481553119113968,0.3481553119113954,-0.8703882797784888));
#5236 = VECTOR('',#5235,1.);
#5237 = LINE('',#5140,#5236);
#5238 = EDGE_CURVE('',#5141,#5229,#5237,.T.);
#5239 = ORIENTED_EDGE('',*,*,#5238,.F.);
#5240 = ORIENTED_EDGE('',*,*,#5145,.T.);
#5241 = ORIENTED_EDGE('',*,*,#5207,.T.);
#5242 = CARTESIAN_POINT('',(7.445000000000001,0.175,-2.5));
#5243 = DIRECTION('',(-0.9284766908852591,0.,-0.3713906763541048));
#5244 = DIRECTION('',(0.,-1.,0.));
#5245 = AXIS2_PLACEMENT_3D('',#5242,#5243,#5244);
#5246 = PLANE('',#5245);
#5247 = EDGE_LOOP('',(#5234,#5239,#5240,#5241));
#5248 = FACE_OUTER_BOUND('',#5247,.T.);
#5249 = ADVANCED_FACE('',(#5248),#5246,.T.);
#5250 = CARTESIAN_POINT('',(7.795000000000001,-0.175,-2.5));
#5251 = VERTEX_POINT('',#5250);
#5252 = DIRECTION('',(1.,0.,0.));
#5253 = VECTOR('',#5252,1.);
#5254 = LINE('',#5228,#5253);
#5255 = EDGE_CURVE('',#5229,#5251,#5254,.T.);
#5256 = ORIENTED_EDGE('',*,*,#5255,.F.);
#5257 = ORIENTED_EDGE('',*,*,#5233,.T.);
#5258 = ORIENTED_EDGE('',*,*,#5218,.T.);
#5259 = DIRECTION('',(0.,1.,0.));
#5260 = VECTOR('',#5259,1.);
#5261 = LINE('',#5250,#5260);
#5262 = EDGE_CURVE('',#5251,#5203,#5261,.T.);
#5263 = ORIENTED_EDGE('',*,*,#5262,.F.);
#5264 = CARTESIAN_POINT('',(7.795000000000001,-0.175,-2.5));
#5265 = DIRECTION('',(0.,0.,-1.));
#5266 = DIRECTION('',(-1.,0.,0.));
#5267 = AXIS2_PLACEMENT_3D('',#5264,#5265,#5266);
#5268 = PLANE('',#5267);
#5269 = EDGE_LOOP('',(#5256,#5257,#5258,#5263));
#5270 = FACE_OUTER_BOUND('',#5269,.T.);
#5271 = ADVANCED_FACE('',(#5270),#5268,.T.);
#5272 = ORIENTED_EDGE('',*,*,#5262,.T.);
#5273 = ORIENTED_EDGE('',*,*,#5213,.T.);
#5274 = ORIENTED_EDGE('',*,*,#5167,.F.);
#5275 = DIRECTION('',(0.3481553119113968,-0.3481553119113954,0.8703882797784888));
#5276 = VECTOR('',#5275,1.);
#5277 = LINE('',#5250,#5276);
#5278 = EDGE_CURVE('',#5251,#5163,#5277,.T.);
#5279 = ORIENTED_EDGE('',*,*,#5278,.F.);
#5280 = CARTESIAN_POINT('',(7.795000000000001,-0.175,-2.5));
#5281 = DIRECTION('',(0.9284766908852591,0.,-0.3713906763541048));
#5282 = DIRECTION('',(0.,1.,0.));
#5283 = AXIS2_PLACEMENT_3D('',#5280,#5281,#5282);
#5284 = PLANE('',#5283);
#5285 = EDGE_LOOP('',(#5272,#5273,#5274,#5279));
#5286 = FACE_OUTER_BOUND('',#5285,.T.);
#5287 = ADVANCED_FACE('',(#5286),#5284,.T.);
#5288 = ORIENTED_EDGE('',*,*,#5278,.T.);
#5289 = ORIENTED_EDGE('',*,*,#5190,.F.);
#5290 = ORIENTED_EDGE('',*,*,#5238,.T.);
#5291 = ORIENTED_EDGE('',*,*,#5255,.T.);
#5292 = CARTESIAN_POINT('',(7.795000000000001,-0.175,-2.5));
#5293 = DIRECTION('',(0.,-0.9284766908852591,-0.3713906763541038));
#5294 = DIRECTION('',(0.3481553119113968,-0.3481553119113954,0.8703882797784888));
#5295 = AXIS2_PLACEMENT_3D('',#5292,#5293,#5294);
#5296 = PLANE('',#5295);
#5297 = EDGE_LOOP('',(#5288,#5289,#5290,#5291));
#5298 = FACE_OUTER_BOUND('',#5297,.T.);
#5299 = ADVANCED_FACE('',(#5298),#5296,.T.);
#5300 = CLOSED_SHELL('',(#5111,#5139,#5161,#5183,#5199,#5227,#5249,#5271,#5287,#5299));
#5301 = MANIFOLD_SOLID_BREP('',#5300);
#5302 = COLOUR_RGB('',0.7529411764705882,0.7529411764705882,0.7529411764705882);
#5303 = FILL_AREA_STYLE_COLOUR('',#5302);
#5304 = FILL_AREA_STYLE('',(#5303));
#5305 = SURFACE_STYLE_FILL_AREA(#5304);
#5306 = SURFACE_SIDE_STYLE('',(#5305));
#5307 = SURFACE_STYLE_USAGE(.BOTH.,#5306);
#5308 = PRESENTATION_STYLE_ASSIGNMENT((#5307));
#5309 = STYLED_ITEM('',(#5308),#5301);
#5310 = CARTESIAN_POINT('',(7.935000000000001,-0.315,7.4));
#5311 = VERTEX_POINT('',#5310);
#5312 = CARTESIAN_POINT('',(7.305000000000001,-0.315,7.4));
#5313 = VERTEX_POINT('',#5312);
#5314 = CARTESIAN_POINT('',(7.305000000000001,-0.315,2.));
#5315 = VERTEX_POINT('',#5314);
#5316 = CARTESIAN_POINT('',(7.935000000000001,-0.315,2.));
#5317 = VERTEX_POINT('',#5316);
#5318 = DIRECTION('',(1.,0.,0.));
#5319 = VECTOR('',#5318,1.);
#5320 = LINE('',#5312,#5319);
#5321 = EDGE_CURVE('',#5313,#5311,#5320,.T.);
#5322 = ORIENTED_EDGE('',*,*,#5321,.F.);
#5323 = DIRECTION('',(0.,0.,1.));
#5324 = VECTOR('',#5323,1.);
#5325 = LINE('',#5314,#5324);
#5326 = EDGE_CURVE('',#5315,#5313,#5325,.T.);
#5327 = ORIENTED_EDGE('',*,*,#5326,.F.);
#5328 = DIRECTION('',(1.,0.,0.));
#5329 = VECTOR('',#5328,1.);
#5330 = LINE('',#5314,#5329);
#5331 = EDGE_CURVE('',#5315,#5317,#5330,.T.);
#5332 = ORIENTED_EDGE('',*,*,#5331,.T.);
#5333 = DIRECTION('',(0.,0.,1.));
#5334 = VECTOR('',#5333,1.);
#5335 = LINE('',#5316,#5334);
#5336 = EDGE_CURVE('',#5317,#5311,#5335,.T.);
#5337 = ORIENTED_EDGE('',*,*,#5336,.T.);
#5338 = CARTESIAN_POINT('',(7.935000000000001,-0.315,7.4));
#5339 = DIRECTION('',(0.,-1.,0.));
#5340 = DIRECTION('',(-1.,0.,0.));
#5341 = AXIS2_PLACEMENT_3D('',#5338,#5339,#5340);
#5342 = PLANE('',#5341);
#5343 = EDGE_LOOP('',(#5322,#5327,#5332,#5337));
#5344 = FACE_OUTER_BOUND('',#5343,.T.);
#5345 = ADVANCED_FACE('',(#5344),#5342,.T.);
#5346 = CARTESIAN_POINT('',(7.305000000000001,0.315,2.));
#5347 = VERTEX_POINT('',#5346);
#5348 = CARTESIAN_POINT('',(7.305000000000001,0.315,7.4));
#5349 = VERTEX_POINT('',#5348);
#5350 = DIRECTION('',(0.,1.,0.));
#5351 = VECTOR('',#5350,1.);
#5352 = LINE('',#5314,#5351);
#5353 = EDGE_CURVE('',#5315,#5347,#5352,.T.);
#5354 = ORIENTED_EDGE('',*,*,#5353,.F.);
#5355 = ORIENTED_EDGE('',*,*,#5326,.T.);
#5356 = DIRECTION('',(0.,1.,0.));
#5357 = VECTOR('',#5356,1.);
#5358 = LINE('',#5312,#5357);
#5359 = EDGE_CURVE('',#5313,#5349,#5358,.T.);
#5360 = ORIENTED_EDGE('',*,*,#5359,.T.);
#5361 = DIRECTION('',(0.,0.,1.));
#5362 = VECTOR('',#5361,1.);
#5363 = LINE('',#5346,#5362);
#5364 = EDGE_CURVE('',#5347,#5349,#5363,.T.);
#5365 = ORIENTED_EDGE('',*,*,#5364,.F.);
#5366 = CARTESIAN_POINT('',(7.305000000000001,0.315,2.));
#5367 = DIRECTION('',(-1.,0.,0.));
#5368 = DIRECTION('',(0.,-1.,0.));
#5369 = AXIS2_PLACEMENT_3D('',#5366,#5367,#5368);
#5370 = PLANE('',#5369);
#5371 = EDGE_LOOP('',(#5354,#5355,#5360,#5365));
#5372 = FACE_OUTER_BOUND('',#5371,.T.);
#5373 = ADVANCED_FACE('',(#5372),#5370,.T.);
#5374 = CARTESIAN_POINT('',(7.935000000000001,0.315,2.));
#5375 = VERTEX_POINT('',#5374);
#5376 = DIRECTION('',(1.,0.,0.));
#5377 = VECTOR('',#5376,1.);
#5378 = LINE('',#5346,#5377);
#5379 = EDGE_CURVE('',#5347,#5375,#5378,.T.);
#5380 = ORIENTED_EDGE('',*,*,#5379,.T.);
#5381 = DIRECTION('',(0.,1.,0.));
#5382 = VECTOR('',#5381,1.);
#5383 = LINE('',#5316,#5382);
#5384 = EDGE_CURVE('',#5317,#5375,#5383,.T.);
#5385 = ORIENTED_EDGE('',*,*,#5384,.F.);
#5386 = ORIENTED_EDGE('',*,*,#5331,.F.);
#5387 = ORIENTED_EDGE('',*,*,#5353,.T.);
#5388 = CARTESIAN_POINT('',(7.305000000000001,0.315,2.));
#5389 = DIRECTION('',(0.,0.,-1.));
#5390 = DIRECTION('',(1.,0.,0.));
#5391 = AXIS2_PLACEMENT_3D('',#5388,#5389,#5390);
#5392 = PLANE('',#5391);
#5393 = EDGE_LOOP('',(#5380,#5385,#5386,#5387));
#5394 = FACE_OUTER_BOUND('',#5393,.T.);
#5395 = ADVANCED_FACE('',(#5394),#5392,.T.);
#5396 = CARTESIAN_POINT('',(7.795000000000001,-0.175,8.));
#5397 = VERTEX_POINT('',#5396);
#5398 = CARTESIAN_POINT('',(7.445000000000001,-0.175,8.));
#5399 = VERTEX_POINT('',#5398);
#5400 = DIRECTION('',(1.,0.,0.));
#5401 = VECTOR('',#5400,1.);
#5402 = LINE('',#5398,#5401);
#5403 = EDGE_CURVE('',#5399,#5397,#5402,.T.);
#5404 = ORIENTED_EDGE('',*,*,#5403,.F.);
#5405 = DIRECTION('',(0.22158112824152243,0.22158112824152154,0.9496334067493774));
#5406 = VECTOR('',#5405,1.);
#5407 = LINE('',#5312,#5406);
#5408 = EDGE_CURVE('',#5313,#5399,#5407,.T.);
#5409 = ORIENTED_EDGE('',*,*,#5408,.F.);
#5410 = ORIENTED_EDGE('',*,*,#5321,.T.);
#5411 = DIRECTION('',(0.22158112824152243,-0.22158112824152154,-0.9496334067493774));
#5412 = VECTOR('',#5411,1.);
#5413 = LINE('',#5396,#5412);
#5414 = EDGE_CURVE('',#5397,#5311,#5413,.T.);
#5415 = ORIENTED_EDGE('',*,*,#5414,.F.);
#5416 = CARTESIAN_POINT('',(7.795000000000001,-0.175,8.));
#5417 = DIRECTION('',(0.,-0.9738412097417931,0.22722961560641877));
#5418 = DIRECTION('',(-1.,0.,0.));
#5419 = AXIS2_PLACEMENT_3D('',#5416,#5417,#5418);
#5420 = PLANE('',#5419);
#5421 = EDGE_LOOP('',(#5404,#5409,#5410,#5415));
#5422 = FACE_OUTER_BOUND('',#5421,.T.);
#5423 = ADVANCED_FACE('',(#5422),#5420,.T.);
#5424 = CARTESIAN_POINT('',(7.935000000000001,0.315,7.4));
#5425 = VERTEX_POINT('',#5424);
#5426 = DIRECTION('',(0.,0.,1.));
#5427 = VECTOR('',#5426,1.);
#5428 = LINE('',#5374,#5427);
#5429 = EDGE_CURVE('',#5375,#5425,#5428,.T.);
#5430 = ORIENTED_EDGE('',*,*,#5429,.F.);
#5431 = ORIENTED_EDGE('',*,*,#5379,.F.);
#5432 = ORIENTED_EDGE('',*,*,#5364,.T.);
#5433 = DIRECTION('',(1.,0.,0.));
#5434 = VECTOR('',#5433,1.);
#5435 = LINE('',#5348,#5434);
#5436 = EDGE_CURVE('',#5349,#5425,#5435,.T.);
#5437 = ORIENTED_EDGE('',*,*,#5436,.T.);
#5438 = CARTESIAN_POINT('',(7.935000000000001,0.315,7.4));
#5439 = DIRECTION('',(0.,1.,0.));
#5440 = DIRECTION('',(0.,0.,-1.));
#5441 = AXIS2_PLACEMENT_3D('',#5438,#5439,#5440);
#5442 = PLANE('',#5441);
#5443 = EDGE_LOOP('',(#5430,#5431,#5432,#5437));
#5444 = FACE_OUTER_BOUND('',#5443,.T.);
#5445 = ADVANCED_FACE('',(#5444),#5442,.T.);
#5446 = CARTESIAN_POINT('',(7.795000000000001,0.175,8.));
#5447 = VERTEX_POINT('',#5446);
#5448 = DIRECTION('',(0.22158112824152243,0.22158112824152154,-0.9496334067493774));
#5449 = VECTOR('',#5448,1.);
#5450 = LINE('',#5446,#5449);
#5451 = EDGE_CURVE('',#5447,#5425,#5450,.T.);
#5452 = ORIENTED_EDGE('',*,*,#5451,.F.);
#5453 = DIRECTION('',(0.,1.,0.));
#5454 = VECTOR('',#5453,1.);
#5455 = LINE('',#5396,#5454);
#5456 = EDGE_CURVE('',#5397,#5447,#5455,.T.);
#5457 = ORIENTED_EDGE('',*,*,#5456,.F.);
#5458 = ORIENTED_EDGE('',*,*,#5414,.T.);
#5459 = DIRECTION('',(0.,1.,0.));
#5460 = VECTOR('',#5459,1.);
#5461 = LINE('',#5310,#5460);
#5462 = EDGE_CURVE('',#5311,#5425,#5461,.T.);
#5463 = ORIENTED_EDGE('',*,*,#5462,.T.);
#5464 = CARTESIAN_POINT('',(7.935000000000001,0.315,7.4));
#5465 = DIRECTION('',(0.9738412097417932,0.,0.22722961560641894));
#5466 = DIRECTION('',(-0.22158112824152243,-0.22158112824152154,0.9496334067493774));
#5467 = AXIS2_PLACEMENT_3D('',#5464,#5465,#5466);
#5468 = PLANE('',#5467);
#5469 = EDGE_LOOP('',(#5452,#5457,#5458,#5463));
#5470 = FACE_OUTER_BOUND('',#5469,.T.);
#5471 = ADVANCED_FACE('',(#5470),#5468,.T.);
#5472 = ORIENTED_EDGE('',*,*,#5462,.F.);
#5473 = ORIENTED_EDGE('',*,*,#5336,.F.);
#5474 = ORIENTED_EDGE('',*,*,#5384,.T.);
#5475 = ORIENTED_EDGE('',*,*,#5429,.T.);
#5476 = CARTESIAN_POINT('',(7.935000000000001,0.315,7.4));
#5477 = DIRECTION('',(1.,0.,0.));
#5478 = DIRECTION('',(0.,-1.,0.));
#5479 = AXIS2_PLACEMENT_3D('',#5476,#5477,#5478);
#5480 = PLANE('',#5479);
#5481 = EDGE_LOOP('',(#5472,#5473,#5474,#5475));
#5482 = FACE_OUTER_BOUND('',#5481,.T.);
#5483 = ADVANCED_FACE('',(#5482),#5480,.T.);
#5484 = CARTESIAN_POINT('',(7.445000000000001,0.175,8.));
#5485 = VERTEX_POINT('',#5484);
#5486 = DIRECTION('',(0.,1.,0.));
#5487 = VECTOR('',#5486,1.);
#5488 = LINE('',#5398,#5487);
#5489 = EDGE_CURVE('',#5399,#5485,#5488,.T.);
#5490 = ORIENTED_EDGE('',*,*,#5489,.F.);
#5491 = ORIENTED_EDGE('',*,*,#5403,.T.);
#5492 = ORIENTED_EDGE('',*,*,#5456,.T.);
#5493 = DIRECTION('',(1.,0.,0.));
#5494 = VECTOR('',#5493,1.);
#5495 = LINE('',#5484,#5494);
#5496 = EDGE_CURVE('',#5485,#5447,#5495,.T.);
#5497 = ORIENTED_EDGE('',*,*,#5496,.F.);
#5498 = CARTESIAN_POINT('',(7.445000000000001,0.175,8.));
#5499 = DIRECTION('',(0.,0.,1.));
#5500 = DIRECTION('',(0.,-1.,0.));
#5501 = AXIS2_PLACEMENT_3D('',#5498,#5499,#5500);
#5502 = PLANE('',#5501);
#5503 = EDGE_LOOP('',(#5490,#5491,#5492,#5497));
#5504 = FACE_OUTER_BOUND('',#5503,.T.);
#5505 = ADVANCED_FACE('',(#5504),#5502,.T.);
#5506 = ORIENTED_EDGE('',*,*,#5496,.T.);
#5507 = ORIENTED_EDGE('',*,*,#5451,.T.);
#5508 = ORIENTED_EDGE('',*,*,#5436,.F.);
#5509 = DIRECTION('',(0.22158112824152243,-0.22158112824152154,0.9496334067493774));
#5510 = VECTOR('',#5509,1.);
#5511 = LINE('',#5348,#5510);
#5512 = EDGE_CURVE('',#5349,#5485,#5511,.T.);
#5513 = ORIENTED_EDGE('',*,*,#5512,.T.);
#5514 = CARTESIAN_POINT('',(7.445000000000001,0.175,8.));
#5515 = DIRECTION('',(0.,0.9738412097417931,0.22722961560641877));
#5516 = DIRECTION('',(1.,0.,0.));
#5517 = AXIS2_PLACEMENT_3D('',#5514,#5515,#5516);
#5518 = PLANE('',#5517);
#5519 = EDGE_LOOP('',(#5506,#5507,#5508,#5513));
#5520 = FACE_OUTER_BOUND('',#5519,.T.);
#5521 = ADVANCED_FACE('',(#5520),#5518,.T.);
#5522 = ORIENTED_EDGE('',*,*,#5512,.F.);
#5523 = ORIENTED_EDGE('',*,*,#5359,.F.);
#5524 = ORIENTED_EDGE('',*,*,#5408,.T.);
#5525 = ORIENTED_EDGE('',*,*,#5489,.T.);
#5526 = CARTESIAN_POINT('',(7.445000000000001,0.175,8.));
#5527 = DIRECTION('',(-0.9738412097417932,0.,0.22722961560641894));
#5528 = DIRECTION('',(-0.22158112824152243,0.22158112824152154,-0.9496334067493774));
#5529 = AXIS2_PLACEMENT_3D('',#5526,#5527,#5528);
#5530 = PLANE('',#5529);
#5531 = EDGE_LOOP('',(#5522,#5523,#5524,#5525));
#5532 = FACE_OUTER_BOUND('',#5531,.T.);
#5533 = ADVANCED_FACE('',(#5532),#5530,.T.);
#5534 = CLOSED_SHELL('',(#5345,#5373,#5395,#5423,#5445,#5471,#5483,#5505,#5521,#5533));
#5535 = MANIFOLD_SOLID_BREP('',#5534);
#5536 = COLOUR_RGB('',0.7529411764705882,0.7529411764705882,0.7529411764705882);
#5537 = FILL_AREA_STYLE_COLOUR('',#5536);
#5538 = FILL_AREA_STYLE('',(#5537));
#5539 = SURFACE_STYLE_FILL_AREA(#5538);
#5540 = SURFACE_SIDE_STYLE('',(#5539));
#5541 = SURFACE_STYLE_USAGE(.BOTH.,#5540);
#5542 = PRESENTATION_STYLE_ASSIGNMENT((#5541));
#5543 = STYLED_ITEM('',(#5542),#5535);
#5544 = CARTESIAN_POINT('',(8.89,-1.27,0.));
#5545 = VERTEX_POINT('',#5544);
#5546 = CARTESIAN_POINT('',(8.89,-1.27,2.));
#5547 = VERTEX_POINT('',#5546);
#5548 = CARTESIAN_POINT('',(8.89,1.27,2.));
#5549 = VERTEX_POINT('',#5548);
#5550 = CARTESIAN_POINT('',(8.89,1.27,0.));
#5551 = VERTEX_POINT('',#5550);
#5552 = DIRECTION('',(0.,0.,1.));
#5553 = VECTOR('',#5552,1.);
#5554 = LINE('',#5544,#5553);
#5555 = EDGE_CURVE('',#5545,#5547,#5554,.T.);
#5556 = ORIENTED_EDGE('',*,*,#5555,.T.);
#5557 = DIRECTION('',(0.,1.,0.));
#5558 = VECTOR('',#5557,1.);
#5559 = LINE('',#5546,#5558);
#5560 = EDGE_CURVE('',#5547,#5549,#5559,.T.);
#5561 = ORIENTED_EDGE('',*,*,#5560,.T.);
#5562 = DIRECTION('',(0.,0.,1.));
#5563 = VECTOR('',#5562,1.);
#5564 = LINE('',#5550,#5563);
#5565 = EDGE_CURVE('',#5551,#5549,#5564,.T.);
#5566 = ORIENTED_EDGE('',*,*,#5565,.F.);
#5567 = DIRECTION('',(0.,1.,0.));
#5568 = VECTOR('',#5567,1.);
#5569 = LINE('',#5544,#5568);
#5570 = EDGE_CURVE('',#5545,#5551,#5569,.T.);
#5571 = ORIENTED_EDGE('',*,*,#5570,.F.);
#5572 = CARTESIAN_POINT('',(8.89,-1.27,0.));
#5573 = DIRECTION('',(-1.,0.,0.));
#5574 = DIRECTION('',(0.,0.,1.));
#5575 = AXIS2_PLACEMENT_3D('',#5572,#5573,#5574);
#5576 = PLANE('',#5575);
#5577 = EDGE_LOOP('',(#5556,#5561,#5566,#5571));
#5578 = FACE_OUTER_BOUND('',#5577,.T.);
#5579 = ADVANCED_FACE('',(#5578),#5576,.T.);
#5580 = CARTESIAN_POINT('',(11.43,-1.27,0.));
#5581 = VERTEX_POINT('',#5580);
#5582 = CARTESIAN_POINT('',(11.43,1.27,0.));
#5583 = VERTEX_POINT('',#5582);
#5584 = CARTESIAN_POINT('',(11.43,1.27,2.));
#5585 = VERTEX_POINT('',#5584);
#5586 = CARTESIAN_POINT('',(11.43,-1.27,2.));
#5587 = VERTEX_POINT('',#5586);
#5588 = DIRECTION('',(0.,1.,0.));
#5589 = VECTOR('',#5588,1.);
#5590 = LINE('',#5580,#5589);
#5591 = EDGE_CURVE('',#5581,#5583,#5590,.T.);
#5592 = ORIENTED_EDGE('',*,*,#5591,.T.);
#5593 = DIRECTION('',(0.,0.,1.));
#5594 = VECTOR('',#5593,1.);
#5595 = LINE('',#5582,#5594);
#5596 = EDGE_CURVE('',#5583,#5585,#5595,.T.);
#5597 = ORIENTED_EDGE('',*,*,#5596,.T.);
#5598 = DIRECTION('',(0.,1.,0.));
#5599 = VECTOR('',#5598,1.);
#5600 = LINE('',#5586,#5599);
#5601 = EDGE_CURVE('',#5587,#5585,#5600,.T.);
#5602 = ORIENTED_EDGE('',*,*,#5601,.F.);
#5603 = DIRECTION('',(0.,0.,1.));
#5604 = VECTOR('',#5603,1.);
#5605 = LINE('',#5580,#5604);
#5606 = EDGE_CURVE('',#5581,#5587,#5605,.T.);
#5607 = ORIENTED_EDGE('',*,*,#5606,.F.);
#5608 = CARTESIAN_POINT('',(11.43,-1.27,0.));
#5609 = DIRECTION('',(1.,0.,0.));
#5610 = DIRECTION('',(0.,1.,0.));
#5611 = AXIS2_PLACEMENT_3D('',#5608,#5609,#5610);
#5612 = PLANE('',#5611);
#5613 = EDGE_LOOP('',(#5592,#5597,#5602,#5607));
#5614 = FACE_OUTER_BOUND('',#5613,.T.);
#5615 = ADVANCED_FACE('',(#5614),#5612,.T.);
#5616 = DIRECTION('',(-1.,0.,0.));
#5617 = VECTOR('',#5616,1.);
#5618 = LINE('',#5580,#5617);
#5619 = EDGE_CURVE('',#5581,#5545,#5618,.T.);
#5620 = ORIENTED_EDGE('',*,*,#5619,.F.);
#5621 = ORIENTED_EDGE('',*,*,#5606,.T.);
#5622 = DIRECTION('',(-1.,0.,0.));
#5623 = VECTOR('',#5622,1.);
#5624 = LINE('',#5586,#5623);
#5625 = EDGE_CURVE('',#5587,#5547,#5624,.T.);
#5626 = ORIENTED_EDGE('',*,*,#5625,.T.);
#5627 = ORIENTED_EDGE('',*,*,#5555,.F.);
#5628 = CARTESIAN_POINT('',(8.89,-1.27,0.));
#5629 = DIRECTION('',(0.,-1.,0.));
#5630 = DIRECTION('',(1.,0.,0.));
#5631 = AXIS2_PLACEMENT_3D('',#5628,#5629,#5630);
#5632 = PLANE('',#5631);
#5633 = EDGE_LOOP('',(#5620,#5621,#5626,#5627));
#5634 = FACE_OUTER_BOUND('',#5633,.T.);
#5635 = ADVANCED_FACE('',(#5634),#5632,.T.);
#5636 = ORIENTED_EDGE('',*,*,#5565,.T.);
#5637 = DIRECTION('',(-1.,0.,0.));
#5638 = VECTOR('',#5637,1.);
#5639 = LINE('',#5584,#5638);
#5640 = EDGE_CURVE('',#5585,#5549,#5639,.T.);
#5641 = ORIENTED_EDGE('',*,*,#5640,.F.);
#5642 = ORIENTED_EDGE('',*,*,#5596,.F.);
#5643 = DIRECTION('',(-1.,0.,0.));
#5644 = VECTOR('',#5643,1.);
#5645 = LINE('',#5582,#5644);
#5646 = EDGE_CURVE('',#5583,#5551,#5645,.T.);
#5647 = ORIENTED_EDGE('',*,*,#5646,.T.);
#5648 = CARTESIAN_POINT('',(8.89,1.27,0.));
#5649 = DIRECTION('',(0.,1.,0.));
#5650 = DIRECTION('',(0.,0.,1.));
#5651 = AXIS2_PLACEMENT_3D('',#5648,#5649,#5650);
#5652 = PLANE('',#5651);
#5653 = EDGE_LOOP('',(#5636,#5641,#5642,#5647));
#5654 = FACE_OUTER_BOUND('',#5653,.T.);
#5655 = ADVANCED_FACE('',(#5654),#5652,.T.);
#5656 = ORIENTED_EDGE('',*,*,#5570,.T.);
#5657 = ORIENTED_EDGE('',*,*,#5646,.F.);
#5658 = ORIENTED_EDGE('',*,*,#5591,.F.);
#5659 = ORIENTED_EDGE('',*,*,#5619,.T.);
#5660 = CARTESIAN_POINT('',(8.89,-1.27,0.));
#5661 = DIRECTION('',(0.,0.,-1.));
#5662 = DIRECTION('',(0.,1.,0.));
#5663 = AXIS2_PLACEMENT_3D('',#5660,#5661,#5662);
#5664 = PLANE('',#5663);
#5665 = EDGE_LOOP('',(#5656,#5657,#5658,#5659));
#5666 = FACE_OUTER_BOUND('',#5665,.T.);
#5667 = ADVANCED_FACE('',(#5666),#5664,.T.);
#5668 = ORIENTED_EDGE('',*,*,#5625,.F.);
#5669 = ORIENTED_EDGE('',*,*,#5601,.T.);
#5670 = ORIENTED_EDGE('',*,*,#5640,.T.);
#5671 = ORIENTED_EDGE('',*,*,#5560,.F.);
#5672 = CARTESIAN_POINT('',(8.89,-1.27,2.));
#5673 = DIRECTION('',(0.,0.,1.));
#5674 = DIRECTION('',(1.,0.,0.));
#5675 = AXIS2_PLACEMENT_3D('',#5672,#5673,#5674);
#5676 = PLANE('',#5675);
#5677 = EDGE_LOOP('',(#5668,#5669,#5670,#5671));
#5678 = FACE_OUTER_BOUND('',#5677,.T.);
#5679 = ADVANCED_FACE('',(#5678),#5676,.T.);
#5680 = CLOSED_SHELL('',(#5579,#5615,#5635,#5655,#5667,#5679));
#5681 = MANIFOLD_SOLID_BREP('',#5680);
#5682 = COLOUR_RGB('',0.13333333333333333,0.13333333333333333,0.13333333333333333);
#5683 = FILL_AREA_STYLE_COLOUR('',#5682);
#5684 = FILL_AREA_STYLE('',(#5683));
#5685 = SURFACE_STYLE_FILL_AREA(#5684);
#5686 = SURFACE_SIDE_STYLE('',(#5685));
#5687 = SURFACE_STYLE_USAGE(.BOTH.,#5686);
#5688 = PRESENTATION_STYLE_ASSIGNMENT((#5687));
#5689 = STYLED_ITEM('',(#5688),#5681);
#5690 = CARTESIAN_POINT('',(10.475,-0.315,0.5500000000000003));
#5691 = VERTEX_POINT('',#5690);
#5692 = CARTESIAN_POINT('',(9.845,-0.315,0.5500000000000003));
#5693 = VERTEX_POINT('',#5692);
#5694 = CARTESIAN_POINT('',(9.845,-0.315,-2.15));
#5695 = VERTEX_POINT('',#5694);
#5696 = CARTESIAN_POINT('',(10.475,-0.315,-2.15));
#5697 = VERTEX_POINT('',#5696);
#5698 = DIRECTION('',(-1.,0.,0.));
#5699 = VECTOR('',#5698,1.);
#5700 = LINE('',#5690,#5699);
#5701 = EDGE_CURVE('',#5691,#5693,#5700,.T.);
#5702 = ORIENTED_EDGE('',*,*,#5701,.T.);
#5703 = DIRECTION('',(0.,0.,1.));
#5704 = VECTOR('',#5703,1.);
#5705 = LINE('',#5694,#5704);
#5706 = EDGE_CURVE('',#5695,#5693,#5705,.T.);
#5707 = ORIENTED_EDGE('',*,*,#5706,.F.);
#5708 = DIRECTION('',(-1.,0.,0.));
#5709 = VECTOR('',#5708,1.);
#5710 = LINE('',#5696,#5709);
#5711 = EDGE_CURVE('',#5697,#5695,#5710,.T.);
#5712 = ORIENTED_EDGE('',*,*,#5711,.F.);
#5713 = DIRECTION('',(0.,0.,1.));
#5714 = VECTOR('',#5713,1.);
#5715 = LINE('',#5696,#5714);
#5716 = EDGE_CURVE('',#5697,#5691,#5715,.T.);
#5717 = ORIENTED_EDGE('',*,*,#5716,.T.);
#5718 = CARTESIAN_POINT('',(10.475,-0.315,0.5500000000000003));
#5719 = DIRECTION('',(0.,-1.,0.));
#5720 = DIRECTION('',(-1.,0.,0.));
#5721 = AXIS2_PLACEMENT_3D('',#5718,#5719,#5720);
#5722 = PLANE('',#5721);
#5723 = EDGE_LOOP('',(#5702,#5707,#5712,#5717));
#5724 = FACE_OUTER_BOUND('',#5723,.T.);
#5725 = ADVANCED_FACE('',(#5724),#5722,.T.);
#5726 = CARTESIAN_POINT('',(10.475,0.315,-2.15));
#5727 = VERTEX_POINT('',#5726);
#5728 = CARTESIAN_POINT('',(10.475,0.315,0.5500000000000003));
#5729 = VERTEX_POINT('',#5728);
#5730 = ORIENTED_EDGE('',*,*,#5716,.F.);
#5731 = DIRECTION('',(0.,1.,0.));
#5732 = VECTOR('',#5731,1.);
#5733 = LINE('',#5696,#5732);
#5734 = EDGE_CURVE('',#5697,#5727,#5733,.T.);
#5735 = ORIENTED_EDGE('',*,*,#5734,.T.);
#5736 = DIRECTION('',(0.,0.,1.));
#5737 = VECTOR('',#5736,1.);
#5738 = LINE('',#5726,#5737);
#5739 = EDGE_CURVE('',#5727,#5729,#5738,.T.);
#5740 = ORIENTED_EDGE('',*,*,#5739,.T.);
#5741 = DIRECTION('',(0.,1.,0.));
#5742 = VECTOR('',#5741,1.);
#5743 = LINE('',#5690,#5742);
#5744 = EDGE_CURVE('',#5691,#5729,#5743,.T.);
#5745 = ORIENTED_EDGE('',*,*,#5744,.F.);
#5746 = CARTESIAN_POINT('',(10.475,-0.315,0.5500000000000003));
#5747 = DIRECTION('',(1.,0.,0.));
#5748 = DIRECTION('',(0.,0.,-1.));
#5749 = AXIS2_PLACEMENT_3D('',#5746,#5747,#5748);
#5750 = PLANE('',#5749);
#5751 = EDGE_LOOP('',(#5730,#5735,#5740,#5745));
#5752 = FACE_OUTER_BOUND('',#5751,.T.);
#5753 = ADVANCED_FACE('',(#5752),#5750,.T.);
#5754 = CARTESIAN_POINT('',(10.335,-0.175,-2.5));
#5755 = VERTEX_POINT('',#5754);
#5756 = CARTESIAN_POINT('',(9.985,-0.175,-2.5));
#5757 = VERTEX_POINT('',#5756);
#5758 = DIRECTION('',(0.34815531191139293,-0.348155311911396,0.87038827977849));
#5759 = VECTOR('',#5758,1.);
#5760 = LINE('',#5754,#5759);
#5761 = EDGE_CURVE('',#5755,#5697,#5760,.T.);
#5762 = ORIENTED_EDGE('',*,*,#5761,.T.);
#5763 = ORIENTED_EDGE('',*,*,#5711,.T.);
#5764 = DIRECTION('',(0.34815531191139293,0.348155311911396,-0.87038827977849));
#5765 = VECTOR('',#5764,1.);
#5766 = LINE('',#5694,#5765);
#5767 = EDGE_CURVE('',#5695,#5757,#5766,.T.);
#5768 = ORIENTED_EDGE('',*,*,#5767,.T.);
#5769 = DIRECTION('',(-1.,0.,0.));
#5770 = VECTOR('',#5769,1.);
#5771 = LINE('',#5754,#5770);
#5772 = EDGE_CURVE('',#5755,#5757,#5771,.T.);
#5773 = ORIENTED_EDGE('',*,*,#5772,.F.);
#5774 = CARTESIAN_POINT('',(10.335,-0.175,-2.5));
#5775 = DIRECTION('',(0.,-0.9284766908852599,-0.371390676354102));
#5776 = DIRECTION('',(0.34815531191139293,-0.348155311911396,0.87038827977849));
#5777 = AXIS2_PLACEMENT_3D('',#5774,#5775,#5776);
#5778 = PLANE('',#5777);
#5779 = EDGE_LOOP('',(#5762,#5763,#5768,#5773));
#5780 = FACE_OUTER_BOUND('',#5779,.T.);
#5781 = ADVANCED_FACE('',(#5780),#5778,.T.);
#5782 = CARTESIAN_POINT('',(9.845,0.315,0.5500000000000003));
#5783 = VERTEX_POINT('',#5782);
#5784 = CARTESIAN_POINT('',(9.845,0.315,-2.15));
#5785 = VERTEX_POINT('',#5784);
#5786 = DIRECTION('',(-1.,0.,0.));
#5787 = VECTOR('',#5786,1.);
#5788 = LINE('',#5728,#5787);
#5789 = EDGE_CURVE('',#5729,#5783,#5788,.T.);
#5790 = ORIENTED_EDGE('',*,*,#5789,.F.);
#5791 = ORIENTED_EDGE('',*,*,#5739,.F.);
#5792 = DIRECTION('',(-1.,0.,0.));
#5793 = VECTOR('',#5792,1.);
#5794 = LINE('',#5726,#5793);
#5795 = EDGE_CURVE('',#5727,#5785,#5794,.T.);
#5796 = ORIENTED_EDGE('',*,*,#5795,.T.);
#5797 = DIRECTION('',(0.,0.,1.));
#5798 = VECTOR('',#5797,1.);
#5799 = LINE('',#5784,#5798);
#5800 = EDGE_CURVE('',#5785,#5783,#5799,.T.);
#5801 = ORIENTED_EDGE('',*,*,#5800,.T.);
#5802 = CARTESIAN_POINT('',(9.845,0.315,0.5500000000000003));
#5803 = DIRECTION('',(0.,1.,0.));
#5804 = DIRECTION('',(1.,0.,0.));
#5805 = AXIS2_PLACEMENT_3D('',#5802,#5803,#5804);
#5806 = PLANE('',#5805);
#5807 = EDGE_LOOP('',(#5790,#5791,#5796,#5801));
#5808 = FACE_OUTER_BOUND('',#5807,.T.);
#5809 = ADVANCED_FACE('',(#5808),#5806,.T.);
#5810 = ORIENTED_EDGE('',*,*,#5800,.F.);
#5811 = DIRECTION('',(0.,1.,0.));
#5812 = VECTOR('',#5811,1.);
#5813 = LINE('',#5694,#5812);
#5814 = EDGE_CURVE('',#5695,#5785,#5813,.T.);
#5815 = ORIENTED_EDGE('',*,*,#5814,.F.);
#5816 = ORIENTED_EDGE('',*,*,#5706,.T.);
#5817 = DIRECTION('',(0.,1.,0.));
#5818 = VECTOR('',#5817,1.);
#5819 = LINE('',#5692,#5818);
#5820 = EDGE_CURVE('',#5693,#5783,#5819,.T.);
#5821 = ORIENTED_EDGE('',*,*,#5820,.T.);
#5822 = CARTESIAN_POINT('',(9.845,0.315,0.5500000000000003));
#5823 = DIRECTION('',(-1.,0.,0.));
#5824 = DIRECTION('',(0.,0.,-1.));
#5825 = AXIS2_PLACEMENT_3D('',#5822,#5823,#5824);
#5826 = PLANE('',#5825);
#5827 = EDGE_LOOP('',(#5810,#5815,#5816,#5821));
#5828 = FACE_OUTER_BOUND('',#5827,.T.);
#5829 = ADVANCED_FACE('',(#5828),#5826,.T.);
#5830 = ORIENTED_EDGE('',*,*,#5820,.F.);
#5831 = ORIENTED_EDGE('',*,*,#5701,.F.);
#5832 = ORIENTED_EDGE('',*,*,#5744,.T.);
#5833 = ORIENTED_EDGE('',*,*,#5789,.T.);
#5834 = CARTESIAN_POINT('',(9.845,0.315,0.5500000000000003));
#5835 = DIRECTION('',(0.,0.,1.));
#5836 = DIRECTION('',(0.,-1.,0.));
#5837 = AXIS2_PLACEMENT_3D('',#5834,#5835,#5836);
#5838 = PLANE('',#5837);
#5839 = EDGE_LOOP('',(#5830,#5831,#5832,#5833));
#5840 = FACE_OUTER_BOUND('',#5839,.T.);
#5841 = ADVANCED_FACE('',(#5840),#5838,.T.);
#5842 = CARTESIAN_POINT('',(10.335,0.175,-2.5));
#5843 = VERTEX_POINT('',#5842);
#5844 = DIRECTION('',(0.34815531191139293,0.348155311911396,0.87038827977849));
#5845 = VECTOR('',#5844,1.);
#5846 = LINE('',#5842,#5845);
#5847 = EDGE_CURVE('',#5843,#5727,#5846,.T.);
#5848 = ORIENTED_EDGE('',*,*,#5847,.T.);
#5849 = ORIENTED_EDGE('',*,*,#5734,.F.);
#5850 = ORIENTED_EDGE('',*,*,#5761,.F.);
#5851 = DIRECTION('',(0.,1.,0.));
#5852 = VECTOR('',#5851,1.);
#5853 = LINE('',#5754,#5852);
#5854 = EDGE_CURVE('',#5755,#5843,#5853,.T.);
#5855 = ORIENTED_EDGE('',*,*,#5854,.T.);
#5856 = CARTESIAN_POINT('',(10.335,0.175,-2.5));
#5857 = DIRECTION('',(0.9284766908852604,0.,-0.37139067635410056));
#5858 = DIRECTION('',(0.34815531191139293,0.348155311911396,0.87038827977849));
#5859 = AXIS2_PLACEMENT_3D('',#5856,#5857,#5858);
#5860 = PLANE('',#5859);
#5861 = EDGE_LOOP('',(#5848,#5849,#5850,#5855));
#5862 = FACE_OUTER_BOUND('',#5861,.T.);
#5863 = ADVANCED_FACE('',(#5862),#5860,.T.);
#5864 = CARTESIAN_POINT('',(9.985,0.175,-2.5));
#5865 = VERTEX_POINT('',#5864);
#5866 = DIRECTION('',(0.34815531191139293,-0.348155311911396,-0.87038827977849));
#5867 = VECTOR('',#5866,1.);
#5868 = LINE('',#5784,#5867);
#5869 = EDGE_CURVE('',#5785,#5865,#5868,.T.);
#5870 = ORIENTED_EDGE('',*,*,#5869,.F.);
#5871 = ORIENTED_EDGE('',*,*,#5795,.F.);
#5872 = ORIENTED_EDGE('',*,*,#5847,.F.);
#5873 = DIRECTION('',(-1.,0.,0.));
#5874 = VECTOR('',#5873,1.);
#5875 = LINE('',#5842,#5874);
#5876 = EDGE_CURVE('',#5843,#5865,#5875,.T.);
#5877 = ORIENTED_EDGE('',*,*,#5876,.T.);
#5878 = CARTESIAN_POINT('',(9.985,0.175,-2.5));
#5879 = DIRECTION('',(0.,0.9284766908852599,-0.371390676354102));
#5880 = DIRECTION('',(-0.34815531191139293,0.348155311911396,0.87038827977849));
#5881 = AXIS2_PLACEMENT_3D('',#5878,#5879,#5880);
#5882 = PLANE('',#5881);
#5883 = EDGE_LOOP('',(#5870,#5871,#5872,#5877));
#5884 = FACE_OUTER_BOUND('',#5883,.T.);
#5885 = ADVANCED_FACE('',(#5884),#5882,.T.);
#5886 = ORIENTED_EDGE('',*,*,#5876,.F.);
#5887 = ORIENTED_EDGE('',*,*,#5854,.F.);
#5888 = ORIENTED_EDGE('',*,*,#5772,.T.);
#5889 = DIRECTION('',(0.,1.,0.));
#5890 = VECTOR('',#5889,1.);
#5891 = LINE('',#5756,#5890);
#5892 = EDGE_CURVE('',#5757,#5865,#5891,.T.);
#5893 = ORIENTED_EDGE('',*,*,#5892,.T.);
#5894 = CARTESIAN_POINT('',(9.985,0.175,-2.5));
#5895 = DIRECTION('',(0.,0.,-1.));
#5896 = DIRECTION('',(1.,0.,0.));
#5897 = AXIS2_PLACEMENT_3D('',#5894,#5895,#5896);
#5898 = PLANE('',#5897);
#5899 = EDGE_LOOP('',(#5886,#5887,#5888,#5893));
#5900 = FACE_OUTER_BOUND('',#5899,.T.);
#5901 = ADVANCED_FACE('',(#5900),#5898,.T.);
#5902 = ORIENTED_EDGE('',*,*,#5892,.F.);
#5903 = ORIENTED_EDGE('',*,*,#5767,.F.);
#5904 = ORIENTED_EDGE('',*,*,#5814,.T.);
#5905 = ORIENTED_EDGE('',*,*,#5869,.T.);
#5906 = CARTESIAN_POINT('',(9.985,0.175,-2.5));
#5907 = DIRECTION('',(-0.9284766908852605,0.,-0.3713906763541007));
#5908 = DIRECTION('',(0.,-1.,0.));
#5909 = AXIS2_PLACEMENT_3D('',#5906,#5907,#5908);
#5910 = PLANE('',#5909);
#5911 = EDGE_LOOP('',(#5902,#5903,#5904,#5905));
#5912 = FACE_OUTER_BOUND('',#5911,.T.);
#5913 = ADVANCED_FACE('',(#5912),#5910,.T.);
#5914 = CLOSED_SHELL('',(#5725,#5753,#5781,#5809,#5829,#5841,#5863,#5885,#5901,#5913));
#5915 = MANIFOLD_SOLID_BREP('',#5914);
#5916 = COLOUR_RGB('',0.7529411764705882,0.7529411764705882,0.7529411764705882);
#5917 = FILL_AREA_STYLE_COLOUR('',#5916);
#5918 = FILL_AREA_STYLE('',(#5917));
#5919 = SURFACE_STYLE_FILL_AREA(#5918);
#5920 = SURFACE_SIDE_STYLE('',(#5919));
#5921 = SURFACE_STYLE_USAGE(.BOTH.,#5920);
#5922 = PRESENTATION_STYLE_ASSIGNMENT((#5921));
#5923 = STYLED_ITEM('',(#5922),#5915);
#5924 = CARTESIAN_POINT('',(10.475,-0.315,2.));
#5925 = VERTEX_POINT('',#5924);
#5926 = CARTESIAN_POINT('',(10.475,-0.315,7.4));
#5927 = VERTEX_POINT('',#5926);
#5928 = CARTESIAN_POINT('',(9.845,-0.315,7.4));
#5929 = VERTEX_POINT('',#5928);
#5930 = CARTESIAN_POINT('',(9.845,-0.315,2.));
#5931 = VERTEX_POINT('',#5930);
#5932 = DIRECTION('',(0.,0.,1.));
#5933 = VECTOR('',#5932,1.);
#5934 = LINE('',#5924,#5933);
#5935 = EDGE_CURVE('',#5925,#5927,#5934,.T.);
#5936 = ORIENTED_EDGE('',*,*,#5935,.T.);
#5937 = DIRECTION('',(-1.,0.,0.));
#5938 = VECTOR('',#5937,1.);
#5939 = LINE('',#5926,#5938);
#5940 = EDGE_CURVE('',#5927,#5929,#5939,.T.);
#5941 = ORIENTED_EDGE('',*,*,#5940,.T.);
#5942 = DIRECTION('',(0.,0.,1.));
#5943 = VECTOR('',#5942,1.);
#5944 = LINE('',#5930,#5943);
#5945 = EDGE_CURVE('',#5931,#5929,#5944,.T.);
#5946 = ORIENTED_EDGE('',*,*,#5945,.F.);
#5947 = DIRECTION('',(-1.,0.,0.));
#5948 = VECTOR('',#5947,1.);
#5949 = LINE('',#5924,#5948);
#5950 = EDGE_CURVE('',#5925,#5931,#5949,.T.);
#5951 = ORIENTED_EDGE('',*,*,#5950,.F.);
#5952 = CARTESIAN_POINT('',(10.475,-0.315,2.));
#5953 = DIRECTION('',(0.,-1.,0.));
#5954 = DIRECTION('',(0.,0.,1.));
#5955 = AXIS2_PLACEMENT_3D('',#5952,#5953,#5954);
#5956 = PLANE('',#5955);
#5957 = EDGE_LOOP('',(#5936,#5941,#5946,#5951));
#5958 = FACE_OUTER_BOUND('',#5957,.T.);
#5959 = ADVANCED_FACE('',(#5958),#5956,.T.);
#5960 = CARTESIAN_POINT('',(10.475,0.315,7.4));
#5961 = VERTEX_POINT('',#5960);
#5962 = CARTESIAN_POINT('',(10.475,0.315,2.));
#5963 = VERTEX_POINT('',#5962);
#5964 = DIRECTION('',(0.,1.,0.));
#5965 = VECTOR('',#5964,1.);
#5966 = LINE('',#5926,#5965);
#5967 = EDGE_CURVE('',#5927,#5961,#5966,.T.);
#5968 = ORIENTED_EDGE('',*,*,#5967,.F.);
#5969 = ORIENTED_EDGE('',*,*,#5935,.F.);
#5970 = DIRECTION('',(0.,1.,0.));
#5971 = VECTOR('',#5970,1.);
#5972 = LINE('',#5924,#5971);
#5973 = EDGE_CURVE('',#5925,#5963,#5972,.T.);
#5974 = ORIENTED_EDGE('',*,*,#5973,.T.);
#5975 = DIRECTION('',(0.,0.,1.));
#5976 = VECTOR('',#5975,1.);
#5977 = LINE('',#5962,#5976);
#5978 = EDGE_CURVE('',#5963,#5961,#5977,.T.);
#5979 = ORIENTED_EDGE('',*,*,#5978,.T.);
#5980 = CARTESIAN_POINT('',(10.475,0.315,7.4));
#5981 = DIRECTION('',(1.,0.,0.));
#5982 = DIRECTION('',(0.,-1.,0.));
#5983 = AXIS2_PLACEMENT_3D('',#5980,#5981,#5982);
#5984 = PLANE('',#5983);
#5985 = EDGE_LOOP('',(#5968,#5969,#5974,#5979));
#5986 = FACE_OUTER_BOUND('',#5985,.T.);
#5987 = ADVANCED_FACE('',(#5986),#5984,.T.);
#5988 = CARTESIAN_POINT('',(9.845,0.315,2.));
#5989 = VERTEX_POINT('',#5988);
#5990 = DIRECTION('',(-1.,0.,0.));
#5991 = VECTOR('',#5990,1.);
#5992 = LINE('',#5962,#5991);
#5993 = EDGE_CURVE('',#5963,#5989,#5992,.T.);
#5994 = ORIENTED_EDGE('',*,*,#5993,.F.);
#5995 = ORIENTED_EDGE('',*,*,#5973,.F.);
#5996 = ORIENTED_EDGE('',*,*,#5950,.T.);
#5997 = DIRECTION('',(0.,1.,0.));
#5998 = VECTOR('',#5997,1.);
#5999 = LINE('',#5930,#5998);
#6000 = EDGE_CURVE('',#5931,#5989,#5999,.T.);
#6001 = ORIENTED_EDGE('',*,*,#6000,.T.);
#6002 = CARTESIAN_POINT('',(9.845,0.315,2.));
#6003 = DIRECTION('',(0.,0.,-1.));
#6004 = DIRECTION('',(1.,0.,0.));
#6005 = AXIS2_PLACEMENT_3D('',#6002,#6003,#6004);
#6006 = PLANE('',#6005);
#6007 = EDGE_LOOP('',(#5994,#5995,#5996,#6001));
#6008 = FACE_OUTER_BOUND('',#6007,.T.);
#6009 = ADVANCED_FACE('',(#6008),#6006,.T.);
#6010 = CARTESIAN_POINT('',(10.335,-0.175,8.));
#6011 = VERTEX_POINT('',#6010);
#6012 = CARTESIAN_POINT('',(10.335,0.175,8.));
#6013 = VERTEX_POINT('',#6012);
#6014 = DIRECTION('',(0.22158112824151976,-0.2215811282415217,-0.949633406749378));
#6015 = VECTOR('',#6014,1.);
#6016 = LINE('',#6010,#6015);
#6017 = EDGE_CURVE('',#6011,#5927,#6016,.T.);
#6018 = ORIENTED_EDGE('',*,*,#6017,.T.);
#6019 = ORIENTED_EDGE('',*,*,#5967,.T.);
#6020 = DIRECTION('',(0.22158112824151976,0.2215811282415217,-0.949633406749378));
#6021 = VECTOR('',#6020,1.);
#6022 = LINE('',#6012,#6021);
#6023 = EDGE_CURVE('',#6013,#5961,#6022,.T.);
#6024 = ORIENTED_EDGE('',*,*,#6023,.F.);
#6025 = DIRECTION('',(0.,1.,0.));
#6026 = VECTOR('',#6025,1.);
#6027 = LINE('',#6010,#6026);
#6028 = EDGE_CURVE('',#6011,#6013,#6027,.T.);
#6029 = ORIENTED_EDGE('',*,*,#6028,.F.);
#6030 = CARTESIAN_POINT('',(10.335,-0.175,8.));
#6031 = DIRECTION('',(0.9738412097417938,0.,0.22722961560641622));
#6032 = DIRECTION('',(0.22158112824151976,-0.2215811282415217,-0.949633406749378));
#6033 = AXIS2_PLACEMENT_3D('',#6030,#6031,#6032);
#6034 = PLANE('',#6033);
#6035 = EDGE_LOOP('',(#6018,#6019,#6024,#6029));
#6036 = FACE_OUTER_BOUND('',#6035,.T.);
#6037 = ADVANCED_FACE('',(#6036),#6034,.T.);
#6038 = CARTESIAN_POINT('',(9.985,-0.175,8.));
#6039 = VERTEX_POINT('',#6038);
#6040 = DIRECTION('',(-1.,0.,0.));
#6041 = VECTOR('',#6040,1.);
#6042 = LINE('',#6010,#6041);
#6043 = EDGE_CURVE('',#6011,#6039,#6042,.T.);
#6044 = ORIENTED_EDGE('',*,*,#6043,.T.);
#6045 = DIRECTION('',(0.22158112824151976,0.2215811282415217,0.949633406749378));
#6046 = VECTOR('',#6045,1.);
#6047 = LINE('',#5928,#6046);
#6048 = EDGE_CURVE('',#5929,#6039,#6047,.T.);
#6049 = ORIENTED_EDGE('',*,*,#6048,.F.);
#6050 = ORIENTED_EDGE('',*,*,#5940,.F.);
#6051 = ORIENTED_EDGE('',*,*,#6017,.F.);
#6052 = CARTESIAN_POINT('',(10.335,-0.175,8.));
#6053 = DIRECTION('',(0.,-0.9738412097417933,0.2272296156064182));
#6054 = DIRECTION('',(-1.,0.,0.));
#6055 = AXIS2_PLACEMENT_3D('',#6052,#6053,#6054);
#6056 = PLANE('',#6055);
#6057 = EDGE_LOOP('',(#6044,#6049,#6050,#6051));
#6058 = FACE_OUTER_BOUND('',#6057,.T.);
#6059 = ADVANCED_FACE('',(#6058),#6056,.T.);
#6060 = CARTESIAN_POINT('',(9.845,0.315,7.4));
#6061 = VERTEX_POINT('',#6060);
#6062 = DIRECTION('',(0.,0.,1.));
#6063 = VECTOR('',#6062,1.);
#6064 = LINE('',#5988,#6063);
#6065 = EDGE_CURVE('',#5989,#6061,#6064,.T.);
#6066 = ORIENTED_EDGE('',*,*,#6065,.F.);
#6067 = ORIENTED_EDGE('',*,*,#6000,.F.);
#6068 = ORIENTED_EDGE('',*,*,#5945,.T.);
#6069 = DIRECTION('',(0.,1.,0.));
#6070 = VECTOR('',#6069,1.);
#6071 = LINE('',#5928,#6070);
#6072 = EDGE_CURVE('',#5929,#6061,#6071,.T.);
#6073 = ORIENTED_EDGE('',*,*,#6072,.T.);
#6074 = CARTESIAN_POINT('',(9.845,0.315,7.4));
#6075 = DIRECTION('',(-1.,0.,0.));
#6076 = DIRECTION('',(0.,0.,-1.));
#6077 = AXIS2_PLACEMENT_3D('',#6074,#6075,#6076);
#6078 = PLANE('',#6077);
#6079 = EDGE_LOOP('',(#6066,#6067,#6068,#6073));
#6080 = FACE_OUTER_BOUND('',#6079,.T.);
#6081 = ADVANCED_FACE('',(#6080),#6078,.T.);
#6082 = DIRECTION('',(-1.,0.,0.));
#6083 = VECTOR('',#6082,1.);
#6084 = LINE('',#5960,#6083);
#6085 = EDGE_CURVE('',#5961,#6061,#6084,.T.);
#6086 = ORIENTED_EDGE('',*,*,#6085,.F.);
#6087 = ORIENTED_EDGE('',*,*,#5978,.F.);
#6088 = ORIENTED_EDGE('',*,*,#5993,.T.);
#6089 = ORIENTED_EDGE('',*,*,#6065,.T.);
#6090 = CARTESIAN_POINT('',(9.845,0.315,7.4));
#6091 = DIRECTION('',(0.,1.,0.));
#6092 = DIRECTION('',(1.,0.,0.));
#6093 = AXIS2_PLACEMENT_3D('',#6090,#6091,#6092);
#6094 = PLANE('',#6093);
#6095 = EDGE_LOOP('',(#6086,#6087,#6088,#6089));
#6096 = FACE_OUTER_BOUND('',#6095,.T.);
#6097 = ADVANCED_FACE('',(#6096),#6094,.T.);
#6098 = CARTESIAN_POINT('',(9.985,0.175,8.));
#6099 = VERTEX_POINT('',#6098);
#6100 = DIRECTION('',(-1.,0.,0.));
#6101 = VECTOR('',#6100,1.);
#6102 = LINE('',#6012,#6101);
#6103 = EDGE_CURVE('',#6013,#6099,#6102,.T.);
#6104 = ORIENTED_EDGE('',*,*,#6103,.F.);
#6105 = ORIENTED_EDGE('',*,*,#6023,.T.);
#6106 = ORIENTED_EDGE('',*,*,#6085,.T.);
#6107 = DIRECTION('',(0.22158112824151976,-0.2215811282415217,0.949633406749378));
#6108 = VECTOR('',#6107,1.);
#6109 = LINE('',#6060,#6108);
#6110 = EDGE_CURVE('',#6061,#6099,#6109,.T.);
#6111 = ORIENTED_EDGE('',*,*,#6110,.T.);
#6112 = CARTESIAN_POINT('',(9.985,0.175,8.));
#6113 = DIRECTION('',(0.,0.9738412097417933,0.2272296156064182));
#6114 = DIRECTION('',(1.,0.,0.));
#6115 = AXIS2_PLACEMENT_3D('',#6112,#6113,#6114);
#6116 = PLANE('',#6115);
#6117 = EDGE_LOOP('',(#6104,#6105,#6106,#6111));
#6118 = FACE_OUTER_BOUND('',#6117,.T.);
#6119 = ADVANCED_FACE('',(#6118),#6116,.T.);
#6120 = ORIENTED_EDGE('',*,*,#6110,.F.);
#6121 = ORIENTED_EDGE('',*,*,#6072,.F.);
#6122 = ORIENTED_EDGE('',*,*,#6048,.T.);
#6123 = DIRECTION('',(0.,1.,0.));
#6124 = VECTOR('',#6123,1.);
#6125 = LINE('',#6038,#6124);
#6126 = EDGE_CURVE('',#6039,#6099,#6125,.T.);
#6127 = ORIENTED_EDGE('',*,*,#6126,.T.);
#6128 = CARTESIAN_POINT('',(9.985,0.175,8.));
#6129 = DIRECTION('',(-0.9738412097417938,0.,0.22722961560641622));
#6130 = DIRECTION('',(-0.22158112824151976,0.2215811282415217,-0.949633406749378));
#6131 = AXIS2_PLACEMENT_3D('',#6128,#6129,#6130);
#6132 = PLANE('',#6131);
#6133 = EDGE_LOOP('',(#6120,#6121,#6122,#6127));
#6134 = FACE_OUTER_BOUND('',#6133,.T.);
#6135 = ADVANCED_FACE('',(#6134),#6132,.T.);
#6136 = ORIENTED_EDGE('',*,*,#6126,.F.);
#6137 = ORIENTED_EDGE('',*,*,#6043,.F.);
#6138 = ORIENTED_EDGE('',*,*,#6028,.T.);
#6139 = ORIENTED_EDGE('',*,*,#6103,.T.);
#6140 = CARTESIAN_POINT('',(9.985,0.175,8.));
#6141 = DIRECTION('',(0.,0.,1.));
#6142 = DIRECTION('',(0.,-1.,0.));
#6143 = AXIS2_PLACEMENT_3D('',#6140,#6141,#6142);
#6144 = PLANE('',#6143);
#6145 = EDGE_LOOP('',(#6136,#6137,#6138,#6139));
#6146 = FACE_OUTER_BOUND('',#6145,.T.);
#6147 = ADVANCED_FACE('',(#6146),#6144,.T.);
#6148 = CLOSED_SHELL('',(#5959,#5987,#6009,#6037,#6059,#6081,#6097,#6119,#6135,#6147));
#6149 = MANIFOLD_SOLID_BREP('',#6148);
#6150 = COLOUR_RGB('',0.7529411764705882,0.7529411764705882,0.7529411764705882);
#6151 = FILL_AREA_STYLE_COLOUR('',#6150);
#6152 = FILL_AREA_STYLE('',(#6151));
#6153 = SURFACE_STYLE_FILL_AREA(#6152);
#6154 = SURFACE_SIDE_STYLE('',(#6153));
#6155 = SURFACE_STYLE_USAGE(.BOTH.,#6154);
#6156 = PRESENTATION_STYLE_ASSIGNMENT((#6155));
#6157 = STYLED_ITEM('',(#6156),#6149);
#6158 = CARTESIAN_POINT('',(11.43,-1.27,0.));
#6159 = VERTEX_POINT('',#6158);
#6160 = CARTESIAN_POINT('',(11.43,-1.27,2.));
#6161 = VERTEX_POINT('',#6160);
#6162 = CARTESIAN_POINT('',(11.43,1.27,2.));
#6163 = VERTEX_POINT('',#6162);
#6164 = CARTESIAN_POINT('',(11.43,1.27,0.));
#6165 = VERTEX_POINT('',#6164);
#6166 = DIRECTION('',(0.,0.,1.));
#6167 = VECTOR('',#6166,1.);
#6168 = LINE('',#6158,#6167);
#6169 = EDGE_CURVE('',#6159,#6161,#6168,.T.);
#6170 = ORIENTED_EDGE('',*,*,#6169,.T.);
#6171 = DIRECTION('',(0.,1.,0.));
#6172 = VECTOR('',#6171,1.);
#6173 = LINE('',#6160,#6172);
#6174 = EDGE_CURVE('',#6161,#6163,#6173,.T.);
#6175 = ORIENTED_EDGE('',*,*,#6174,.T.);
#6176 = DIRECTION('',(0.,0.,1.));
#6177 = VECTOR('',#6176,1.);
#6178 = LINE('',#6164,#6177);
#6179 = EDGE_CURVE('',#6165,#6163,#6178,.T.);
#6180 = ORIENTED_EDGE('',*,*,#6179,.F.);
#6181 = DIRECTION('',(0.,1.,0.));
#6182 = VECTOR('',#6181,1.);
#6183 = LINE('',#6158,#6182);
#6184 = EDGE_CURVE('',#6159,#6165,#6183,.T.);
#6185 = ORIENTED_EDGE('',*,*,#6184,.F.);
#6186 = CARTESIAN_POINT('',(11.43,-1.27,0.));
#6187 = DIRECTION('',(-1.,0.,0.));
#6188 = DIRECTION('',(0.,0.,1.));
#6189 = AXIS2_PLACEMENT_3D('',#6186,#6187,#6188);
#6190 = PLANE('',#6189);
#6191 = EDGE_LOOP('',(#6170,#6175,#6180,#6185));
#6192 = FACE_OUTER_BOUND('',#6191,.T.);
#6193 = ADVANCED_FACE('',(#6192),#6190,.T.);
#6194 = CARTESIAN_POINT('',(13.969999999999999,-1.27,0.));
#6195 = VERTEX_POINT('',#6194);
#6196 = CARTESIAN_POINT('',(13.969999999999999,1.27,0.));
#6197 = VERTEX_POINT('',#6196);
#6198 = CARTESIAN_POINT('',(13.969999999999999,1.27,2.));
#6199 = VERTEX_POINT('',#6198);
#6200 = CARTESIAN_POINT('',(13.969999999999999,-1.27,2.));
#6201 = VERTEX_POINT('',#6200);
#6202 = DIRECTION('',(0.,1.,0.));
#6203 = VECTOR('',#6202,1.);
#6204 = LINE('',#6194,#6203);
#6205 = EDGE_CURVE('',#6195,#6197,#6204,.T.);
#6206 = ORIENTED_EDGE('',*,*,#6205,.T.);
#6207 = DIRECTION('',(0.,0.,1.));
#6208 = VECTOR('',#6207,1.);
#6209 = LINE('',#6196,#6208);
#6210 = EDGE_CURVE('',#6197,#6199,#6209,.T.);
#6211 = ORIENTED_EDGE('',*,*,#6210,.T.);
#6212 = DIRECTION('',(0.,1.,0.));
#6213 = VECTOR('',#6212,1.);
#6214 = LINE('',#6200,#6213);
#6215 = EDGE_CURVE('',#6201,#6199,#6214,.T.);
#6216 = ORIENTED_EDGE('',*,*,#6215,.F.);
#6217 = DIRECTION('',(0.,0.,1.));
#6218 = VECTOR('',#6217,1.);
#6219 = LINE('',#6194,#6218);
#6220 = EDGE_CURVE('',#6195,#6201,#6219,.T.);
#6221 = ORIENTED_EDGE('',*,*,#6220,.F.);
#6222 = CARTESIAN_POINT('',(13.969999999999999,-1.27,0.));
#6223 = DIRECTION('',(1.,0.,0.));
#6224 = DIRECTION('',(0.,1.,0.));
#6225 = AXIS2_PLACEMENT_3D('',#6222,#6223,#6224);
#6226 = PLANE('',#6225);
#6227 = EDGE_LOOP('',(#6206,#6211,#6216,#6221));
#6228 = FACE_OUTER_BOUND('',#6227,.T.);
#6229 = ADVANCED_FACE('',(#6228),#6226,.T.);
#6230 = DIRECTION('',(1.,0.,0.));
#6231 = VECTOR('',#6230,1.);
#6232 = LINE('',#6158,#6231);
#6233 = EDGE_CURVE('',#6159,#6195,#6232,.T.);
#6234 = ORIENTED_EDGE('',*,*,#6233,.T.);
#6235 = ORIENTED_EDGE('',*,*,#6220,.T.);
#6236 = DIRECTION('',(1.,0.,0.));
#6237 = VECTOR('',#6236,1.);
#6238 = LINE('',#6160,#6237);
#6239 = EDGE_CURVE('',#6161,#6201,#6238,.T.);
#6240 = ORIENTED_EDGE('',*,*,#6239,.F.);
#6241 = ORIENTED_EDGE('',*,*,#6169,.F.);
#6242 = CARTESIAN_POINT('',(11.43,-1.27,0.));
#6243 = DIRECTION('',(0.,-1.,0.));
#6244 = DIRECTION('',(1.,0.,0.));
#6245 = AXIS2_PLACEMENT_3D('',#6242,#6243,#6244);
#6246 = PLANE('',#6245);
#6247 = EDGE_LOOP('',(#6234,#6235,#6240,#6241));
#6248 = FACE_OUTER_BOUND('',#6247,.T.);
#6249 = ADVANCED_FACE('',(#6248),#6246,.T.);
#6250 = ORIENTED_EDGE('',*,*,#6179,.T.);
#6251 = DIRECTION('',(1.,0.,0.));
#6252 = VECTOR('',#6251,1.);
#6253 = LINE('',#6162,#6252);
#6254 = EDGE_CURVE('',#6163,#6199,#6253,.T.);
#6255 = ORIENTED_EDGE('',*,*,#6254,.T.);
#6256 = ORIENTED_EDGE('',*,*,#6210,.F.);
#6257 = DIRECTION('',(1.,0.,0.));
#6258 = VECTOR('',#6257,1.);
#6259 = LINE('',#6164,#6258);
#6260 = EDGE_CURVE('',#6165,#6197,#6259,.T.);
#6261 = ORIENTED_EDGE('',*,*,#6260,.F.);
#6262 = CARTESIAN_POINT('',(11.43,1.27,0.));
#6263 = DIRECTION('',(0.,1.,0.));
#6264 = DIRECTION('',(0.,0.,1.));
#6265 = AXIS2_PLACEMENT_3D('',#6262,#6263,#6264);
#6266 = PLANE('',#6265);
#6267 = EDGE_LOOP('',(#6250,#6255,#6256,#6261));
#6268 = FACE_OUTER_BOUND('',#6267,.T.);
#6269 = ADVANCED_FACE('',(#6268),#6266,.T.);
#6270 = ORIENTED_EDGE('',*,*,#6184,.T.);
#6271 = ORIENTED_EDGE('',*,*,#6260,.T.);
#6272 = ORIENTED_EDGE('',*,*,#6205,.F.);
#6273 = ORIENTED_EDGE('',*,*,#6233,.F.);
#6274 = CARTESIAN_POINT('',(11.43,-1.27,0.));
#6275 = DIRECTION('',(0.,0.,-1.));
#6276 = DIRECTION('',(0.,1.,0.));
#6277 = AXIS2_PLACEMENT_3D('',#6274,#6275,#6276);
#6278 = PLANE('',#6277);
#6279 = EDGE_LOOP('',(#6270,#6271,#6272,#6273));
#6280 = FACE_OUTER_BOUND('',#6279,.T.);
#6281 = ADVANCED_FACE('',(#6280),#6278,.T.);
#6282 = ORIENTED_EDGE('',*,*,#6239,.T.);
#6283 = ORIENTED_EDGE('',*,*,#6215,.T.);
#6284 = ORIENTED_EDGE('',*,*,#6254,.F.);
#6285 = ORIENTED_EDGE('',*,*,#6174,.F.);
#6286 = CARTESIAN_POINT('',(11.43,-1.27,2.));
#6287 = DIRECTION('',(0.,0.,1.));
#6288 = DIRECTION('',(1.,0.,0.));
#6289 = AXIS2_PLACEMENT_3D('',#6286,#6287,#6288);
#6290 = PLANE('',#6289);
#6291 = EDGE_LOOP('',(#6282,#6283,#6284,#6285));
#6292 = FACE_OUTER_BOUND('',#6291,.T.);
#6293 = ADVANCED_FACE('',(#6292),#6290,.T.);
#6294 = CLOSED_SHELL('',(#6193,#6229,#6249,#6269,#6281,#6293));
#6295 = MANIFOLD_SOLID_BREP('',#6294);
#6296 = COLOUR_RGB('',0.13333333333333333,0.13333333333333333,0.13333333333333333);
#6297 = FILL_AREA_STYLE_COLOUR('',#6296);
#6298 = FILL_AREA_STYLE('',(#6297));
#6299 = SURFACE_STYLE_FILL_AREA(#6298);
#6300 = SURFACE_SIDE_STYLE('',(#6299));
#6301 = SURFACE_STYLE_USAGE(.BOTH.,#6300);
#6302 = PRESENTATION_STYLE_ASSIGNMENT((#6301));
#6303 = STYLED_ITEM('',(#6302),#6295);
#6304 = CARTESIAN_POINT('',(13.014999999999999,-0.315,0.5500000000000003));
#6305 = VERTEX_POINT('',#6304);
#6306 = CARTESIAN_POINT('',(13.014999999999999,0.315,0.5500000000000003));
#6307 = VERTEX_POINT('',#6306);
#6308 = CARTESIAN_POINT('',(12.385,0.315,0.5500000000000003));
#6309 = VERTEX_POINT('',#6308);
#6310 = CARTESIAN_POINT('',(12.385,-0.315,0.5500000000000003));
#6311 = VERTEX_POINT('',#6310);
#6312 = DIRECTION('',(0.,1.,0.));
#6313 = VECTOR('',#6312,1.);
#6314 = LINE('',#6304,#6313);
#6315 = EDGE_CURVE('',#6305,#6307,#6314,.T.);
#6316 = ORIENTED_EDGE('',*,*,#6315,.T.);
#6317 = DIRECTION('',(1.,0.,0.));
#6318 = VECTOR('',#6317,1.);
#6319 = LINE('',#6308,#6318);
#6320 = EDGE_CURVE('',#6309,#6307,#6319,.T.);
#6321 = ORIENTED_EDGE('',*,*,#6320,.F.);
#6322 = DIRECTION('',(0.,1.,0.));
#6323 = VECTOR('',#6322,1.);
#6324 = LINE('',#6310,#6323);
#6325 = EDGE_CURVE('',#6311,#6309,#6324,.T.);
#6326 = ORIENTED_EDGE('',*,*,#6325,.F.);
#6327 = DIRECTION('',(1.,0.,0.));
#6328 = VECTOR('',#6327,1.);
#6329 = LINE('',#6310,#6328);
#6330 = EDGE_CURVE('',#6311,#6305,#6329,.T.);
#6331 = ORIENTED_EDGE('',*,*,#6330,.T.);
#6332 = CARTESIAN_POINT('',(13.014999999999999,-0.315,0.5500000000000003));
#6333 = DIRECTION('',(0.,0.,1.));
#6334 = DIRECTION('',(0.,1.,0.));
#6335 = AXIS2_PLACEMENT_3D('',#6332,#6333,#6334);
#6336 = PLANE('',#6335);
#6337 = EDGE_LOOP('',(#6316,#6321,#6326,#6331));
#6338 = FACE_OUTER_BOUND('',#6337,.T.);
#6339 = ADVANCED_FACE('',(#6338),#6336,.T.);
#6340 = CARTESIAN_POINT('',(12.385,0.315,-2.15));
#6341 = VERTEX_POINT('',#6340);
#6342 = CARTESIAN_POINT('',(13.014999999999999,0.315,-2.15));
#6343 = VERTEX_POINT('',#6342);
#6344 = DIRECTION('',(0.,0.,1.));
#6345 = VECTOR('',#6344,1.);
#6346 = LINE('',#6340,#6345);
#6347 = EDGE_CURVE('',#6341,#6309,#6346,.T.);
#6348 = ORIENTED_EDGE('',*,*,#6347,.T.);
#6349 = ORIENTED_EDGE('',*,*,#6320,.T.);
#6350 = DIRECTION('',(0.,0.,1.));
#6351 = VECTOR('',#6350,1.);
#6352 = LINE('',#6342,#6351);
#6353 = EDGE_CURVE('',#6343,#6307,#6352,.T.);
#6354 = ORIENTED_EDGE('',*,*,#6353,.F.);
#6355 = DIRECTION('',(1.,0.,0.));
#6356 = VECTOR('',#6355,1.);
#6357 = LINE('',#6340,#6356);
#6358 = EDGE_CURVE('',#6341,#6343,#6357,.T.);
#6359 = ORIENTED_EDGE('',*,*,#6358,.F.);
#6360 = CARTESIAN_POINT('',(12.385,0.315,-2.15));
#6361 = DIRECTION('',(0.,1.,0.));
#6362 = DIRECTION('',(0.,0.,1.));
#6363 = AXIS2_PLACEMENT_3D('',#6360,#6361,#6362);
#6364 = PLANE('',#6363);
#6365 = EDGE_LOOP('',(#6348,#6349,#6354,#6359));
#6366 = FACE_OUTER_BOUND('',#6365,.T.);
#6367 = ADVANCED_FACE('',(#6366),#6364,.T.);
#6368 = CARTESIAN_POINT('',(12.385,-0.315,-2.15));
#6369 = VERTEX_POINT('',#6368);
#6370 = DIRECTION('',(0.,1.,0.));
#6371 = VECTOR('',#6370,1.);
#6372 = LINE('',#6368,#6371);
#6373 = EDGE_CURVE('',#6369,#6341,#6372,.T.);
#6374 = ORIENTED_EDGE('',*,*,#6373,.F.);
#6375 = DIRECTION('',(0.,0.,1.));
#6376 = VECTOR('',#6375,1.);
#6377 = LINE('',#6368,#6376);
#6378 = EDGE_CURVE('',#6369,#6311,#6377,.T.);
#6379 = ORIENTED_EDGE('',*,*,#6378,.T.);
#6380 = ORIENTED_EDGE('',*,*,#6325,.T.);
#6381 = ORIENTED_EDGE('',*,*,#6347,.F.);
#6382 = CARTESIAN_POINT('',(12.385,0.315,-2.15));
#6383 = DIRECTION('',(-1.,0.,0.));
#6384 = DIRECTION('',(0.,-1.,0.));
#6385 = AXIS2_PLACEMENT_3D('',#6382,#6383,#6384);
#6386 = PLANE('',#6385);
#6387 = EDGE_LOOP('',(#6374,#6379,#6380,#6381));
#6388 = FACE_OUTER_BOUND('',#6387,.T.);
#6389 = ADVANCED_FACE('',(#6388),#6386,.T.);
#6390 = CARTESIAN_POINT('',(13.014999999999999,-0.315,-2.15));
#6391 = VERTEX_POINT('',#6390);
#6392 = DIRECTION('',(0.,1.,0.));
#6393 = VECTOR('',#6392,1.);
#6394 = LINE('',#6390,#6393);
#6395 = EDGE_CURVE('',#6391,#6343,#6394,.T.);
#6396 = ORIENTED_EDGE('',*,*,#6395,.T.);
#6397 = ORIENTED_EDGE('',*,*,#6353,.T.);
#6398 = ORIENTED_EDGE('',*,*,#6315,.F.);
#6399 = DIRECTION('',(0.,0.,1.));
#6400 = VECTOR('',#6399,1.);
#6401 = LINE('',#6390,#6400);
#6402 = EDGE_CURVE('',#6391,#6305,#6401,.T.);
#6403 = ORIENTED_EDGE('',*,*,#6402,.F.);
#6404 = CARTESIAN_POINT('',(13.014999999999999,-0.315,-2.15));
#6405 = DIRECTION('',(1.,0.,0.));
#6406 = DIRECTION('',(0.,1.,0.));
#6407 = AXIS2_PLACEMENT_3D('',#6404,#6405,#6406);
#6408 = PLANE('',#6407);
#6409 = EDGE_LOOP('',(#6396,#6397,#6398,#6403));
#6410 = FACE_OUTER_BOUND('',#6409,.T.);
#6411 = ADVANCED_FACE('',(#6410),#6408,.T.);
#6412 = ORIENTED_EDGE('',*,*,#6402,.T.);
#6413 = ORIENTED_EDGE('',*,*,#6330,.F.);
#6414 = ORIENTED_EDGE('',*,*,#6378,.F.);
#6415 = DIRECTION('',(1.,0.,0.));
#6416 = VECTOR('',#6415,1.);
#6417 = LINE('',#6368,#6416);
#6418 = EDGE_CURVE('',#6369,#6391,#6417,.T.);
#6419 = ORIENTED_EDGE('',*,*,#6418,.T.);
#6420 = CARTESIAN_POINT('',(13.014999999999999,-0.315,-2.15));
#6421 = DIRECTION('',(0.,-1.,0.));
#6422 = DIRECTION('',(0.,0.,1.));
#6423 = AXIS2_PLACEMENT_3D('',#6420,#6421,#6422);
#6424 = PLANE('',#6423);
#6425 = EDGE_LOOP('',(#6412,#6413,#6414,#6419));
#6426 = FACE_OUTER_BOUND('',#6425,.T.);
#6427 = ADVANCED_FACE('',(#6426),#6424,.T.);
#6428 = CARTESIAN_POINT('',(12.524999999999999,0.175,-2.5));
#6429 = VERTEX_POINT('',#6428);
#6430 = CARTESIAN_POINT('',(12.875,0.175,-2.5));
#6431 = VERTEX_POINT('',#6430);
#6432 = DIRECTION('',(0.34815531191139293,-0.348155311911396,-0.87038827977849));
#6433 = VECTOR('',#6432,1.);
#6434 = LINE('',#6340,#6433);
#6435 = EDGE_CURVE('',#6341,#6429,#6434,.T.);
#6436 = ORIENTED_EDGE('',*,*,#6435,.F.);
#6437 = ORIENTED_EDGE('',*,*,#6358,.T.);
#6438 = DIRECTION('',(0.34815531191139293,0.348155311911396,0.87038827977849));
#6439 = VECTOR('',#6438,1.);
#6440 = LINE('',#6430,#6439);
#6441 = EDGE_CURVE('',#6431,#6343,#6440,.T.);
#6442 = ORIENTED_EDGE('',*,*,#6441,.F.);
#6443 = DIRECTION('',(1.,0.,0.));
#6444 = VECTOR('',#6443,1.);
#6445 = LINE('',#6428,#6444);
#6446 = EDGE_CURVE('',#6429,#6431,#6445,.T.);
#6447 = ORIENTED_EDGE('',*,*,#6446,.F.);
#6448 = CARTESIAN_POINT('',(12.524999999999999,0.175,-2.5));
#6449 = DIRECTION('',(0.,0.9284766908852599,-0.371390676354102));
#6450 = DIRECTION('',(-0.34815531191139293,0.348155311911396,0.87038827977849));
#6451 = AXIS2_PLACEMENT_3D('',#6448,#6449,#6450);
#6452 = PLANE('',#6451);
#6453 = EDGE_LOOP('',(#6436,#6437,#6442,#6447));
#6454 = FACE_OUTER_BOUND('',#6453,.T.);
#6455 = ADVANCED_FACE('',(#6454),#6452,.T.);
#6456 = CARTESIAN_POINT('',(12.524999999999999,-0.175,-2.5));
#6457 = VERTEX_POINT('',#6456);
#6458 = DIRECTION('',(0.,1.,0.));
#6459 = VECTOR('',#6458,1.);
#6460 = LINE('',#6456,#6459);
#6461 = EDGE_CURVE('',#6457,#6429,#6460,.T.);
#6462 = ORIENTED_EDGE('',*,*,#6461,.F.);
#6463 = DIRECTION('',(0.34815531191139293,0.348155311911396,-0.87038827977849));
#6464 = VECTOR('',#6463,1.);
#6465 = LINE('',#6368,#6464);
#6466 = EDGE_CURVE('',#6369,#6457,#6465,.T.);
#6467 = ORIENTED_EDGE('',*,*,#6466,.F.);
#6468 = ORIENTED_EDGE('',*,*,#6373,.T.);
#6469 = ORIENTED_EDGE('',*,*,#6435,.T.);
#6470 = CARTESIAN_POINT('',(12.524999999999999,0.175,-2.5));
#6471 = DIRECTION('',(-0.9284766908852605,0.,-0.3713906763541007));
#6472 = DIRECTION('',(0.,-1.,0.));
#6473 = AXIS2_PLACEMENT_3D('',#6470,#6471,#6472);
#6474 = PLANE('',#6473);
#6475 = EDGE_LOOP('',(#6462,#6467,#6468,#6469));
#6476 = FACE_OUTER_BOUND('',#6475,.T.);
#6477 = ADVANCED_FACE('',(#6476),#6474,.T.);
#6478 = CARTESIAN_POINT('',(12.875,-0.175,-2.5));
#6479 = VERTEX_POINT('',#6478);
#6480 = DIRECTION('',(1.,0.,0.));
#6481 = VECTOR('',#6480,1.);
#6482 = LINE('',#6456,#6481);
#6483 = EDGE_CURVE('',#6457,#6479,#6482,.T.);
#6484 = ORIENTED_EDGE('',*,*,#6483,.F.);
#6485 = ORIENTED_EDGE('',*,*,#6461,.T.);
#6486 = ORIENTED_EDGE('',*,*,#6446,.T.);
#6487 = DIRECTION('',(0.,1.,0.));
#6488 = VECTOR('',#6487,1.);
#6489 = LINE('',#6478,#6488);
#6490 = EDGE_CURVE('',#6479,#6431,#6489,.T.);
#6491 = ORIENTED_EDGE('',*,*,#6490,.F.);
#6492 = CARTESIAN_POINT('',(12.875,-0.175,-2.5));
#6493 = DIRECTION('',(0.,0.,-1.));
#6494 = DIRECTION('',(-1.,0.,0.));
#6495 = AXIS2_PLACEMENT_3D('',#6492,#6493,#6494);
#6496 = PLANE('',#6495);
#6497 = EDGE_LOOP('',(#6484,#6485,#6486,#6491));
#6498 = FACE_OUTER_BOUND('',#6497,.T.);
#6499 = ADVANCED_FACE('',(#6498),#6496,.T.);
#6500 = ORIENTED_EDGE('',*,*,#6490,.T.);
#6501 = ORIENTED_EDGE('',*,*,#6441,.T.);
#6502 = ORIENTED_EDGE('',*,*,#6395,.F.);
#6503 = DIRECTION('',(0.34815531191139293,-0.348155311911396,0.87038827977849));
#6504 = VECTOR('',#6503,1.);
#6505 = LINE('',#6478,#6504);
#6506 = EDGE_CURVE('',#6479,#6391,#6505,.T.);
#6507 = ORIENTED_EDGE('',*,*,#6506,.F.);
#6508 = CARTESIAN_POINT('',(12.875,-0.175,-2.5));
#6509 = DIRECTION('',(0.9284766908852605,0.,-0.3713906763541007));
#6510 = DIRECTION('',(0.,1.,0.));
#6511 = AXIS2_PLACEMENT_3D('',#6508,#6509,#6510);
#6512 = PLANE('',#6511);
#6513 = EDGE_LOOP('',(#6500,#6501,#6502,#6507));
#6514 = FACE_OUTER_BOUND('',#6513,.T.);
#6515 = ADVANCED_FACE('',(#6514),#6512,.T.);
#6516 = ORIENTED_EDGE('',*,*,#6506,.T.);
#6517 = ORIENTED_EDGE('',*,*,#6418,.F.);
#6518 = ORIENTED_EDGE('',*,*,#6466,.T.);
#6519 = ORIENTED_EDGE('',*,*,#6483,.T.);
#6520 = CARTESIAN_POINT('',(12.875,-0.175,-2.5));
#6521 = DIRECTION('',(0.,-0.9284766908852599,-0.371390676354102));
#6522 = DIRECTION('',(0.34815531191139293,-0.348155311911396,0.87038827977849));
#6523 = AXIS2_PLACEMENT_3D('',#6520,#6521,#6522);
#6524 = PLANE('',#6523);
#6525 = EDGE_LOOP('',(#6516,#6517,#6518,#6519));
#6526 = FACE_OUTER_BOUND('',#6525,.T.);
#6527 = ADVANCED_FACE('',(#6526),#6524,.T.);
#6528 = CLOSED_SHELL('',(#6339,#6367,#6389,#6411,#6427,#6455,#6477,#6499,#6515,#6527));
#6529 = MANIFOLD_SOLID_BREP('',#6528);
#6530 = COLOUR_RGB('',0.7529411764705882,0.7529411764705882,0.7529411764705882);
#6531 = FILL_AREA_STYLE_COLOUR('',#6530);
#6532 = FILL_AREA_STYLE('',(#6531));
#6533 = SURFACE_STYLE_FILL_AREA(#6532);
#6534 = SURFACE_SIDE_STYLE('',(#6533));
#6535 = SURFACE_STYLE_USAGE(.BOTH.,#6534);
#6536 = PRESENTATION_STYLE_ASSIGNMENT((#6535));
#6537 = STYLED_ITEM('',(#6536),#6529);
#6538 = CARTESIAN_POINT('',(12.385,0.315,2.));
#6539 = VERTEX_POINT('',#6538);
#6540 = CARTESIAN_POINT('',(12.385,-0.315,2.));
#6541 = VERTEX_POINT('',#6540);
#6542 = CARTESIAN_POINT('',(12.385,-0.315,7.4));
#6543 = VERTEX_POINT('',#6542);
#6544 = CARTESIAN_POINT('',(12.385,0.315,7.4));
#6545 = VERTEX_POINT('',#6544);
#6546 = DIRECTION('',(0.,1.,0.));
#6547 = VECTOR('',#6546,1.);
#6548 = LINE('',#6540,#6547);
#6549 = EDGE_CURVE('',#6541,#6539,#6548,.T.);
#6550 = ORIENTED_EDGE('',*,*,#6549,.F.);
#6551 = DIRECTION('',(0.,0.,1.));
#6552 = VECTOR('',#6551,1.);
#6553 = LINE('',#6540,#6552);
#6554 = EDGE_CURVE('',#6541,#6543,#6553,.T.);
#6555 = ORIENTED_EDGE('',*,*,#6554,.T.);
#6556 = DIRECTION('',(0.,1.,0.));
#6557 = VECTOR('',#6556,1.);
#6558 = LINE('',#6542,#6557);
#6559 = EDGE_CURVE('',#6543,#6545,#6558,.T.);
#6560 = ORIENTED_EDGE('',*,*,#6559,.T.);
#6561 = DIRECTION('',(0.,0.,1.));
#6562 = VECTOR('',#6561,1.);
#6563 = LINE('',#6538,#6562);
#6564 = EDGE_CURVE('',#6539,#6545,#6563,.T.);
#6565 = ORIENTED_EDGE('',*,*,#6564,.F.);
#6566 = CARTESIAN_POINT('',(12.385,0.315,2.));
#6567 = DIRECTION('',(-1.,0.,0.));
#6568 = DIRECTION('',(0.,-1.,0.));
#6569 = AXIS2_PLACEMENT_3D('',#6566,#6567,#6568);
#6570 = PLANE('',#6569);
#6571 = EDGE_LOOP('',(#6550,#6555,#6560,#6565));
#6572 = FACE_OUTER_BOUND('',#6571,.T.);
#6573 = ADVANCED_FACE('',(#6572),#6570,.T.);
#6574 = CARTESIAN_POINT('',(13.014999999999999,0.315,7.4));
#6575 = VERTEX_POINT('',#6574);
#6576 = CARTESIAN_POINT('',(13.014999999999999,0.315,2.));
#6577 = VERTEX_POINT('',#6576);
#6578 = DIRECTION('',(0.,0.,1.));
#6579 = VECTOR('',#6578,1.);
#6580 = LINE('',#6576,#6579);
#6581 = EDGE_CURVE('',#6577,#6575,#6580,.T.);
#6582 = ORIENTED_EDGE('',*,*,#6581,.F.);
#6583 = DIRECTION('',(1.,0.,0.));
#6584 = VECTOR('',#6583,1.);
#6585 = LINE('',#6538,#6584);
#6586 = EDGE_CURVE('',#6539,#6577,#6585,.T.);
#6587 = ORIENTED_EDGE('',*,*,#6586,.F.);
#6588 = ORIENTED_EDGE('',*,*,#6564,.T.);
#6589 = DIRECTION('',(1.,0.,0.));
#6590 = VECTOR('',#6589,1.);
#6591 = LINE('',#6544,#6590);
#6592 = EDGE_CURVE('',#6545,#6575,#6591,.T.);
#6593 = ORIENTED_EDGE('',*,*,#6592,.T.);
#6594 = CARTESIAN_POINT('',(13.014999999999999,0.315,7.4));
#6595 = DIRECTION('',(0.,1.,0.));
#6596 = DIRECTION('',(0.,0.,-1.));
#6597 = AXIS2_PLACEMENT_3D('',#6594,#6595,#6596);
#6598 = PLANE('',#6597);
#6599 = EDGE_LOOP('',(#6582,#6587,#6588,#6593));
#6600 = FACE_OUTER_BOUND('',#6599,.T.);
#6601 = ADVANCED_FACE('',(#6600),#6598,.T.);
#6602 = CARTESIAN_POINT('',(12.524999999999999,0.175,8.));
#6603 = VERTEX_POINT('',#6602);
#6604 = CARTESIAN_POINT('',(12.524999999999999,-0.175,8.));
#6605 = VERTEX_POINT('',#6604);
#6606 = DIRECTION('',(0.22158112824151976,-0.2215811282415217,0.949633406749378));
#6607 = VECTOR('',#6606,1.);
#6608 = LINE('',#6544,#6607);
#6609 = EDGE_CURVE('',#6545,#6603,#6608,.T.);
#6610 = ORIENTED_EDGE('',*,*,#6609,.F.);
#6611 = ORIENTED_EDGE('',*,*,#6559,.F.);
#6612 = DIRECTION('',(0.22158112824151976,0.2215811282415217,0.949633406749378));
#6613 = VECTOR('',#6612,1.);
#6614 = LINE('',#6542,#6613);
#6615 = EDGE_CURVE('',#6543,#6605,#6614,.T.);
#6616 = ORIENTED_EDGE('',*,*,#6615,.T.);
#6617 = DIRECTION('',(0.,1.,0.));
#6618 = VECTOR('',#6617,1.);
#6619 = LINE('',#6604,#6618);
#6620 = EDGE_CURVE('',#6605,#6603,#6619,.T.);
#6621 = ORIENTED_EDGE('',*,*,#6620,.T.);
#6622 = CARTESIAN_POINT('',(12.524999999999999,0.175,8.));
#6623 = DIRECTION('',(-0.9738412097417938,0.,0.22722961560641622));
#6624 = DIRECTION('',(-0.22158112824151976,0.2215811282415217,-0.949633406749378));
#6625 = AXIS2_PLACEMENT_3D('',#6622,#6623,#6624);
#6626 = PLANE('',#6625);
#6627 = EDGE_LOOP('',(#6610,#6611,#6616,#6621));
#6628 = FACE_OUTER_BOUND('',#6627,.T.);
#6629 = ADVANCED_FACE('',(#6628),#6626,.T.);
#6630 = CARTESIAN_POINT('',(13.014999999999999,-0.315,2.));
#6631 = VERTEX_POINT('',#6630);
#6632 = CARTESIAN_POINT('',(13.014999999999999,-0.315,7.4));
#6633 = VERTEX_POINT('',#6632);
#6634 = DIRECTION('',(0.,1.,0.));
#6635 = VECTOR('',#6634,1.);
#6636 = LINE('',#6630,#6635);
#6637 = EDGE_CURVE('',#6631,#6577,#6636,.T.);
#6638 = ORIENTED_EDGE('',*,*,#6637,.T.);
#6639 = ORIENTED_EDGE('',*,*,#6581,.T.);
#6640 = DIRECTION('',(0.,1.,0.));
#6641 = VECTOR('',#6640,1.);
#6642 = LINE('',#6632,#6641);
#6643 = EDGE_CURVE('',#6633,#6575,#6642,.T.);
#6644 = ORIENTED_EDGE('',*,*,#6643,.F.);
#6645 = DIRECTION('',(0.,0.,1.));
#6646 = VECTOR('',#6645,1.);
#6647 = LINE('',#6630,#6646);
#6648 = EDGE_CURVE('',#6631,#6633,#6647,.T.);
#6649 = ORIENTED_EDGE('',*,*,#6648,.F.);
#6650 = CARTESIAN_POINT('',(13.014999999999999,-0.315,2.));
#6651 = DIRECTION('',(1.,0.,0.));
#6652 = DIRECTION('',(0.,1.,0.));
#6653 = AXIS2_PLACEMENT_3D('',#6650,#6651,#6652);
#6654 = PLANE('',#6653);
#6655 = EDGE_LOOP('',(#6638,#6639,#6644,#6649));
#6656 = FACE_OUTER_BOUND('',#6655,.T.);
#6657 = ADVANCED_FACE('',(#6656),#6654,.T.);
#6658 = ORIENTED_EDGE('',*,*,#6648,.T.);
#6659 = DIRECTION('',(1.,0.,0.));
#6660 = VECTOR('',#6659,1.);
#6661 = LINE('',#6542,#6660);
#6662 = EDGE_CURVE('',#6543,#6633,#6661,.T.);
#6663 = ORIENTED_EDGE('',*,*,#6662,.F.);
#6664 = ORIENTED_EDGE('',*,*,#6554,.F.);
#6665 = DIRECTION('',(1.,0.,0.));
#6666 = VECTOR('',#6665,1.);
#6667 = LINE('',#6540,#6666);
#6668 = EDGE_CURVE('',#6541,#6631,#6667,.T.);
#6669 = ORIENTED_EDGE('',*,*,#6668,.T.);
#6670 = CARTESIAN_POINT('',(13.014999999999999,-0.315,2.));
#6671 = DIRECTION('',(0.,-1.,0.));
#6672 = DIRECTION('',(0.,0.,1.));
#6673 = AXIS2_PLACEMENT_3D('',#6670,#6671,#6672);
#6674 = PLANE('',#6673);
#6675 = EDGE_LOOP('',(#6658,#6663,#6664,#6669));
#6676 = FACE_OUTER_BOUND('',#6675,.T.);
#6677 = ADVANCED_FACE('',(#6676),#6674,.T.);
#6678 = ORIENTED_EDGE('',*,*,#6668,.F.);
#6679 = ORIENTED_EDGE('',*,*,#6549,.T.);
#6680 = ORIENTED_EDGE('',*,*,#6586,.T.);
#6681 = ORIENTED_EDGE('',*,*,#6637,.F.);
#6682 = CARTESIAN_POINT('',(13.014999999999999,-0.315,2.));
#6683 = DIRECTION('',(0.,0.,-1.));
#6684 = DIRECTION('',(-1.,0.,0.));
#6685 = AXIS2_PLACEMENT_3D('',#6682,#6683,#6684);
#6686 = PLANE('',#6685);
#6687 = EDGE_LOOP('',(#6678,#6679,#6680,#6681));
#6688 = FACE_OUTER_BOUND('',#6687,.T.);
#6689 = ADVANCED_FACE('',(#6688),#6686,.T.);
#6690 = CARTESIAN_POINT('',(12.875,0.175,8.));
#6691 = VERTEX_POINT('',#6690);
#6692 = DIRECTION('',(0.22158112824151976,0.2215811282415217,-0.949633406749378));
#6693 = VECTOR('',#6692,1.);
#6694 = LINE('',#6690,#6693);
#6695 = EDGE_CURVE('',#6691,#6575,#6694,.T.);
#6696 = ORIENTED_EDGE('',*,*,#6695,.T.);
#6697 = ORIENTED_EDGE('',*,*,#6592,.F.);
#6698 = ORIENTED_EDGE('',*,*,#6609,.T.);
#6699 = DIRECTION('',(1.,0.,0.));
#6700 = VECTOR('',#6699,1.);
#6701 = LINE('',#6602,#6700);
#6702 = EDGE_CURVE('',#6603,#6691,#6701,.T.);
#6703 = ORIENTED_EDGE('',*,*,#6702,.T.);
#6704 = CARTESIAN_POINT('',(12.875,0.175,8.));
#6705 = DIRECTION('',(0.,0.9738412097417937,0.22722961560641744));
#6706 = DIRECTION('',(0.22158112824151976,0.2215811282415217,-0.949633406749378));
#6707 = AXIS2_PLACEMENT_3D('',#6704,#6705,#6706);
#6708 = PLANE('',#6707);
#6709 = EDGE_LOOP('',(#6696,#6697,#6698,#6703));
#6710 = FACE_OUTER_BOUND('',#6709,.T.);
#6711 = ADVANCED_FACE('',(#6710),#6708,.T.);
#6712 = CARTESIAN_POINT('',(12.875,-0.175,8.));
#6713 = VERTEX_POINT('',#6712);
#6714 = DIRECTION('',(0.22158112824151976,-0.2215811282415217,-0.949633406749378));
#6715 = VECTOR('',#6714,1.);
#6716 = LINE('',#6712,#6715);
#6717 = EDGE_CURVE('',#6713,#6633,#6716,.T.);
#6718 = ORIENTED_EDGE('',*,*,#6717,.T.);
#6719 = ORIENTED_EDGE('',*,*,#6643,.T.);
#6720 = ORIENTED_EDGE('',*,*,#6695,.F.);
#6721 = DIRECTION('',(0.,1.,0.));
#6722 = VECTOR('',#6721,1.);
#6723 = LINE('',#6712,#6722);
#6724 = EDGE_CURVE('',#6713,#6691,#6723,.T.);
#6725 = ORIENTED_EDGE('',*,*,#6724,.F.);
#6726 = CARTESIAN_POINT('',(12.875,-0.175,8.));
#6727 = DIRECTION('',(0.9738412097417938,0.,0.22722961560641622));
#6728 = DIRECTION('',(0.22158112824151976,-0.2215811282415217,-0.949633406749378));
#6729 = AXIS2_PLACEMENT_3D('',#6726,#6727,#6728);
#6730 = PLANE('',#6729);
#6731 = EDGE_LOOP('',(#6718,#6719,#6720,#6725));
#6732 = FACE_OUTER_BOUND('',#6731,.T.);
#6733 = ADVANCED_FACE('',(#6732),#6730,.T.);
#6734 = ORIENTED_EDGE('',*,*,#6724,.T.);
#6735 = ORIENTED_EDGE('',*,*,#6702,.F.);
#6736 = ORIENTED_EDGE('',*,*,#6620,.F.);
#6737 = DIRECTION('',(1.,0.,0.));
#6738 = VECTOR('',#6737,1.);
#6739 = LINE('',#6604,#6738);
#6740 = EDGE_CURVE('',#6605,#6713,#6739,.T.);
#6741 = ORIENTED_EDGE('',*,*,#6740,.T.);
#6742 = CARTESIAN_POINT('',(12.875,-0.175,8.));
#6743 = DIRECTION('',(0.,0.,1.));
#6744 = DIRECTION('',(0.,1.,0.));
#6745 = AXIS2_PLACEMENT_3D('',#6742,#6743,#6744);
#6746 = PLANE('',#6745);
#6747 = EDGE_LOOP('',(#6734,#6735,#6736,#6741));
#6748 = FACE_OUTER_BOUND('',#6747,.T.);
#6749 = ADVANCED_FACE('',(#6748),#6746,.T.);
#6750 = ORIENTED_EDGE('',*,*,#6740,.F.);
#6751 = ORIENTED_EDGE('',*,*,#6615,.F.);
#6752 = ORIENTED_EDGE('',*,*,#6662,.T.);
#6753 = ORIENTED_EDGE('',*,*,#6717,.F.);
#6754 = CARTESIAN_POINT('',(12.875,-0.175,8.));
#6755 = DIRECTION('',(0.,-0.9738412097417934,0.22722961560641752));
#6756 = DIRECTION('',(-1.,0.,0.));
#6757 = AXIS2_PLACEMENT_3D('',#6754,#6755,#6756);
#6758 = PLANE('',#6757);
#6759 = EDGE_LOOP('',(#6750,#6751,#6752,#6753));
#6760 = FACE_OUTER_BOUND('',#6759,.T.);
#6761 = ADVANCED_FACE('',(#6760),#6758,.T.);
#6762 = CLOSED_SHELL('',(#6573,#6601,#6629,#6657,#6677,#6689,#6711,#6733,#6749,#6761));
#6763 = MANIFOLD_SOLID_BREP('',#6762);
#6764 = COLOUR_RGB('',0.7529411764705882,0.7529411764705882,0.7529411764705882);
#6765 = FILL_AREA_STYLE_COLOUR('',#6764);
#6766 = FILL_AREA_STYLE('',(#6765));
#6767 = SURFACE_STYLE_FILL_AREA(#6766);
#6768 = SURFACE_SIDE_STYLE('',(#6767));
#6769 = SURFACE_STYLE_USAGE(.BOTH.,#6768);
#6770 = PRESENTATION_STYLE_ASSIGNMENT((#6769));
#6771 = STYLED_ITEM('',(#6770),#6763);
#6772 = ADVANCED_BREP_SHAPE_REPRESENTATION('',(#17,#155,#389,#623,#769,#1003,#1237,#1383,#1617,#1851,#1997,#2231,#2465,#2611,#2845,#3079,#3225,#3459,#3693,#3839,#4073,#4307,#4453,#4687,#4921,#5067,#5301,#5535,#5681,#5915,#6149,#6295,#6529,#6763),#13);
#6773 = SHAPE_DEFINITION_REPRESENTATION(#8,#6772);
#6774 = MECHANICAL_DESIGN_GEOMETRIC_PRESENTATION_REPRESENTATION('',(#163,#397,#631,#777,#1011,#1245,#1391,#1625,#1859,#2005,#2239,#2473,#2619,#2853,#3087,#3233,#3467,#3701,#3847,#4081,#4315,#4461,#4695,#4929,#5075,#5309,#5543,#5689,#5923,#6157,#6303,#6537,#6771),#13);
ENDSEC;
END-ISO-10303-21;