<CongestedRegion probabilityOfFailure="30%" left="15.2mm" right="16.3mm" bottom="11.1mm" top="13.8mm" width="1.1mm" height="2.7mm">
    <NearbyComponent name="U_AUDIO" edgeDistance="0mm" overlapDepth="1.05mm" directions="left,right,bottom,top" regionWithinComponent left="15.2mm" right="18.8mm" bottom="10.2mm" top="13.8mm" />
    <NearbyComponent name="C_AUDIO_HF" edgeDistance="3.175mm" directions="right" freeSpaceOnRight=">5.0mm" freeSpaceAbove="4.3mm" freeSpaceBelow="2.3mm" left="19.4mm" right="21.9mm" bottom="12.0mm" top="13.0mm" />
    <NearbyComponent name="J_SPEAKER" edgeDistance="3.45mm" directions="top" freeSpaceOnLeft=">5.0mm" freeSpaceOnRight=">5.0mm" freeSpaceAbove=">5.0mm" left="16.0mm" right="20.0mm" bottom="17.3mm" top="18.8mm" />
    <NearbyComponent name="C_AUDIO_BULK" edgeDistance="3.618mm" directions="right,bottom" freeSpaceOnRight=">5.0mm" freeSpaceBelow=">5.0mm" left="19.6mm" right="22.4mm" bottom="8.3mm" top="9.7mm" />
    <NearbyComponent name="R_AUDIO_PD" edgeDistance="3.652mm" directions="bottom" freeSpaceOnLeft=">5.0mm" freeSpaceOnRight="1.5mm" freeSpaceBelow=">5.0mm" left="13.8mm" right="16.2mm" bottom="6.5mm" top="7.5mm" />
    <NearbyComponent name="R_AUDIO_EN" edgeDistance="3.958mm" directions="right,bottom" freeSpaceOnRight=">5.0mm" freeSpaceBelow=">5.0mm" left="17.8mm" right="20.2mm" bottom="6.5mm" top="7.5mm" />
</CongestedRegion>

<CongestedRegion probabilityOfFailure="5.5%" left="4.5mm" right="4.5mm" bottom="46.7mm" top="47.1mm" width="0.1mm" height="0.4mm">
    <NearbyComponent name="C_BOOST_OUT1" edgeDistance="0mm" overlapDepth="0.075mm" directions="left,right,bottom,top" regionWithinComponent left="4.5mm" right="8.5mm" bottom="45.4mm" top="47.1mm" />
    <NearbyComponent name="L_BOOST" edgeDistance="0.775mm" directions="right,top" freeSpaceOnRight="1.5mm" freeSpaceAbove=">5.0mm" left="4.5mm" right="7.5mm" bottom="47.9mm" top="50.1mm" />
    <NearbyComponent name="C_BOOST_OUT2" edgeDistance="2.813mm" directions="bottom" freeSpaceOnLeft=">5.0mm" freeSpaceOnRight="4.5mm" freeSpaceBelow="5.0mm" left="4.5mm" right="8.5mm" bottom="42.1mm" top="43.9mm" />
    <NearbyComponent name="U_BOOST" edgeDistance="4.568mm" directions="right,top" freeSpaceOnRight="0.7mm" freeSpaceAbove=">5.0mm" left="9.0mm" right="11.0mm" bottom="48.4mm" top="49.6mm" />
</CongestedRegion>

<CongestedRegion probabilityOfFailure="5.4%" left="20.1mm" right="20.2mm" bottom="47.9mm" top="48.4mm" width="0.1mm" height="0.4mm">
    <NearbyComponent name="R_TIMER" edgeDistance="0.442mm" directions="bottom" freeSpaceOnLeft="1.0mm" freeSpaceOnRight=">5.0mm" freeSpaceBelow="2.6mm" left="17.8mm" right="20.2mm" bottom="46.5mm" top="47.5mm" />
    <NearbyComponent name="C_FEEDFORWARD" edgeDistance="2.251mm" directions="left,top" freeSpaceOnLeft="1.1mm" freeSpaceAbove=">5.0mm" left="15.8mm" right="18.2mm" bottom="49.5mm" top="50.5mm" />
    <NearbyComponent name="C_USB" edgeDistance="2.405mm" directions="right,bottom" freeSpaceOnRight=">5.0mm" freeSpaceBelow="0.7mm" left="20.8mm" right="23.2mm" bottom="44.6mm" top="45.6mm" />
    <NearbyComponent name="R_CC2" edgeDistance="2.664mm" directions="right,top" freeSpaceOnRight="1.5mm" freeSpaceAbove="2.3mm" left="21.8mm" right="24.2mm" bottom="50.5mm" top="51.5mm" />
    <NearbyComponent name="R_FB_HI" edgeDistance="3.453mm" directions="left,bottom" freeSpaceOnLeft=">5.0mm" freeSpaceBelow="1.0mm" left="14.3mm" right="16.7mm" bottom="46.5mm" top="47.5mm" />
    <NearbyComponent name="U_CHARGE" edgeDistance="3.992mm" directions="bottom" freeSpaceOnLeft="1.1mm" freeSpaceOnRight="0.6mm" freeSpaceBelow="2.9mm" left="17.1mm" right="20.9mm" bottom="40.1mm" top="43.9mm" />
    <NearbyComponent name="R_FB_LO" edgeDistance="4.206mm" directions="left,bottom" freeSpaceOnLeft=">5.0mm" freeSpaceBelow="1.8mm" left="14.3mm" right="16.7mm" bottom="44.5mm" top="45.5mm" />
</CongestedRegion>

<CongestedRegion probabilityOfFailure="4.8%" left="17.1mm" right="17.4mm" bottom="10.2mm" top="10.8mm" width="0.3mm" height="0.6mm">
    <NearbyComponent name="U_AUDIO" edgeDistance="0mm" overlapDepth="0.25mm" directions="left,right,bottom,top" regionWithinComponent left="15.2mm" right="18.8mm" bottom="10.2mm" top="13.8mm" />
    <NearbyComponent name="C_AUDIO_BULK" edgeDistance="2.255mm" directions="right,bottom" freeSpaceOnRight=">5.0mm" freeSpaceBelow=">5.0mm" left="19.6mm" right="22.4mm" bottom="8.3mm" top="9.7mm" />
    <NearbyComponent name="C_AUDIO_HF" edgeDistance="2.387mm" directions="right,top" freeSpaceOnRight=">5.0mm" freeSpaceAbove="4.3mm" left="19.4mm" right="21.9mm" bottom="12.0mm" top="13.0mm" />
    <NearbyComponent name="R_AUDIO_EN" edgeDistance="2.754mm" directions="right,bottom" freeSpaceOnRight=">5.0mm" freeSpaceBelow=">5.0mm" left="17.8mm" right="20.2mm" bottom="6.5mm" top="7.5mm" />
    <NearbyComponent name="R_AUDIO_PD" edgeDistance="2.87mm" directions="left,bottom" freeSpaceOnLeft=">5.0mm" freeSpaceBelow=">5.0mm" left="13.8mm" right="16.2mm" bottom="6.5mm" top="7.5mm" />
</CongestedRegion>

<CongestedRegion probabilityOfFailure="4.8%" left="-1.6mm" right="-1.1mm" bottom="-5.0mm" top="-4.9mm" width="0.5mm" height="0.1mm">
    <NearbyComponent name="U_KEYS" edgeDistance="0mm" overlapDepth="0.08mm" directions="left,right,bottom,top" regionWithinComponent left="-8.6mm" right="8.6mm" bottom="-14.2mm" top="-1.8mm" />
</CongestedRegion>

<CongestedRegion probabilityOfFailure="4%" left="9.0mm" right="9.6mm" bottom="49.3mm" top="49.6mm" width="0.6mm" height="0.3mm">
    <NearbyComponent name="U_BOOST" edgeDistance="0mm" overlapDepth="0.3mm" directions="right,bottom,top" freeSpaceOnRight="0.7mm" left="9.0mm" right="11.0mm" bottom="48.4mm" top="49.6mm" />
    <NearbyComponent name="L_BOOST" edgeDistance="1.5mm" directions="left" freeSpaceOnLeft=">5.0mm" freeSpaceAbove=">5.0mm" freeSpaceBelow="0.8mm" left="4.5mm" right="7.5mm" bottom="47.9mm" top="50.1mm" />
    <NearbyComponent name="C_BOOST_IN" edgeDistance="2.225mm" directions="right" freeSpaceOnRight="1.1mm" freeSpaceAbove=">5.0mm" freeSpaceBelow="1.3mm" left="11.8mm" right="14.6mm" bottom="48.8mm" top="50.2mm" />
    <NearbyComponent name="C_BOOST_OUT1" edgeDistance="2.265mm" directions="left,bottom" freeSpaceOnLeft=">5.0mm" freeSpaceBelow="1.5mm" left="4.5mm" right="8.5mm" bottom="45.4mm" top="47.1mm" />
    <NearbyComponent name="R_EN" edgeDistance="3.353mm" directions="right,top" freeSpaceOnRight=">5.0mm" freeSpaceAbove=">5.0mm" left="11.3mm" right="13.7mm" bottom="52.5mm" top="53.5mm" />
</CongestedRegion>

<CongestedRegion probabilityOfFailure="3.8%" left="10.5mm" right="11.5mm" bottom="-31.2mm" top="-30.5mm" width="1.0mm" height="0.8mm">
    <NearbyComponent name="SW_Y" edgeDistance="0mm" overlapDepth="0.75mm" directions="left,right,bottom,top" regionWithinComponent left="10.5mm" right="17.5mm" bottom="-31.2mm" top="-26.8mm" />
</CongestedRegion>

<CongestedRegion probabilityOfFailure="3.6%" left="17.6mm" right="18.1mm" bottom="44.0mm" top="44.1mm" width="0.5mm" height="0.1mm">
    <NearbyComponent name="U_CHARGE" edgeDistance="0.05mm" directions="bottom" freeSpaceOnLeft="1.1mm" freeSpaceOnRight="0.6mm" freeSpaceBelow="2.9mm" left="17.1mm" right="20.9mm" bottom="40.1mm" top="43.9mm" />
    <NearbyComponent name="R_FB_LO" edgeDistance="0.962mm" directions="left,top" freeSpaceOnLeft=">5.0mm" freeSpaceAbove="1.0mm" left="14.3mm" right="16.7mm" bottom="44.5mm" top="45.5mm" />
    <NearbyComponent name="C_BAT" edgeDistance="2.085mm" directions="left,bottom" freeSpaceOnLeft="4.5mm" freeSpaceBelow="0.8mm" left="13.1mm" right="15.9mm" bottom="41.3mm" top="42.7mm" />
    <NearbyComponent name="R_TIMER" edgeDistance="2.45mm" directions="top" freeSpaceOnLeft="1.0mm" freeSpaceOnRight=">5.0mm" freeSpaceAbove=">5.0mm" left="17.8mm" right="20.2mm" bottom="46.5mm" top="47.5mm" />
    <NearbyComponent name="R_FB_HI" edgeDistance="2.593mm" directions="left,top" freeSpaceOnLeft=">5.0mm" freeSpaceAbove=">5.0mm" left="14.3mm" right="16.7mm" bottom="46.5mm" top="47.5mm" />
    <NearbyComponent name="C_USB" edgeDistance="2.755mm" directions="right,top" freeSpaceOnRight=">5.0mm" freeSpaceAbove="4.9mm" left="20.8mm" right="23.2mm" bottom="44.6mm" top="45.6mm" />
    <NearbyComponent name="C_SYS" edgeDistance="3.76mm" directions="right,bottom" freeSpaceOnRight="0.8mm" freeSpaceBelow="4.0mm" left="21.6mm" right="24.4mm" bottom="41.2mm" top="42.6mm" />
    <NearbyComponent name="R_ISET" edgeDistance="4.216mm" directions="left,bottom" freeSpaceOnLeft=">5.0mm" freeSpaceBelow="2.4mm" left="12.8mm" right="15.2mm" bottom="39.5mm" top="40.5mm" />
</CongestedRegion>

<CongestedRegion probabilityOfFailure="3.4%" left="17.4mm" right="17.9mm" bottom="44.6mm" top="44.7mm" width="0.5mm" height="0.1mm">
    <NearbyComponent name="R_FB_LO" edgeDistance="0.675mm" directions="left" freeSpaceOnLeft=">5.0mm" freeSpaceAbove="1.0mm" freeSpaceBelow="1.8mm" left="14.3mm" right="16.7mm" bottom="44.5mm" top="45.5mm" />
    <NearbyComponent name="U_CHARGE" edgeDistance="0.7mm" directions="bottom" freeSpaceOnLeft="1.1mm" freeSpaceOnRight="0.6mm" freeSpaceBelow="2.9mm" left="17.1mm" right="20.9mm" bottom="40.1mm" top="43.9mm" />
    <NearbyComponent name="R_TIMER" edgeDistance="1.8mm" directions="top" freeSpaceOnLeft="1.0mm" freeSpaceOnRight=">5.0mm" freeSpaceAbove=">5.0mm" left="17.8mm" right="20.2mm" bottom="46.5mm" top="47.5mm" />
    <NearbyComponent name="R_FB_HI" edgeDistance="1.922mm" directions="left,top" freeSpaceOnLeft=">5.0mm" freeSpaceAbove=">5.0mm" left="14.3mm" right="16.7mm" bottom="46.5mm" top="47.5mm" />
    <NearbyComponent name="C_BAT" edgeDistance="2.425mm" directions="left,bottom" freeSpaceOnLeft="4.5mm" freeSpaceBelow="0.8mm" left="13.1mm" right="15.9mm" bottom="41.3mm" top="42.7mm" />
    <NearbyComponent name="C_USB" edgeDistance="2.85mm" directions="right" freeSpaceOnRight=">5.0mm" freeSpaceAbove="4.9mm" freeSpaceBelow="0.7mm" left="20.8mm" right="23.2mm" bottom="44.6mm" top="45.6mm" />
    <NearbyComponent name="C_SYS" edgeDistance="4.174mm" directions="right,bottom" freeSpaceOnRight="0.8mm" freeSpaceBelow="4.0mm" left="21.6mm" right="24.4mm" bottom="41.2mm" top="42.6mm" />
    <NearbyComponent name="R_ISET" edgeDistance="4.685mm" directions="left,bottom" freeSpaceOnLeft=">5.0mm" freeSpaceBelow="2.4mm" left="12.8mm" right="15.2mm" bottom="39.5mm" top="40.5mm" />
    <NearbyComponent name="C_FEEDFORWARD" edgeDistance="4.8mm" directions="top" freeSpaceOnLeft="1.1mm" freeSpaceOnRight=">5.0mm" freeSpaceAbove=">5.0mm" left="15.8mm" right="18.2mm" bottom="49.5mm" top="50.5mm" />
    <NearbyComponent name="C_BOOST_IN" edgeDistance="4.93mm" directions="left,top" freeSpaceOnLeft="0.7mm" freeSpaceAbove=">5.0mm" left="11.8mm" right="14.6mm" bottom="48.8mm" top="50.2mm" />
</CongestedRegion>

<CongestedRegion probabilityOfFailure="2.9%" left="16.3mm" right="16.8mm" bottom="11.1mm" top="11.2mm" width="0.5mm" height="0.1mm">
    <NearbyComponent name="U_AUDIO" edgeDistance="0mm" overlapDepth="0.123mm" directions="left,right,bottom,top" regionWithinComponent left="15.2mm" right="18.8mm" bottom="10.2mm" top="13.8mm" />
    <NearbyComponent name="C_AUDIO_HF" edgeDistance="2.785mm" directions="right,top" freeSpaceOnRight=">5.0mm" freeSpaceAbove="4.3mm" left="19.4mm" right="21.9mm" bottom="12.0mm" top="13.0mm" />
    <NearbyComponent name="C_AUDIO_BULK" edgeDistance="3.165mm" directions="right,bottom" freeSpaceOnRight=">5.0mm" freeSpaceBelow=">5.0mm" left="19.6mm" right="22.4mm" bottom="8.3mm" top="9.7mm" />
    <NearbyComponent name="R_AUDIO_PD" edgeDistance="3.652mm" directions="left,bottom" freeSpaceOnLeft=">5.0mm" freeSpaceBelow=">5.0mm" left="13.8mm" right="16.2mm" bottom="6.5mm" top="7.5mm" />
    <NearbyComponent name="R_AUDIO_EN" edgeDistance="3.793mm" directions="right,bottom" freeSpaceOnRight=">5.0mm" freeSpaceBelow=">5.0mm" left="17.8mm" right="20.2mm" bottom="6.5mm" top="7.5mm" />
</CongestedRegion>

<CongestedRegion probabilityOfFailure="2.2%" left="-27.5mm" right="-26.5mm" bottom="-21.2mm" top="-20.5mm" width="1.0mm" height="0.8mm">
    <NearbyComponent name="SW_UP" edgeDistance="0mm" overlapDepth="0.75mm" directions="right,bottom,top" freeSpaceOnRight=">5.0mm" left="-27.5mm" right="-20.5mm" bottom="-21.2mm" top="-16.8mm" />
</CongestedRegion>

<CongestedRegion probabilityOfFailure="2.2%" left="-35.6mm" right="-35.3mm" bottom="-0.2mm" top="0.8mm" width="0.3mm" height="1.0mm">
    <NearbyComponent name="U_LCD_PWR" edgeDistance="0mm" overlapDepth="0.314mm" directions="left,right,bottom,top" regionWithinComponent left="-36.3mm" right="-33.7mm" bottom="-1.9mm" top="1.9mm" />
    <NearbyComponent name="C_LCD_IN" edgeDistance="2.737mm" directions="left,top" freeSpaceOnLeft=">5.0mm" freeSpaceAbove=">5.0mm" left="-40.2mm" right="-37.8mm" bottom="2.5mm" top="3.5mm" />
    <NearbyComponent name="C_LCD_OUT" edgeDistance="3.139mm" directions="left,bottom" freeSpaceOnLeft=">5.0mm" freeSpaceBelow=">5.0mm" left="-40.2mm" right="-37.8mm" bottom="-3.5mm" top="-2.5mm" />
</CongestedRegion>

<CongestedRegion probabilityOfFailure="2.1%" left="15.4mm" right="16.2mm" bottom="6.5mm" top="7.5mm" width="0.8mm" height="0.9mm">
    <NearbyComponent name="R_AUDIO_PD" edgeDistance="0mm" overlapDepth="0.8mm" directions="left,right,bottom,top" regionWithinComponent left="13.8mm" right="16.2mm" bottom="6.5mm" top="7.5mm" />
    <NearbyComponent name="R_AUDIO_EN" edgeDistance="1.55mm" directions="right" freeSpaceOnRight=">5.0mm" freeSpaceAbove="0.8mm" freeSpaceBelow=">5.0mm" left="17.8mm" right="20.2mm" bottom="6.5mm" top="7.5mm" />
    <NearbyComponent name="U_AUDIO" edgeDistance="2.725mm" directions="top" freeSpaceOnLeft=">5.0mm" freeSpaceOnRight="0.6mm" freeSpaceAbove="3.4mm" left="15.2mm" right="18.8mm" bottom="10.2mm" top="13.8mm" />
    <NearbyComponent name="C_AUDIO_BULK" edgeDistance="3.45mm" directions="right,top" freeSpaceOnRight=">5.0mm" freeSpaceAbove=">5.0mm" left="19.6mm" right="22.4mm" bottom="8.3mm" top="9.7mm" />
</CongestedRegion>

<CongestedRegion probabilityOfFailure="1.9%" left="-36.0mm" right="-34.8mm" bottom="16.6mm" top="16.9mm" width="1.3mm" height="0.3mm">
    <NearbyComponent name="J_LCD" edgeDistance="0mm" overlapDepth="0.3mm" directions="left,right,bottom,top" regionWithinComponent left="-36.0mm" right="-31.6mm" bottom="13.1mm" top="26.9mm" />
</CongestedRegion>

<CongestedRegion probabilityOfFailure="1.8%" left="23.9mm" right="24.6mm" bottom="44.6mm" top="44.8mm" width="0.7mm" height="0.1mm">
    <NearbyComponent name="C_USB" edgeDistance="0.683mm" directions="left" freeSpaceOnLeft="4.0mm" freeSpaceAbove="4.9mm" freeSpaceBelow="0.7mm" left="20.8mm" right="23.2mm" bottom="44.6mm" top="45.6mm" />
    <NearbyComponent name="R_ILIM" edgeDistance="1.338mm" directions="right,bottom" freeSpaceOnRight=">5.0mm" freeSpaceBelow=">5.0mm" left="25.3mm" right="27.7mm" bottom="42.5mm" top="43.5mm" />
    <NearbyComponent name="C_SYS" edgeDistance="2.025mm" directions="bottom" freeSpaceOnLeft="0.6mm" freeSpaceOnRight="0.8mm" freeSpaceBelow="4.0mm" left="21.6mm" right="24.4mm" bottom="41.2mm" top="42.6mm" />
    <NearbyComponent name="U_CHARGE" edgeDistance="3.064mm" directions="left,bottom" freeSpaceOnLeft="1.1mm" freeSpaceBelow="2.9mm" left="17.1mm" right="20.9mm" bottom="40.1mm" top="43.9mm" />
    <NearbyComponent name="R_TIMER" edgeDistance="4.078mm" directions="left,top" freeSpaceOnLeft="1.0mm" freeSpaceAbove=">5.0mm" left="17.8mm" right="20.2mm" bottom="46.5mm" top="47.5mm" />
    <NearbyComponent name="C_USB_ESD" edgeDistance="4.207mm" directions="right,top" freeSpaceOnRight=">5.0mm" freeSpaceAbove=">5.0mm" left="27.8mm" right="30.2mm" bottom="47.5mm" top="48.5mm" />
</CongestedRegion>

<CongestedRegion probabilityOfFailure="1.8%" left="4.6mm" right="5.3mm" bottom="-16.0mm" top="-15.8mm" width="0.7mm" height="0.1mm">
    <NearbyComponent name="C_KEYS" edgeDistance="0.653mm" directions="left" freeSpaceOnLeft=">5.0mm" freeSpaceAbove="0.8mm" freeSpaceBelow=">5.0mm" left="1.5mm" right="4.0mm" bottom="-16.0mm" top="-15.0mm" />
    <NearbyComponent name="U_KEYS" edgeDistance="1.617mm" directions="top" freeSpaceOnLeft=">5.0mm" freeSpaceOnRight=">5.0mm" freeSpaceAbove="2.3mm" left="-8.6mm" right="8.6mm" bottom="-14.2mm" top="-1.8mm" />
</CongestedRegion>

<CongestedRegion probabilityOfFailure="1.8%" left="20.4mm" right="21.0mm" bottom="7.3mm" top="7.5mm" width="0.6mm" height="0.1mm">
    <NearbyComponent name="R_AUDIO_EN" edgeDistance="0.15mm" directions="left" freeSpaceOnLeft="1.5mm" freeSpaceAbove="0.8mm" freeSpaceBelow=">5.0mm" left="17.8mm" right="20.2mm" bottom="6.5mm" top="7.5mm" />
    <NearbyComponent name="C_AUDIO_BULK" edgeDistance="0.825mm" directions="top" freeSpaceOnLeft=">5.0mm" freeSpaceOnRight=">5.0mm" freeSpaceAbove=">5.0mm" left="19.6mm" right="22.4mm" bottom="8.3mm" top="9.7mm" />
    <NearbyComponent name="U_AUDIO" edgeDistance="3.147mm" directions="left,top" freeSpaceOnLeft=">5.0mm" freeSpaceAbove="3.4mm" left="15.2mm" right="18.8mm" bottom="10.2mm" top="13.8mm" />
    <NearbyComponent name="R_AUDIO_PD" edgeDistance="4.15mm" directions="left" freeSpaceOnLeft=">5.0mm" freeSpaceAbove="2.7mm" freeSpaceBelow=">5.0mm" left="13.8mm" right="16.2mm" bottom="6.5mm" top="7.5mm" />
    <NearbyComponent name="C_AUDIO_HF" edgeDistance="4.55mm" directions="top" freeSpaceOnLeft="0.6mm" freeSpaceOnRight=">5.0mm" freeSpaceAbove="4.3mm" left="19.4mm" right="21.9mm" bottom="12.0mm" top="13.0mm" />
</CongestedRegion>

<CongestedRegion probabilityOfFailure="1.6%" left="24.5mm" right="25.3mm" bottom="45.4mm" top="45.6mm" width="0.8mm" height="0.2mm">
    <NearbyComponent name="C_USB" edgeDistance="1.3mm" directions="left" freeSpaceOnLeft="4.0mm" freeSpaceAbove="4.9mm" freeSpaceBelow="0.7mm" left="20.8mm" right="23.2mm" bottom="44.6mm" top="45.6mm" />
    <NearbyComponent name="R_ILIM" edgeDistance="1.95mm" directions="right,bottom" freeSpaceOnRight=">5.0mm" freeSpaceBelow=">5.0mm" left="25.3mm" right="27.7mm" bottom="42.5mm" top="43.5mm" />
    <NearbyComponent name="C_SYS" edgeDistance="2.827mm" directions="left,bottom" freeSpaceOnLeft="0.6mm" freeSpaceBelow="4.0mm" left="21.6mm" right="24.4mm" bottom="41.2mm" top="42.6mm" />
    <NearbyComponent name="C_USB_ESD" edgeDistance="3.171mm" directions="right,top" freeSpaceOnRight=">5.0mm" freeSpaceAbove=">5.0mm" left="27.8mm" right="30.2mm" bottom="47.5mm" top="48.5mm" />
    <NearbyComponent name="U_CHARGE" edgeDistance="3.9mm" directions="left,bottom" freeSpaceOnLeft="1.1mm" freeSpaceBelow="2.9mm" left="17.1mm" right="20.9mm" bottom="40.1mm" top="43.9mm" />
    <NearbyComponent name="R_TIMER" edgeDistance="4.404mm" directions="left,top" freeSpaceOnLeft="1.0mm" freeSpaceAbove=">5.0mm" left="17.8mm" right="20.2mm" bottom="46.5mm" top="47.5mm" />
    <NearbyComponent name="R_CC2" edgeDistance="4.959mm" directions="left,top" freeSpaceOnLeft=">5.0mm" freeSpaceAbove="2.3mm" left="21.8mm" right="24.2mm" bottom="50.5mm" top="51.5mm" />
    <NearbyComponent name="R_CC1" edgeDistance="4.975mm" directions="right,top" freeSpaceOnRight="3.1mm" freeSpaceAbove="2.3mm" left="25.8mm" right="28.2mm" bottom="50.5mm" top="51.5mm" />
</CongestedRegion>

<CongestedRegion probabilityOfFailure="1.6%" left="16.6mm" right="16.9mm" bottom="12.7mm" top="13.2mm" width="0.3mm" height="0.5mm">
    <NearbyComponent name="U_AUDIO" edgeDistance="0mm" overlapDepth="0.25mm" directions="left,right,bottom,top" regionWithinComponent left="15.2mm" right="18.8mm" bottom="10.2mm" top="13.8mm" />
    <NearbyComponent name="C_AUDIO_HF" edgeDistance="2.55mm" directions="right" freeSpaceOnRight=">5.0mm" freeSpaceAbove="4.3mm" freeSpaceBelow="2.3mm" left="19.4mm" right="21.9mm" bottom="12.0mm" top="13.0mm" />
    <NearbyComponent name="J_SPEAKER" edgeDistance="4.05mm" directions="top" freeSpaceOnLeft=">5.0mm" freeSpaceOnRight=">5.0mm" freeSpaceAbove=">5.0mm" left="16.0mm" right="20.0mm" bottom="17.3mm" top="18.8mm" />
    <NearbyComponent name="C_AUDIO_BULK" edgeDistance="4.073mm" directions="right,bottom" freeSpaceOnRight=">5.0mm" freeSpaceBelow=">5.0mm" left="19.6mm" right="22.4mm" bottom="8.3mm" top="9.7mm" />
</CongestedRegion>

<CongestedRegion probabilityOfFailure="1.6%" left="21.5mm" right="22.3mm" bottom="52.0mm" top="52.1mm" width="0.7mm" height="0.2mm">
    <NearbyComponent name="R_CC2" edgeDistance="0.5mm" directions="bottom" freeSpaceOnLeft=">5.0mm" freeSpaceOnRight="1.5mm" freeSpaceBelow="4.9mm" left="21.8mm" right="24.2mm" bottom="50.5mm" top="51.5mm" />
    <NearbyComponent name="J_USB" edgeDistance="1.651mm" directions="top" freeSpaceOnLeft=">5.0mm" freeSpaceOnRight=">5.0mm" freeSpaceAbove=">5.0mm" left="20.1mm" right="29.9mm" bottom="53.8mm" top="60.3mm" />
    <NearbyComponent name="R_CC1" edgeDistance="3.536mm" directions="right,bottom" freeSpaceOnRight="3.1mm" freeSpaceBelow=">5.0mm" left="25.8mm" right="28.2mm" bottom="50.5mm" top="51.5mm" />
    <NearbyComponent name="C_FEEDFORWARD" edgeDistance="3.625mm" directions="left,bottom" freeSpaceOnLeft="1.1mm" freeSpaceBelow="2.0mm" left="15.8mm" right="18.2mm" bottom="49.5mm" top="50.5mm" />
    <NearbyComponent name="R_TIMER" edgeDistance="4.684mm" directions="left,bottom" freeSpaceOnLeft="1.0mm" freeSpaceBelow="2.6mm" left="17.8mm" right="20.2mm" bottom="46.5mm" top="47.5mm" />
</CongestedRegion>

<CongestedRegion probabilityOfFailure="1.5%" left="31.1mm" right="31.4mm" bottom="16.8mm" top="17.3mm" width="0.3mm" height="0.4mm">
    <NearbyComponent name="U_GAUGE" edgeDistance="0mm" overlapDepth="0.28mm" directions="left,right,bottom,top" regionWithinComponent left="31.1mm" right="32.9mm" bottom="16.8mm" top="19.2mm" />
    <NearbyComponent name="R_ALERT_PULL" edgeDistance="1.428mm" directions="right,bottom" freeSpaceOnRight=">5.0mm" freeSpaceBelow=">5.0mm" left="31.8mm" right="34.2mm" bottom="14.5mm" top="15.5mm" />
    <NearbyComponent name="C_GAUGE" edgeDistance="1.875mm" directions="bottom" freeSpaceOnLeft=">5.0mm" freeSpaceOnRight="0.5mm" freeSpaceBelow=">5.0mm" left="28.8mm" right="31.2mm" bottom="14.0mm" top="15.0mm" />
</CongestedRegion>

<CongestedRegion probabilityOfFailure="1.5%" left="31.6mm" right="31.9mm" bottom="16.8mm" top="17.3mm" width="0.3mm" height="0.4mm">
    <NearbyComponent name="U_GAUGE" edgeDistance="0mm" overlapDepth="0.28mm" directions="left,right,bottom,top" regionWithinComponent left="31.1mm" right="32.9mm" bottom="16.8mm" top="19.2mm" />
    <NearbyComponent name="R_ALERT_PULL" edgeDistance="1.375mm" directions="bottom" freeSpaceOnLeft="0.5mm" freeSpaceOnRight=">5.0mm" freeSpaceBelow=">5.0mm" left="31.8mm" right="34.2mm" bottom="14.5mm" top="15.5mm" />
    <NearbyComponent name="C_GAUGE" edgeDistance="1.914mm" directions="left,bottom" freeSpaceOnLeft=">5.0mm" freeSpaceBelow=">5.0mm" left="28.8mm" right="31.2mm" bottom="14.0mm" top="15.0mm" />
</CongestedRegion>

<CongestedRegion probabilityOfFailure="1.5%" left="32.1mm" right="32.4mm" bottom="16.8mm" top="17.3mm" width="0.3mm" height="0.4mm">
    <NearbyComponent name="U_GAUGE" edgeDistance="0mm" overlapDepth="0.28mm" directions="left,right,bottom,top" regionWithinComponent left="31.1mm" right="32.9mm" bottom="16.8mm" top="19.2mm" />
    <NearbyComponent name="R_ALERT_PULL" edgeDistance="1.375mm" directions="bottom" freeSpaceOnLeft="0.5mm" freeSpaceOnRight=">5.0mm" freeSpaceBelow=">5.0mm" left="31.8mm" right="34.2mm" bottom="14.5mm" top="15.5mm" />
    <NearbyComponent name="C_GAUGE" edgeDistance="2.073mm" directions="left,bottom" freeSpaceOnLeft=">5.0mm" freeSpaceBelow=">5.0mm" left="28.8mm" right="31.2mm" bottom="14.0mm" top="15.0mm" />
</CongestedRegion>

<CongestedRegion probabilityOfFailure="1.5%" left="32.6mm" right="32.9mm" bottom="16.8mm" top="17.3mm" width="0.3mm" height="0.4mm">
    <NearbyComponent name="U_GAUGE" edgeDistance="0mm" overlapDepth="0.28mm" directions="left,right,bottom,top" regionWithinComponent left="31.1mm" right="32.9mm" bottom="16.8mm" top="19.2mm" />
    <NearbyComponent name="R_ALERT_PULL" edgeDistance="1.375mm" directions="bottom" freeSpaceOnLeft="0.5mm" freeSpaceOnRight=">5.0mm" freeSpaceBelow=">5.0mm" left="31.8mm" right="34.2mm" bottom="14.5mm" top="15.5mm" />
    <NearbyComponent name="C_GAUGE" edgeDistance="2.331mm" directions="left,bottom" freeSpaceOnLeft=">5.0mm" freeSpaceBelow=">5.0mm" left="28.8mm" right="31.2mm" bottom="14.0mm" top="15.0mm" />
</CongestedRegion>

<CongestedRegion probabilityOfFailure="1.5%" left="32.6mm" right="34.2mm" bottom="18.7mm" top="19.2mm" width="1.6mm" height="0.4mm">
    <NearbyComponent name="U_GAUGE" edgeDistance="0mm" overlapDepth="0.29mm" directions="left,bottom,top" freeSpaceOnLeft=">5.0mm" left="31.1mm" right="32.9mm" bottom="16.8mm" top="19.2mm" />
    <NearbyComponent name="R_ALERT_PULL" edgeDistance="3.25mm" directions="bottom" freeSpaceOnLeft="0.5mm" freeSpaceOnRight=">5.0mm" freeSpaceBelow=">5.0mm" left="31.8mm" right="34.2mm" bottom="14.5mm" top="15.5mm" />
    <NearbyComponent name="C_GAUGE" edgeDistance="3.994mm" directions="left,bottom" freeSpaceOnLeft=">5.0mm" freeSpaceBelow=">5.0mm" left="28.8mm" right="31.2mm" bottom="14.0mm" top="15.0mm" />
</CongestedRegion>

<CongestedRegion probabilityOfFailure="1.5%" left="32.1mm" right="32.4mm" bottom="18.7mm" top="19.2mm" width="0.3mm" height="0.4mm">
    <NearbyComponent name="U_GAUGE" edgeDistance="0mm" overlapDepth="0.28mm" directions="left,right,bottom,top" regionWithinComponent left="31.1mm" right="32.9mm" bottom="16.8mm" top="19.2mm" />
    <NearbyComponent name="R_ALERT_PULL" edgeDistance="3.25mm" directions="bottom" freeSpaceOnLeft="0.5mm" freeSpaceOnRight=">5.0mm" freeSpaceBelow=">5.0mm" left="31.8mm" right="34.2mm" bottom="14.5mm" top="15.5mm" />
    <NearbyComponent name="C_GAUGE" edgeDistance="3.853mm" directions="left,bottom" freeSpaceOnLeft=">5.0mm" freeSpaceBelow=">5.0mm" left="28.8mm" right="31.2mm" bottom="14.0mm" top="15.0mm" />
</CongestedRegion>

<CongestedRegion probabilityOfFailure="1.5%" left="14.5mm" right="14.6mm" bottom="50.2mm" top="51.0mm" width="0.2mm" height="0.8mm">
    <NearbyComponent name="C_BOOST_IN" edgeDistance="0mm" directions="bottom" freeSpaceOnLeft="0.7mm" freeSpaceOnRight="1.1mm" freeSpaceBelow="1.3mm" left="11.8mm" right="14.6mm" bottom="48.8mm" top="50.2mm" />
    <NearbyComponent name="C_FEEDFORWARD" edgeDistance="1.15mm" directions="right" freeSpaceOnRight=">5.0mm" freeSpaceAbove=">5.0mm" freeSpaceBelow="2.0mm" left="15.8mm" right="18.2mm" bottom="49.5mm" top="50.5mm" />
    <NearbyComponent name="R_EN" edgeDistance="1.722mm" directions="left,top" freeSpaceOnLeft=">5.0mm" freeSpaceAbove=">5.0mm" left="11.3mm" right="13.7mm" bottom="52.5mm" top="53.5mm" />
    <NearbyComponent name="R_FB_HI" edgeDistance="2.725mm" directions="bottom" freeSpaceOnLeft=">5.0mm" freeSpaceOnRight="1.0mm" freeSpaceBelow="1.0mm" left="14.3mm" right="16.7mm" bottom="46.5mm" top="47.5mm" />
    <NearbyComponent name="U_BOOST" edgeDistance="3.469mm" directions="left,bottom" freeSpaceOnLeft="1.5mm" freeSpaceBelow=">5.0mm" left="9.0mm" right="11.0mm" bottom="48.4mm" top="49.6mm" />
    <NearbyComponent name="R_TIMER" edgeDistance="4.165mm" directions="right,bottom" freeSpaceOnRight=">5.0mm" freeSpaceBelow="2.6mm" left="17.8mm" right="20.2mm" bottom="46.5mm" top="47.5mm" />
    <NearbyComponent name="R_FB_LO" edgeDistance="4.725mm" directions="bottom" freeSpaceOnLeft=">5.0mm" freeSpaceOnRight="4.0mm" freeSpaceBelow="1.8mm" left="14.3mm" right="16.7mm" bottom="44.5mm" top="45.5mm" />
</CongestedRegion>

<CongestedRegion probabilityOfFailure="1.5%" left="14.1mm" right="14.3mm" bottom="41.3mm" top="42.0mm" width="0.2mm" height="0.7mm">
    <NearbyComponent name="C_BAT" edgeDistance="0mm" overlapDepth="0.175mm" directions="left,right,bottom,top" regionWithinComponent left="13.1mm" right="15.9mm" bottom="41.3mm" top="42.7mm" />
    <NearbyComponent name="R_ISET" edgeDistance="0.825mm" directions="bottom" freeSpaceOnLeft=">5.0mm" freeSpaceOnRight="1.8mm" freeSpaceBelow="2.4mm" left="12.8mm" right="15.2mm" bottom="39.5mm" top="40.5mm" />
    <NearbyComponent name="R_FB_LO" edgeDistance="2.525mm" directions="right,top" freeSpaceOnRight="4.0mm" freeSpaceAbove="1.0mm" left="14.3mm" right="16.7mm" bottom="44.5mm" top="45.5mm" />
    <NearbyComponent name="U_CHARGE" edgeDistance="2.8mm" directions="right" freeSpaceOnRight="0.6mm" freeSpaceAbove="0.7mm" freeSpaceBelow="2.9mm" left="17.1mm" right="20.9mm" bottom="40.1mm" top="43.9mm" />
    <NearbyComponent name="J_PI" edgeDistance="4.13mm" directions="bottom" freeSpaceOnLeft=">5.0mm" freeSpaceOnRight=">5.0mm" freeSpaceBelow="2.4mm" left="-25.0mm" right="25.0mm" bottom="32.8mm" top="37.2mm" />
    <NearbyComponent name="R_FB_HI" edgeDistance="4.525mm" directions="right,top" freeSpaceOnRight="1.0mm" freeSpaceAbove=">5.0mm" left="14.3mm" right="16.7mm" bottom="46.5mm" top="47.5mm" />
</CongestedRegion>

<CongestedRegion probabilityOfFailure="1.3%" left="33.6mm" right="34.9mm" bottom="49.3mm" top="51.8mm" width="1.3mm" height="2.5mm">
    <NearbyComponent name="U_USB_ESD" edgeDistance="0mm" overlapDepth="1.072mm" directions="left,bottom" freeSpaceOnLeft="3.1mm" freeSpaceBelow="3.5mm" left="31.3mm" right="34.7mm" bottom="49.3mm" top="51.7mm" />
    <NearbyComponent name="C_USB_ESD" edgeDistance="3.483mm" directions="left,bottom" freeSpaceOnLeft=">5.0mm" freeSpaceBelow=">5.0mm" left="27.8mm" right="30.2mm" bottom="47.5mm" top="48.5mm" />
    <NearbyComponent name="J_OFF" edgeDistance="3.534mm" directions="bottom" freeSpaceOnLeft=">5.0mm" freeSpaceOnRight=">5.0mm" freeSpaceBelow=">5.0mm" left="32.0mm" right="36.0mm" bottom="44.3mm" top="45.8mm" />
    <NearbyComponent name="J_USB" edgeDistance="4.196mm" directions="left,top" freeSpaceOnLeft=">5.0mm" freeSpaceAbove=">5.0mm" left="20.1mm" right="29.9mm" bottom="53.8mm" top="60.3mm" />
</CongestedRegion>

<CongestedRegion probabilityOfFailure="1.3%" left="31.3mm" right="32.4mm" bottom="51.2mm" top="51.7mm" width="1.1mm" height="0.5mm">
    <NearbyComponent name="U_USB_ESD" edgeDistance="0mm" overlapDepth="0.532mm" directions="left,right,bottom,top" regionWithinComponent left="31.3mm" right="34.7mm" bottom="49.3mm" top="51.7mm" />
    <NearbyComponent name="J_USB" edgeDistance="2.485mm" directions="left,top" freeSpaceOnLeft=">5.0mm" freeSpaceAbove=">5.0mm" left="20.1mm" right="29.9mm" bottom="53.8mm" top="60.3mm" />
    <NearbyComponent name="C_USB_ESD" edgeDistance="2.92mm" directions="left,bottom" freeSpaceOnLeft=">5.0mm" freeSpaceBelow=">5.0mm" left="27.8mm" right="30.2mm" bottom="47.5mm" top="48.5mm" />
    <NearbyComponent name="R_CC1" edgeDistance="3.09mm" directions="left" freeSpaceOnLeft="1.5mm" freeSpaceAbove="2.3mm" freeSpaceBelow=">5.0mm" left="25.8mm" right="28.2mm" bottom="50.5mm" top="51.5mm" />
</CongestedRegion>

<CongestedRegion probabilityOfFailure="1.2%" left="16.6mm" right="16.9mm" bottom="13.2mm" top="13.8mm" width="0.3mm" height="0.6mm">
    <NearbyComponent name="U_AUDIO" edgeDistance="0mm" overlapDepth="0.25mm" directions="left,right,bottom,top" regionWithinComponent left="15.2mm" right="18.8mm" bottom="10.2mm" top="13.8mm" />
    <NearbyComponent name="C_AUDIO_HF" edgeDistance="2.56mm" directions="right,bottom" freeSpaceOnRight=">5.0mm" freeSpaceBelow="2.3mm" left="19.4mm" right="21.9mm" bottom="12.0mm" top="13.0mm" />
    <NearbyComponent name="J_SPEAKER" edgeDistance="3.45mm" directions="top" freeSpaceOnLeft=">5.0mm" freeSpaceOnRight=">5.0mm" freeSpaceAbove=">5.0mm" left="16.0mm" right="20.0mm" bottom="17.3mm" top="18.8mm" />
    <NearbyComponent name="C_AUDIO_BULK" edgeDistance="4.42mm" directions="right,bottom" freeSpaceOnRight=">5.0mm" freeSpaceBelow=">5.0mm" left="19.6mm" right="22.4mm" bottom="8.3mm" top="9.7mm" />
</CongestedRegion>

<CongestedRegion probabilityOfFailure="1.2%" left="18.8mm" right="19.4mm" bottom="45.6mm" top="45.8mm" width="0.6mm" height="0.3mm">
    <NearbyComponent name="R_TIMER" edgeDistance="0.7mm" directions="top" freeSpaceOnLeft="1.0mm" freeSpaceOnRight=">5.0mm" freeSpaceAbove=">5.0mm" left="17.8mm" right="20.2mm" bottom="46.5mm" top="47.5mm" />
    <NearbyComponent name="C_USB" edgeDistance="1.35mm" directions="right,bottom" freeSpaceOnRight=">5.0mm" freeSpaceBelow="0.7mm" left="20.8mm" right="23.2mm" bottom="44.6mm" top="45.6mm" />
    <NearbyComponent name="U_CHARGE" edgeDistance="1.65mm" directions="bottom" freeSpaceOnLeft="1.1mm" freeSpaceOnRight="0.6mm" freeSpaceBelow="2.9mm" left="17.1mm" right="20.9mm" bottom="40.1mm" top="43.9mm" />
    <NearbyComponent name="R_FB_LO" edgeDistance="2.102mm" directions="left,bottom" freeSpaceOnLeft=">5.0mm" freeSpaceBelow="1.8mm" left="14.3mm" right="16.7mm" bottom="44.5mm" top="45.5mm" />
    <NearbyComponent name="R_FB_HI" edgeDistance="2.214mm" directions="left,top" freeSpaceOnLeft=">5.0mm" freeSpaceAbove=">5.0mm" left="14.3mm" right="16.7mm" bottom="46.5mm" top="47.5mm" />
    <NearbyComponent name="C_SYS" edgeDistance="3.671mm" directions="right,bottom" freeSpaceOnRight="0.8mm" freeSpaceBelow="4.0mm" left="21.6mm" right="24.4mm" bottom="41.2mm" top="42.6mm" />
    <NearbyComponent name="C_FEEDFORWARD" edgeDistance="3.748mm" directions="left,top" freeSpaceOnLeft="1.1mm" freeSpaceAbove=">5.0mm" left="15.8mm" right="18.2mm" bottom="49.5mm" top="50.5mm" />
    <NearbyComponent name="C_BAT" edgeDistance="4.084mm" directions="left,bottom" freeSpaceOnLeft="4.5mm" freeSpaceBelow="0.8mm" left="13.1mm" right="15.9mm" bottom="41.3mm" top="42.7mm" />
</CongestedRegion>

<CongestedRegion probabilityOfFailure="1.1%" left="30.4mm" right="31.8mm" bottom="15.0mm" top="15.5mm" width="1.3mm" height="0.5mm">
    <NearbyComponent name="R_ALERT_PULL" edgeDistance="0mm" directions="right" freeSpaceOnRight=">5.0mm" freeSpaceAbove=">5.0mm" freeSpaceBelow=">5.0mm" left="31.8mm" right="34.2mm" bottom="14.5mm" top="15.5mm" />
    <NearbyComponent name="C_GAUGE" edgeDistance="0mm" directions="bottom" freeSpaceOnLeft=">5.0mm" freeSpaceOnRight="0.5mm" freeSpaceBelow=">5.0mm" left="28.8mm" right="31.2mm" bottom="14.0mm" top="15.0mm" />
    <NearbyComponent name="U_GAUGE" edgeDistance="1.375mm" directions="top" freeSpaceOnLeft=">5.0mm" freeSpaceOnRight=">5.0mm" freeSpaceAbove=">5.0mm" left="31.1mm" right="32.9mm" bottom="16.8mm" top="19.2mm" />
</CongestedRegion>

<CongestedRegion probabilityOfFailure="1%" left="-34.4mm" right="-33.7mm" bottom="0.7mm" top="1.9mm" width="0.6mm" height="1.1mm">
    <NearbyComponent name="U_LCD_PWR" edgeDistance="0mm" overlapDepth="0.622mm" directions="left,bottom,top" freeSpaceOnLeft=">5.0mm" left="-36.3mm" right="-33.7mm" bottom="-1.9mm" top="1.9mm" />
    <NearbyComponent name="C_LCD_IN" edgeDistance="3.479mm" directions="left,top" freeSpaceOnLeft=">5.0mm" freeSpaceAbove=">5.0mm" left="-40.2mm" right="-37.8mm" bottom="2.5mm" top="3.5mm" />
    <NearbyComponent name="C_LCD_OUT" edgeDistance="4.729mm" directions="left,bottom" freeSpaceOnLeft=">5.0mm" freeSpaceBelow=">5.0mm" left="-40.2mm" right="-37.8mm" bottom="-3.5mm" top="-2.5mm" />
</CongestedRegion>

<CongestedRegion probabilityOfFailure="1%" left="-27.5mm" right="-26.5mm" bottom="-41.2mm" top="-40.5mm" width="1.0mm" height="0.8mm">
    <NearbyComponent name="SW_DOWN" edgeDistance="0mm" overlapDepth="0.75mm" directions="right,bottom,top" freeSpaceOnRight=">5.0mm" left="-27.5mm" right="-20.5mm" bottom="-41.2mm" top="-36.8mm" />
</CongestedRegion>

<CongestedRegion probabilityOfFailure="1%" left="-37.5mm" right="-36.5mm" bottom="-31.2mm" top="-30.5mm" width="1.0mm" height="0.8mm">
    <NearbyComponent name="SW_LEFT" edgeDistance="0mm" overlapDepth="0.75mm" directions="left,right,bottom,top" regionWithinComponent left="-37.5mm" right="-30.5mm" bottom="-31.2mm" top="-26.8mm" />
</CongestedRegion>

<CongestedRegion probabilityOfFailure="1%" left="-17.5mm" right="-16.5mm" bottom="-31.2mm" top="-30.5mm" width="1.0mm" height="0.8mm">
    <NearbyComponent name="SW_RIGHT" edgeDistance="0mm" overlapDepth="0.75mm" directions="right,bottom,top" freeSpaceOnRight=">5.0mm" left="-17.5mm" right="-10.5mm" bottom="-31.2mm" top="-26.8mm" />
</CongestedRegion>

<CongestedRegion probabilityOfFailure="1%" left="-15.5mm" right="-14.5mm" bottom="-54.2mm" top="-53.5mm" width="1.0mm" height="0.8mm">
    <NearbyComponent name="SW_SELECT" edgeDistance="0mm" overlapDepth="0.75mm" directions="left,right,bottom,top" regionWithinComponent left="-15.5mm" right="-8.5mm" bottom="-54.2mm" top="-49.8mm" />
</CongestedRegion>

<CongestedRegion probabilityOfFailure="1%" left="-3.5mm" right="-2.5mm" bottom="-44.2mm" top="-43.5mm" width="1.0mm" height="0.8mm">
    <NearbyComponent name="SW_MENU" edgeDistance="0mm" overlapDepth="0.75mm" directions="left,right,bottom,top" regionWithinComponent left="-3.5mm" right="3.5mm" bottom="-44.2mm" top="-39.8mm" />
</CongestedRegion>

<CongestedRegion probabilityOfFailure="1%" left="16.9mm" right="17.5mm" bottom="46.3mm" top="47.5mm" width="0.6mm" height="1.2mm">
    <NearbyComponent name="R_FB_HI" edgeDistance="0.15mm" directions="left" freeSpaceOnLeft=">5.0mm" freeSpaceAbove=">5.0mm" freeSpaceBelow="1.0mm" left="14.3mm" right="16.7mm" bottom="46.5mm" top="47.5mm" />
    <NearbyComponent name="R_TIMER" edgeDistance="0.25mm" directions="right" freeSpaceOnRight=">5.0mm" freeSpaceAbove=">5.0mm" freeSpaceBelow="2.6mm" left="17.8mm" right="20.2mm" bottom="46.5mm" top="47.5mm" />
    <NearbyComponent name="R_FB_LO" edgeDistance="0.863mm" directions="left,bottom" freeSpaceOnLeft=">5.0mm" freeSpaceBelow="1.8mm" left="14.3mm" right="16.7mm" bottom="44.5mm" top="45.5mm" />
    <NearbyComponent name="C_FEEDFORWARD" edgeDistance="2.05mm" directions="top" freeSpaceOnLeft="1.1mm" freeSpaceOnRight=">5.0mm" freeSpaceAbove=">5.0mm" left="15.8mm" right="18.2mm" bottom="49.5mm" top="50.5mm" />
    <NearbyComponent name="U_CHARGE" edgeDistance="2.4mm" directions="bottom" freeSpaceOnLeft="1.1mm" freeSpaceOnRight="0.6mm" freeSpaceBelow="2.9mm" left="17.1mm" right="20.9mm" bottom="40.1mm" top="43.9mm" />
    <NearbyComponent name="C_BOOST_IN" edgeDistance="2.611mm" directions="left,top" freeSpaceOnLeft="0.7mm" freeSpaceAbove=">5.0mm" left="11.8mm" right="14.6mm" bottom="48.8mm" top="50.2mm" />
    <NearbyComponent name="C_USB" edgeDistance="3.335mm" directions="right,bottom" freeSpaceOnRight=">5.0mm" freeSpaceBelow="0.7mm" left="20.8mm" right="23.2mm" bottom="44.6mm" top="45.6mm" />
    <NearbyComponent name="C_BAT" edgeDistance="3.747mm" directions="left,bottom" freeSpaceOnLeft="4.5mm" freeSpaceBelow="0.8mm" left="13.1mm" right="15.9mm" bottom="41.3mm" top="42.7mm" />
</CongestedRegion>

<CongestedRegion probabilityOfFailure="0.9%" left="27.4mm" right="28.2mm" bottom="50.5mm" top="51.5mm" width="0.8mm" height="1.0mm">
    <NearbyComponent name="R_CC1" edgeDistance="0mm" overlapDepth="0.8mm" directions="left,bottom,top" freeSpaceOnLeft="1.5mm" left="25.8mm" right="28.2mm" bottom="50.5mm" top="51.5mm" />
    <NearbyComponent name="C_USB_ESD" edgeDistance="2.05mm" directions="bottom" freeSpaceOnLeft=">5.0mm" freeSpaceOnRight=">5.0mm" freeSpaceBelow=">5.0mm" left="27.8mm" right="30.2mm" bottom="47.5mm" top="48.5mm" />
    <NearbyComponent name="J_USB" edgeDistance="2.301mm" directions="top" freeSpaceOnLeft=">5.0mm" freeSpaceOnRight=">5.0mm" freeSpaceAbove=">5.0mm" left="20.1mm" right="29.9mm" bottom="53.8mm" top="60.3mm" />
    <NearbyComponent name="U_USB_ESD" edgeDistance="3.09mm" directions="right" freeSpaceOnRight=">5.0mm" freeSpaceAbove=">5.0mm" freeSpaceBelow="3.5mm" left="31.3mm" right="34.7mm" bottom="49.3mm" top="51.7mm" />
    <NearbyComponent name="R_CC2" edgeDistance="3.2mm" directions="left" freeSpaceOnLeft=">5.0mm" freeSpaceAbove="2.3mm" freeSpaceBelow="4.9mm" left="21.8mm" right="24.2mm" bottom="50.5mm" top="51.5mm" />
</CongestedRegion>

<CongestedRegion probabilityOfFailure="0.9%" left="21.8mm" right="22.6mm" bottom="50.5mm" top="51.5mm" width="0.8mm" height="1.0mm">
    <NearbyComponent name="R_CC2" edgeDistance="0mm" overlapDepth="0.8mm" directions="left,right,bottom,top" regionWithinComponent left="21.8mm" right="24.2mm" bottom="50.5mm" top="51.5mm" />
    <NearbyComponent name="J_USB" edgeDistance="2.301mm" directions="top" freeSpaceOnLeft=">5.0mm" freeSpaceOnRight=">5.0mm" freeSpaceAbove=">5.0mm" left="20.1mm" right="29.9mm" bottom="53.8mm" top="60.3mm" />
    <NearbyComponent name="R_CC1" edgeDistance="3.2mm" directions="right" freeSpaceOnRight="3.1mm" freeSpaceAbove="2.3mm" freeSpaceBelow=">5.0mm" left="25.8mm" right="28.2mm" bottom="50.5mm" top="51.5mm" />
    <NearbyComponent name="R_TIMER" edgeDistance="3.421mm" directions="left,bottom" freeSpaceOnLeft="1.0mm" freeSpaceBelow="2.6mm" left="17.8mm" right="20.2mm" bottom="46.5mm" top="47.5mm" />
    <NearbyComponent name="C_FEEDFORWARD" edgeDistance="3.55mm" directions="left,bottom" freeSpaceOnLeft="1.1mm" freeSpaceBelow="2.0mm" left="15.8mm" right="18.2mm" bottom="49.5mm" top="50.5mm" />
    <NearbyComponent name="C_USB" edgeDistance="4.95mm" directions="bottom" freeSpaceOnLeft="4.0mm" freeSpaceOnRight=">5.0mm" freeSpaceBelow="0.7mm" left="20.8mm" right="23.2mm" bottom="44.6mm" top="45.6mm" />
</CongestedRegion>

<CongestedRegion probabilityOfFailure="0.9%" left="12.8mm" right="13.6mm" bottom="39.5mm" top="40.5mm" width="0.8mm" height="1.0mm">
    <NearbyComponent name="R_ISET" edgeDistance="0mm" overlapDepth="0.8mm" directions="left,right,bottom,top" regionWithinComponent left="12.8mm" right="15.2mm" bottom="39.5mm" top="40.5mm" />
    <NearbyComponent name="C_BAT" edgeDistance="0.825mm" directions="top" freeSpaceOnLeft="4.5mm" freeSpaceOnRight="1.1mm" freeSpaceAbove="1.8mm" left="13.1mm" right="15.9mm" bottom="41.3mm" top="42.7mm" />
    <NearbyComponent name="J_PI" edgeDistance="2.355mm" directions="bottom" freeSpaceOnLeft=">5.0mm" freeSpaceOnRight=">5.0mm" freeSpaceBelow="2.4mm" left="-25.0mm" right="25.0mm" bottom="32.8mm" top="37.2mm" />
    <NearbyComponent name="U_CHARGE" edgeDistance="3.5mm" directions="right" freeSpaceOnRight="0.6mm" freeSpaceAbove="0.7mm" freeSpaceBelow="2.9mm" left="17.1mm" right="20.9mm" bottom="40.1mm" top="43.9mm" />
    <NearbyComponent name="R_FB_LO" edgeDistance="4.11mm" directions="right,top" freeSpaceOnRight="4.0mm" freeSpaceAbove="1.0mm" left="14.3mm" right="16.7mm" bottom="44.5mm" top="45.5mm" />
    <NearbyComponent name="C_BOOST_OUT2" edgeDistance="4.559mm" directions="left,top" freeSpaceOnLeft=">5.0mm" freeSpaceAbove="1.5mm" left="4.5mm" right="8.5mm" bottom="42.1mm" top="43.9mm" />
</CongestedRegion>

<CongestedRegion probabilityOfFailure="0.9%" left="26.9mm" right="27.7mm" bottom="42.5mm" top="43.5mm" width="0.8mm" height="1.0mm">
    <NearbyComponent name="R_ILIM" edgeDistance="0mm" overlapDepth="0.8mm" directions="left,bottom,top" freeSpaceOnLeft="0.8mm" left="25.3mm" right="27.7mm" bottom="42.5mm" top="43.5mm" />
    <NearbyComponent name="C_SYS" edgeDistance="2.5mm" directions="left" freeSpaceOnLeft="0.6mm" freeSpaceAbove=">5.0mm" freeSpaceBelow="4.0mm" left="21.6mm" right="24.4mm" bottom="41.2mm" top="42.6mm" />
    <NearbyComponent name="C_USB" edgeDistance="3.875mm" directions="left,top" freeSpaceOnLeft="4.0mm" freeSpaceAbove="4.9mm" left="20.8mm" right="23.2mm" bottom="44.6mm" top="45.6mm" />
    <NearbyComponent name="C_USB_ESD" edgeDistance="4.05mm" directions="right,top" freeSpaceOnRight=">5.0mm" freeSpaceAbove=">5.0mm" left="27.8mm" right="30.2mm" bottom="47.5mm" top="48.5mm" />
    <NearbyComponent name="J_OFF" edgeDistance="4.325mm" directions="right,top" freeSpaceOnRight=">5.0mm" freeSpaceAbove="3.5mm" left="32.0mm" right="36.0mm" bottom="44.3mm" top="45.8mm" />
</CongestedRegion>

<CongestedRegion probabilityOfFailure="0.9%" left="19.4mm" right="20.2mm" bottom="46.5mm" top="47.5mm" width="0.8mm" height="1.0mm">
    <NearbyComponent name="R_TIMER" edgeDistance="0mm" overlapDepth="0.8mm" directions="left,bottom,top" freeSpaceOnLeft="1.0mm" left="17.8mm" right="20.2mm" bottom="46.5mm" top="47.5mm" />
    <NearbyComponent name="C_USB" edgeDistance="1.098mm" directions="right,bottom" freeSpaceOnRight=">5.0mm" freeSpaceBelow="0.7mm" left="20.8mm" right="23.2mm" bottom="44.6mm" top="45.6mm" />
    <NearbyComponent name="C_FEEDFORWARD" edgeDistance="2.375mm" directions="left,top" freeSpaceOnLeft="1.1mm" freeSpaceAbove=">5.0mm" left="15.8mm" right="18.2mm" bottom="49.5mm" top="50.5mm" />
    <NearbyComponent name="U_CHARGE" edgeDistance="2.6mm" directions="bottom" freeSpaceOnLeft="1.1mm" freeSpaceOnRight="0.6mm" freeSpaceBelow="2.9mm" left="17.1mm" right="20.9mm" bottom="40.1mm" top="43.9mm" />
    <NearbyComponent name="R_FB_HI" edgeDistance="2.7mm" directions="left" freeSpaceOnLeft=">5.0mm" freeSpaceAbove=">5.0mm" freeSpaceBelow="1.0mm" left="14.3mm" right="16.7mm" bottom="46.5mm" top="47.5mm" />
    <NearbyComponent name="R_FB_LO" edgeDistance="2.897mm" directions="left,bottom" freeSpaceOnLeft=">5.0mm" freeSpaceBelow="1.8mm" left="14.3mm" right="16.7mm" bottom="44.5mm" top="45.5mm" />
    <NearbyComponent name="R_CC2" edgeDistance="3.421mm" directions="right,top" freeSpaceOnRight="1.5mm" freeSpaceAbove="2.3mm" left="21.8mm" right="24.2mm" bottom="50.5mm" top="51.5mm" />
    <NearbyComponent name="C_SYS" edgeDistance="4.151mm" directions="right,bottom" freeSpaceOnRight="0.8mm" freeSpaceBelow="4.0mm" left="21.6mm" right="24.4mm" bottom="41.2mm" top="42.6mm" />
    <NearbyComponent name="C_BOOST_IN" edgeDistance="4.98mm" directions="left,top" freeSpaceOnLeft="0.7mm" freeSpaceAbove=">5.0mm" left="11.8mm" right="14.6mm" bottom="48.8mm" top="50.2mm" />
</CongestedRegion>

<CongestedRegion probabilityOfFailure="0.9%" left="30.4mm" right="31.2mm" bottom="14.0mm" top="15.0mm" width="0.8mm" height="0.9mm">
    <NearbyComponent name="C_GAUGE" edgeDistance="0mm" overlapDepth="0.8mm" directions="left,bottom,top" freeSpaceOnLeft=">5.0mm" left="28.8mm" right="31.2mm" bottom="14.0mm" top="15.0mm" />
    <NearbyComponent name="R_ALERT_PULL" edgeDistance="0.55mm" directions="right" freeSpaceOnRight=">5.0mm" freeSpaceAbove=">5.0mm" freeSpaceBelow=">5.0mm" left="31.8mm" right="34.2mm" bottom="14.5mm" top="15.5mm" />
    <NearbyComponent name="U_GAUGE" edgeDistance="1.875mm" directions="top" freeSpaceOnLeft=">5.0mm" freeSpaceOnRight=">5.0mm" freeSpaceAbove=">5.0mm" left="31.1mm" right="32.9mm" bottom="16.8mm" top="19.2mm" />
</CongestedRegion>

<CongestedRegion probabilityOfFailure="0.9%" left="29.4mm" right="30.2mm" bottom="47.5mm" top="48.5mm" width="0.8mm" height="1.0mm">
    <NearbyComponent name="C_USB_ESD" edgeDistance="0mm" overlapDepth="0.8mm" directions="left,bottom,top" freeSpaceOnLeft=">5.0mm" left="27.8mm" right="30.2mm" bottom="47.5mm" top="48.5mm" />
    <NearbyComponent name="U_USB_ESD" edgeDistance="1.357mm" directions="right,top" freeSpaceOnRight=">5.0mm" freeSpaceAbove=">5.0mm" left="31.3mm" right="34.7mm" bottom="49.3mm" top="51.7mm" />
    <NearbyComponent name="R_CC1" edgeDistance="2.375mm" directions="left,top" freeSpaceOnLeft="1.5mm" freeSpaceAbove="2.3mm" left="25.8mm" right="28.2mm" bottom="50.5mm" top="51.5mm" />
    <NearbyComponent name="J_OFF" edgeDistance="2.496mm" directions="right,bottom" freeSpaceOnRight=">5.0mm" freeSpaceBelow=">5.0mm" left="32.0mm" right="36.0mm" bottom="44.3mm" top="45.8mm" />
    <NearbyComponent name="R_ILIM" edgeDistance="4.392mm" directions="left,bottom" freeSpaceOnLeft="0.8mm" freeSpaceBelow=">5.0mm" left="25.3mm" right="27.7mm" bottom="42.5mm" top="43.5mm" />
</CongestedRegion>

<CongestedRegion probabilityOfFailure="0.9%" left="8.4mm" right="9.2mm" bottom="18.5mm" top="19.5mm" width="0.8mm" height="1.0mm">
    <NearbyComponent name="R_USB_EN1" edgeDistance="0mm" overlapDepth="0.8mm" directions="left,right,bottom,top" regionWithinComponent left="6.8mm" right="9.2mm" bottom="18.5mm" top="19.5mm" />
    <NearbyComponent name="R_USB_EN2" edgeDistance="2.05mm" directions="bottom" freeSpaceOnLeft=">5.0mm" freeSpaceOnRight=">5.0mm" freeSpaceBelow=">5.0mm" left="6.8mm" right="9.2mm" bottom="15.5mm" top="16.5mm" />
</CongestedRegion>

<CongestedRegion probabilityOfFailure="0.9%" left="8.4mm" right="9.2mm" bottom="15.5mm" top="16.5mm" width="0.8mm" height="1.0mm">
    <NearbyComponent name="R_USB_EN2" edgeDistance="0mm" overlapDepth="0.8mm" directions="left,right,bottom,top" regionWithinComponent left="6.8mm" right="9.2mm" bottom="15.5mm" top="16.5mm" />
    <NearbyComponent name="R_USB_EN1" edgeDistance="2.05mm" directions="top" freeSpaceOnLeft=">5.0mm" freeSpaceOnRight=">5.0mm" freeSpaceAbove=">5.0mm" left="6.8mm" right="9.2mm" bottom="18.5mm" top="19.5mm" />
</CongestedRegion>

<CongestedRegion probabilityOfFailure="0.9%" left="-40.2mm" right="-39.4mm" bottom="-3.5mm" top="-2.5mm" width="0.8mm" height="0.9mm">
    <NearbyComponent name="C_LCD_OUT" edgeDistance="0mm" overlapDepth="0.8mm" directions="left,right,bottom,top" regionWithinComponent left="-40.2mm" right="-37.8mm" bottom="-3.5mm" top="-2.5mm" />
    <NearbyComponent name="U_LCD_PWR" edgeDistance="3.235mm" directions="right,top" freeSpaceOnRight=">5.0mm" freeSpaceAbove=">5.0mm" left="-36.3mm" right="-33.7mm" bottom="-1.9mm" top="1.9mm" />
</CongestedRegion>

<CongestedRegion probabilityOfFailure="0.9%" left="3.2mm" right="4.0mm" bottom="-16.0mm" top="-15.0mm" width="0.8mm" height="0.9mm">
    <NearbyComponent name="C_KEYS" edgeDistance="0mm" overlapDepth="0.8mm" directions="left,bottom,top" freeSpaceOnLeft=">5.0mm" left="1.5mm" right="4.0mm" bottom="-16.0mm" top="-15.0mm" />
    <NearbyComponent name="U_KEYS" edgeDistance="0.817mm" directions="top" freeSpaceOnLeft=">5.0mm" freeSpaceOnRight=">5.0mm" freeSpaceAbove="2.3mm" left="-8.6mm" right="8.6mm" bottom="-14.2mm" top="-1.8mm" />
</CongestedRegion>

<CongestedRegion probabilityOfFailure="0.9%" left="-35.3mm" right="-34.7mm" bottom="0.4mm" top="0.7mm" width="0.6mm" height="0.3mm">
    <NearbyComponent name="U_LCD_PWR" edgeDistance="0mm" overlapDepth="0.323mm" directions="left,right,bottom,top" regionWithinComponent left="-36.3mm" right="-33.7mm" bottom="-1.9mm" top="1.9mm" />
    <NearbyComponent name="C_LCD_IN" edgeDistance="3.039mm" directions="left,top" freeSpaceOnLeft=">5.0mm" freeSpaceAbove=">5.0mm" left="-40.2mm" right="-37.8mm" bottom="2.5mm" top="3.5mm" />
    <NearbyComponent name="C_LCD_OUT" edgeDistance="3.844mm" directions="left,bottom" freeSpaceOnLeft=">5.0mm" freeSpaceBelow=">5.0mm" left="-40.2mm" right="-37.8mm" bottom="-3.5mm" top="-2.5mm" />
</CongestedRegion>

<CongestedRegion probabilityOfFailure="0.9%" left="18.2mm" right="18.6mm" bottom="45.8mm" top="46.3mm" width="0.4mm" height="0.5mm">
    <NearbyComponent name="R_TIMER" edgeDistance="0.2mm" directions="top" freeSpaceOnLeft="1.0mm" freeSpaceOnRight=">5.0mm" freeSpaceAbove=">5.0mm" left="17.8mm" right="20.2mm" bottom="46.5mm" top="47.5mm" />
    <NearbyComponent name="R_FB_HI" edgeDistance="1.464mm" directions="left,top" freeSpaceOnLeft=">5.0mm" freeSpaceAbove=">5.0mm" left="14.3mm" right="16.7mm" bottom="46.5mm" top="47.5mm" />
    <NearbyComponent name="R_FB_LO" edgeDistance="1.492mm" directions="left,bottom" freeSpaceOnLeft=">5.0mm" freeSpaceBelow="1.8mm" left="14.3mm" right="16.7mm" bottom="44.5mm" top="45.5mm" />
    <NearbyComponent name="U_CHARGE" edgeDistance="1.9mm" directions="bottom" freeSpaceOnLeft="1.1mm" freeSpaceOnRight="0.6mm" freeSpaceBelow="2.9mm" left="17.1mm" right="20.9mm" bottom="40.1mm" top="43.9mm" />
    <NearbyComponent name="C_USB" edgeDistance="2.214mm" directions="right,bottom" freeSpaceOnRight=">5.0mm" freeSpaceBelow="0.7mm" left="20.8mm" right="23.2mm" bottom="44.6mm" top="45.6mm" />
    <NearbyComponent name="C_FEEDFORWARD" edgeDistance="3.2mm" directions="top" freeSpaceOnLeft="1.1mm" freeSpaceOnRight=">5.0mm" freeSpaceAbove=">5.0mm" left="15.8mm" right="18.2mm" bottom="49.5mm" top="50.5mm" />
    <NearbyComponent name="C_BAT" edgeDistance="3.851mm" directions="left,bottom" freeSpaceOnLeft="4.5mm" freeSpaceBelow="0.8mm" left="13.1mm" right="15.9mm" bottom="41.3mm" top="42.7mm" />
    <NearbyComponent name="C_BOOST_IN" edgeDistance="4.328mm" directions="left,top" freeSpaceOnLeft="0.7mm" freeSpaceAbove=">5.0mm" left="11.8mm" right="14.6mm" bottom="48.8mm" top="50.2mm" />
    <NearbyComponent name="C_SYS" edgeDistance="4.405mm" directions="right,bottom" freeSpaceOnRight="0.8mm" freeSpaceBelow="4.0mm" left="21.6mm" right="24.4mm" bottom="41.2mm" top="42.6mm" />
</CongestedRegion>

<CongestedRegion probabilityOfFailure="0.8%" left="31.4mm" right="32.6mm" bottom="17.3mm" top="18.7mm" width="1.2mm" height="1.5mm">
    <NearbyComponent name="U_GAUGE" edgeDistance="0mm" overlapDepth="1.2mm" directions="left,right,bottom,top" regionWithinComponent left="31.1mm" right="32.9mm" bottom="16.8mm" top="19.2mm" />
    <NearbyComponent name="R_ALERT_PULL" edgeDistance="1.8mm" directions="bottom" freeSpaceOnLeft="0.5mm" freeSpaceOnRight=">5.0mm" freeSpaceBelow=">5.0mm" left="31.8mm" right="34.2mm" bottom="14.5mm" top="15.5mm" />
    <NearbyComponent name="C_GAUGE" edgeDistance="2.307mm" directions="left,bottom" freeSpaceOnLeft=">5.0mm" freeSpaceBelow=">5.0mm" left="28.8mm" right="31.2mm" bottom="14.0mm" top="15.0mm" />
</CongestedRegion>

<CongestedRegion probabilityOfFailure="0.8%" left="25.1mm" right="25.4mm" bottom="52.3mm" top="52.9mm" width="0.3mm" height="0.7mm">
    <NearbyComponent name="J_USB" edgeDistance="0.851mm" directions="top" freeSpaceOnLeft=">5.0mm" freeSpaceOnRight=">5.0mm" freeSpaceAbove=">5.0mm" left="20.1mm" right="29.9mm" bottom="53.8mm" top="60.3mm" />
    <NearbyComponent name="R_CC1" edgeDistance="0.873mm" directions="right,bottom" freeSpaceOnRight="3.1mm" freeSpaceBelow=">5.0mm" left="25.8mm" right="28.2mm" bottom="50.5mm" top="51.5mm" />
    <NearbyComponent name="R_CC2" edgeDistance="1.167mm" directions="left,bottom" freeSpaceOnLeft=">5.0mm" freeSpaceBelow="4.9mm" left="21.8mm" right="24.2mm" bottom="50.5mm" top="51.5mm" />
    <NearbyComponent name="C_USB_ESD" edgeDistance="4.468mm" directions="right,bottom" freeSpaceOnRight=">5.0mm" freeSpaceBelow=">5.0mm" left="27.8mm" right="30.2mm" bottom="47.5mm" top="48.5mm" />
</CongestedRegion>

<CongestedRegion probabilityOfFailure="0.8%" left="24.6mm" right="24.9mm" bottom="55.4mm" top="56.1mm" width="0.3mm" height="0.7mm">
    <NearbyComponent name="J_USB" edgeDistance="0mm" overlapDepth="0.35mm" directions="left,right,bottom,top" regionWithinComponent left="20.1mm" right="29.9mm" bottom="53.8mm" top="60.3mm" />
    <NearbyComponent name="R_CC2" edgeDistance="3.965mm" directions="left,bottom" freeSpaceOnLeft=">5.0mm" freeSpaceBelow="4.9mm" left="21.8mm" right="24.2mm" bottom="50.5mm" top="51.5mm" />
    <NearbyComponent name="R_CC1" edgeDistance="4.04mm" directions="right,bottom" freeSpaceOnRight="3.1mm" freeSpaceBelow=">5.0mm" left="25.8mm" right="28.2mm" bottom="50.5mm" top="51.5mm" />
</CongestedRegion>

<CongestedRegion probabilityOfFailure="0.8%" left="-36.3mm" right="-35.6mm" bottom="-0.7mm" top="0.7mm" width="0.6mm" height="1.5mm">
    <NearbyComponent name="U_LCD_PWR" edgeDistance="0mm" overlapDepth="0.622mm" directions="left,right,bottom,top" regionWithinComponent left="-36.3mm" right="-33.7mm" bottom="-1.9mm" top="1.9mm" />
    <NearbyComponent name="C_LCD_IN" edgeDistance="2.335mm" directions="left,top" freeSpaceOnLeft=">5.0mm" freeSpaceAbove=">5.0mm" left="-40.2mm" right="-37.8mm" bottom="2.5mm" top="3.5mm" />
    <NearbyComponent name="C_LCD_OUT" edgeDistance="2.335mm" directions="left,bottom" freeSpaceOnLeft=">5.0mm" freeSpaceBelow=">5.0mm" left="-40.2mm" right="-37.8mm" bottom="-3.5mm" top="-2.5mm" />
</CongestedRegion>

<CongestedRegion probabilityOfFailure="0.8%" left="17.1mm" right="18.1mm" bottom="10.0mm" top="10.2mm" width="1.0mm" height="0.2mm">
    <NearbyComponent name="U_AUDIO" edgeDistance="0mm" directions="top" freeSpaceOnLeft=">5.0mm" freeSpaceOnRight="0.6mm" freeSpaceAbove="3.4mm" left="15.2mm" right="18.8mm" bottom="10.2mm" top="13.8mm" />
    <NearbyComponent name="C_AUDIO_BULK" edgeDistance="1.476mm" directions="right,bottom" freeSpaceOnRight=">5.0mm" freeSpaceBelow=">5.0mm" left="19.6mm" right="22.4mm" bottom="8.3mm" top="9.7mm" />
    <NearbyComponent name="C_AUDIO_HF" edgeDistance="2.241mm" directions="right,top" freeSpaceOnRight=">5.0mm" freeSpaceAbove="4.3mm" left="19.4mm" right="21.9mm" bottom="12.0mm" top="13.0mm" />
    <NearbyComponent name="R_AUDIO_EN" edgeDistance="2.5mm" directions="bottom" freeSpaceOnLeft="1.5mm" freeSpaceOnRight=">5.0mm" freeSpaceBelow=">5.0mm" left="17.8mm" right="20.2mm" bottom="6.5mm" top="7.5mm" />
    <NearbyComponent name="R_AUDIO_PD" edgeDistance="2.657mm" directions="left,bottom" freeSpaceOnLeft=">5.0mm" freeSpaceBelow=">5.0mm" left="13.8mm" right="16.2mm" bottom="6.5mm" top="7.5mm" />
</CongestedRegion>

<CongestedRegion probabilityOfFailure="0.8%" left="-5.3mm" right="-4.8mm" bottom="-1.0mm" top="-0.6mm" width="0.5mm" height="0.4mm">
    <NearbyComponent name="U_KEYS" edgeDistance="0.828mm" directions="bottom" freeSpaceOnLeft=">5.0mm" freeSpaceOnRight=">5.0mm" freeSpaceBelow="0.8mm" left="-8.6mm" right="8.6mm" bottom="-14.2mm" top="-1.8mm" />
    <NearbyComponent name="R_RESET" edgeDistance="1.1mm" directions="top" freeSpaceOnLeft=">5.0mm" freeSpaceOnRight=">5.0mm" freeSpaceAbove=">5.0mm" left="-7.2mm" right="-4.8mm" bottom="0.5mm" top="1.5mm" />
</CongestedRegion>

<CongestedRegion probabilityOfFailure="0.7%" left="16.3mm" right="17.8mm" bottom="11.2mm" top="12.7mm" width="1.5mm" height="1.5mm">
    <NearbyComponent name="U_AUDIO" edgeDistance="0mm" overlapDepth="1.5mm" directions="left,right,bottom,top" regionWithinComponent left="15.2mm" right="18.8mm" bottom="10.2mm" top="13.8mm" />
    <NearbyComponent name="C_AUDIO_HF" edgeDistance="1.675mm" directions="right" freeSpaceOnRight=">5.0mm" freeSpaceAbove="4.3mm" freeSpaceBelow="2.3mm" left="19.4mm" right="21.9mm" bottom="12.0mm" top="13.0mm" />
    <NearbyComponent name="C_AUDIO_BULK" edgeDistance="2.394mm" directions="right,bottom" freeSpaceOnRight=">5.0mm" freeSpaceBelow=">5.0mm" left="19.6mm" right="22.4mm" bottom="8.3mm" top="9.7mm" />
    <NearbyComponent name="R_AUDIO_EN" edgeDistance="3.775mm" directions="right,bottom" freeSpaceOnRight=">5.0mm" freeSpaceBelow=">5.0mm" left="17.8mm" right="20.2mm" bottom="6.5mm" top="7.5mm" />
    <NearbyComponent name="R_AUDIO_PD" edgeDistance="3.775mm" directions="left,bottom" freeSpaceOnLeft=">5.0mm" freeSpaceBelow=">5.0mm" left="13.8mm" right="16.2mm" bottom="6.5mm" top="7.5mm" />
    <NearbyComponent name="J_SPEAKER" edgeDistance="4.5mm" directions="top" freeSpaceOnLeft=">5.0mm" freeSpaceOnRight=">5.0mm" freeSpaceAbove=">5.0mm" left="16.0mm" right="20.0mm" bottom="17.3mm" top="18.8mm" />
</CongestedRegion>

<CongestedRegion probabilityOfFailure="0.7%" left="19.1mm" right="19.4mm" bottom="12.0mm" top="12.9mm" width="0.3mm" height="0.9mm">
    <NearbyComponent name="C_AUDIO_HF" edgeDistance="0mm" directions="right" freeSpaceOnRight=">5.0mm" freeSpaceAbove="4.3mm" freeSpaceBelow="2.3mm" left="19.4mm" right="21.9mm" bottom="12.0mm" top="13.0mm" />
    <NearbyComponent name="U_AUDIO" edgeDistance="0.325mm" directions="left" freeSpaceOnLeft=">5.0mm" freeSpaceAbove="3.4mm" freeSpaceBelow="2.7mm" left="15.2mm" right="18.8mm" bottom="10.2mm" top="13.8mm" />
    <NearbyComponent name="C_AUDIO_BULK" edgeDistance="2.33mm" directions="right,bottom" freeSpaceOnRight=">5.0mm" freeSpaceBelow=">5.0mm" left="19.6mm" right="22.4mm" bottom="8.3mm" top="9.7mm" />
    <NearbyComponent name="J_SPEAKER" edgeDistance="4.373mm" directions="top" freeSpaceOnLeft=">5.0mm" freeSpaceOnRight=">5.0mm" freeSpaceAbove=">5.0mm" left="16.0mm" right="20.0mm" bottom="17.3mm" top="18.8mm" />
    <NearbyComponent name="R_AUDIO_EN" edgeDistance="4.55mm" directions="bottom" freeSpaceOnLeft="1.5mm" freeSpaceOnRight=">5.0mm" freeSpaceBelow=">5.0mm" left="17.8mm" right="20.2mm" bottom="6.5mm" top="7.5mm" />
</CongestedRegion>

<CongestedRegion probabilityOfFailure="0.7%" left="34.7mm" right="35.5mm" bottom="49.9mm" top="51.1mm" width="0.8mm" height="1.2mm">
    <NearbyComponent name="U_USB_ESD" edgeDistance="0mm" directions="left" freeSpaceOnLeft="3.1mm" freeSpaceAbove=">5.0mm" freeSpaceBelow="3.5mm" left="31.3mm" right="34.7mm" bottom="49.3mm" top="51.7mm" />
    <NearbyComponent name="J_OFF" edgeDistance="4.125mm" directions="bottom" freeSpaceOnLeft=">5.0mm" freeSpaceOnRight=">5.0mm" freeSpaceBelow=">5.0mm" left="32.0mm" right="36.0mm" bottom="44.3mm" top="45.8mm" />
    <NearbyComponent name="C_USB_ESD" edgeDistance="4.675mm" directions="left,bottom" freeSpaceOnLeft=">5.0mm" freeSpaceBelow=">5.0mm" left="27.8mm" right="30.2mm" bottom="47.5mm" top="48.5mm" />
</CongestedRegion>

<CongestedRegion probabilityOfFailure="0.7%" left="14.6mm" right="15.1mm" bottom="50.5mm" top="51.0mm" width="0.5mm" height="0.5mm">
    <NearbyComponent name="C_BOOST_IN" edgeDistance="0.275mm" directions="left,bottom" freeSpaceOnLeft="0.7mm" freeSpaceBelow="1.3mm" left="11.8mm" right="14.6mm" bottom="48.8mm" top="50.2mm" />
    <NearbyComponent name="C_FEEDFORWARD" edgeDistance="0.65mm" directions="right,bottom" freeSpaceOnRight=">5.0mm" freeSpaceBelow="2.0mm" left="15.8mm" right="18.2mm" bottom="49.5mm" top="50.5mm" />
    <NearbyComponent name="R_EN" edgeDistance="1.792mm" directions="left,top" freeSpaceOnLeft=">5.0mm" freeSpaceAbove=">5.0mm" left="11.3mm" right="13.7mm" bottom="52.5mm" top="53.5mm" />
    <NearbyComponent name="R_FB_HI" edgeDistance="3mm" directions="bottom" freeSpaceOnLeft=">5.0mm" freeSpaceOnRight="1.0mm" freeSpaceBelow="1.0mm" left="14.3mm" right="16.7mm" bottom="46.5mm" top="47.5mm" />
    <NearbyComponent name="U_BOOST" edgeDistance="3.669mm" directions="left,bottom" freeSpaceOnLeft="1.5mm" freeSpaceBelow=">5.0mm" left="9.0mm" right="11.0mm" bottom="48.4mm" top="49.6mm" />
    <NearbyComponent name="R_TIMER" edgeDistance="4.003mm" directions="right,bottom" freeSpaceOnRight=">5.0mm" freeSpaceBelow="2.6mm" left="17.8mm" right="20.2mm" bottom="46.5mm" top="47.5mm" />
    <NearbyComponent name="R_FB_LO" edgeDistance="5mm" directions="bottom" freeSpaceOnLeft=">5.0mm" freeSpaceOnRight="4.0mm" freeSpaceBelow="1.8mm" left="14.3mm" right="16.7mm" bottom="44.5mm" top="45.5mm" />
</CongestedRegion>

<CongestedRegion probabilityOfFailure="0.7%" left="30.8mm" right="31.3mm" bottom="51.2mm" top="51.7mm" width="0.5mm" height="0.5mm">
    <NearbyComponent name="U_USB_ESD" edgeDistance="0mm" directions="right" freeSpaceOnRight=">5.0mm" freeSpaceAbove=">5.0mm" freeSpaceBelow="3.5mm" left="31.3mm" right="34.7mm" bottom="49.3mm" top="51.7mm" />
    <NearbyComponent name="J_USB" edgeDistance="2.248mm" directions="left,top" freeSpaceOnLeft=">5.0mm" freeSpaceAbove=">5.0mm" left="20.1mm" right="29.9mm" bottom="53.8mm" top="60.3mm" />
    <NearbyComponent name="R_CC1" edgeDistance="2.6mm" directions="left" freeSpaceOnLeft="1.5mm" freeSpaceAbove="2.3mm" freeSpaceBelow=">5.0mm" left="25.8mm" right="28.2mm" bottom="50.5mm" top="51.5mm" />
    <NearbyComponent name="C_USB_ESD" edgeDistance="2.775mm" directions="left,bottom" freeSpaceOnLeft=">5.0mm" freeSpaceBelow=">5.0mm" left="27.8mm" right="30.2mm" bottom="47.5mm" top="48.5mm" />
</CongestedRegion>

<CongestedRegion probabilityOfFailure="0.6%" left="7.9mm" right="8.4mm" bottom="-5.0mm" top="-4.4mm" width="0.4mm" height="0.6mm">
    <NearbyComponent name="U_KEYS" edgeDistance="0mm" overlapDepth="0.447mm" directions="left,right,bottom,top" regionWithinComponent left="-8.6mm" right="8.6mm" bottom="-14.2mm" top="-1.8mm" />
</CongestedRegion>

<CongestedRegion probabilityOfFailure="0.6%" left="8.7mm" right="9.3mm" bottom="52.0mm" top="52.5mm" width="0.6mm" height="0.5mm">
    <NearbyComponent name="R_EN" edgeDistance="1.95mm" directions="right,top" freeSpaceOnRight=">5.0mm" freeSpaceAbove=">5.0mm" left="11.3mm" right="13.7mm" bottom="52.5mm" top="53.5mm" />
    <NearbyComponent name="L_BOOST" edgeDistance="2.281mm" directions="left,bottom" freeSpaceOnLeft=">5.0mm" freeSpaceBelow="0.8mm" left="4.5mm" right="7.5mm" bottom="47.9mm" top="50.1mm" />
    <NearbyComponent name="U_BOOST" edgeDistance="2.375mm" directions="bottom" freeSpaceOnLeft="1.5mm" freeSpaceOnRight="0.7mm" freeSpaceBelow=">5.0mm" left="9.0mm" right="11.0mm" bottom="48.4mm" top="49.6mm" />
    <NearbyComponent name="C_BOOST_IN" edgeDistance="3.055mm" directions="right,bottom" freeSpaceOnRight="1.1mm" freeSpaceBelow="1.3mm" left="11.8mm" right="14.6mm" bottom="48.8mm" top="50.2mm" />
    <NearbyComponent name="C_BOOST_OUT1" edgeDistance="4.902mm" directions="left,bottom" freeSpaceOnLeft=">5.0mm" freeSpaceBelow="1.5mm" left="4.5mm" right="8.5mm" bottom="45.4mm" top="47.1mm" />
</CongestedRegion>

<CongestedRegion probabilityOfFailure="0.5%" left="13.1mm" right="14.1mm" bottom="41.3mm" top="42.7mm" width="1.0mm" height="1.4mm">
    <NearbyComponent name="C_BAT" edgeDistance="0mm" overlapDepth="1.025mm" directions="left,right,bottom,top" regionWithinComponent left="13.1mm" right="15.9mm" bottom="41.3mm" top="42.7mm" />
    <NearbyComponent name="R_ISET" edgeDistance="0.825mm" directions="bottom" freeSpaceOnLeft=">5.0mm" freeSpaceOnRight="1.8mm" freeSpaceBelow="2.4mm" left="12.8mm" right="15.2mm" bottom="39.5mm" top="40.5mm" />
    <NearbyComponent name="R_FB_LO" edgeDistance="1.833mm" directions="right,top" freeSpaceOnRight="4.0mm" freeSpaceAbove="1.0mm" left="14.3mm" right="16.7mm" bottom="44.5mm" top="45.5mm" />
    <NearbyComponent name="U_CHARGE" edgeDistance="2.975mm" directions="right" freeSpaceOnRight="0.6mm" freeSpaceAbove="0.7mm" freeSpaceBelow="2.9mm" left="17.1mm" right="20.9mm" bottom="40.1mm" top="43.9mm" />
    <NearbyComponent name="R_FB_HI" edgeDistance="3.829mm" directions="right,top" freeSpaceOnRight="1.0mm" freeSpaceAbove=">5.0mm" left="14.3mm" right="16.7mm" bottom="46.5mm" top="47.5mm" />
    <NearbyComponent name="J_PI" edgeDistance="4.13mm" directions="bottom" freeSpaceOnLeft=">5.0mm" freeSpaceOnRight=">5.0mm" freeSpaceBelow="2.4mm" left="-25.0mm" right="25.0mm" bottom="32.8mm" top="37.2mm" />
    <NearbyComponent name="C_BOOST_OUT2" edgeDistance="4.55mm" directions="left" freeSpaceOnLeft=">5.0mm" freeSpaceAbove="1.5mm" freeSpaceBelow="5.0mm" left="4.5mm" right="8.5mm" bottom="42.1mm" top="43.9mm" />
</CongestedRegion>

<CongestedRegion probabilityOfFailure="0.5%" left="13.6mm" right="14.6mm" bottom="48.8mm" top="50.2mm" width="1.0mm" height="1.4mm">
    <NearbyComponent name="C_BOOST_IN" edgeDistance="0mm" overlapDepth="1.025mm" directions="left,bottom,top" freeSpaceOnLeft="0.7mm" left="11.8mm" right="14.6mm" bottom="48.8mm" top="50.2mm" />
    <NearbyComponent name="C_FEEDFORWARD" edgeDistance="1.15mm" directions="right" freeSpaceOnRight=">5.0mm" freeSpaceAbove=">5.0mm" freeSpaceBelow="2.0mm" left="15.8mm" right="18.2mm" bottom="49.5mm" top="50.5mm" />
    <NearbyComponent name="R_FB_HI" edgeDistance="1.325mm" directions="bottom" freeSpaceOnLeft=">5.0mm" freeSpaceOnRight="1.0mm" freeSpaceBelow="1.0mm" left="14.3mm" right="16.7mm" bottom="46.5mm" top="47.5mm" />
    <NearbyComponent name="R_EN" edgeDistance="2.325mm" directions="top" freeSpaceOnLeft=">5.0mm" freeSpaceOnRight=">5.0mm" freeSpaceAbove=">5.0mm" left="11.3mm" right="13.7mm" bottom="52.5mm" top="53.5mm" />
    <NearbyComponent name="U_BOOST" edgeDistance="2.55mm" directions="left" freeSpaceOnLeft="1.5mm" freeSpaceAbove=">5.0mm" freeSpaceBelow=">5.0mm" left="9.0mm" right="11.0mm" bottom="48.4mm" top="49.6mm" />
    <NearbyComponent name="R_FB_LO" edgeDistance="3.325mm" directions="bottom" freeSpaceOnLeft=">5.0mm" freeSpaceOnRight="4.0mm" freeSpaceBelow="1.8mm" left="14.3mm" right="16.7mm" bottom="44.5mm" top="45.5mm" />
    <NearbyComponent name="R_TIMER" edgeDistance="3.417mm" directions="right,bottom" freeSpaceOnRight=">5.0mm" freeSpaceBelow="2.6mm" left="17.8mm" right="20.2mm" bottom="46.5mm" top="47.5mm" />
</CongestedRegion>

<CongestedRegion probabilityOfFailure="0.5%" left="-8.4mm" right="-7.4mm" bottom="-17.7mm" top="-16.3mm" width="1.0mm" height="1.4mm">
    <NearbyComponent name="C_KEYS_BULK" edgeDistance="0mm" overlapDepth="1.025mm" directions="left,right,bottom,top" regionWithinComponent left="-8.4mm" right="-5.6mm" bottom="-17.7mm" top="-16.3mm" />
    <NearbyComponent name="U_KEYS" edgeDistance="2.092mm" directions="top" freeSpaceOnLeft=">5.0mm" freeSpaceOnRight=">5.0mm" freeSpaceAbove="2.3mm" left="-8.6mm" right="8.6mm" bottom="-14.2mm" top="-1.8mm" />
</CongestedRegion>

<CongestedRegion probabilityOfFailure="0.5%" left="19.9mm" right="21.3mm" bottom="38.9mm" top="39.2mm" width="1.5mm" height="0.3mm">
    <NearbyComponent name="U_CHARGE" edgeDistance="0.9mm" directions="top" freeSpaceOnLeft="1.1mm" freeSpaceOnRight="0.6mm" freeSpaceAbove="0.7mm" left="17.1mm" right="20.9mm" bottom="40.1mm" top="43.9mm" />
    <NearbyComponent name="J_PI" edgeDistance="1.755mm" directions="bottom" freeSpaceOnLeft=">5.0mm" freeSpaceOnRight=">5.0mm" freeSpaceBelow="2.4mm" left="-25.0mm" right="25.0mm" bottom="32.8mm" top="37.2mm" />
    <NearbyComponent name="C_SYS" edgeDistance="2.04mm" directions="right,top" freeSpaceOnRight="0.8mm" freeSpaceAbove=">5.0mm" left="21.6mm" right="24.4mm" bottom="41.2mm" top="42.6mm" />
    <NearbyComponent name="C_BAT" edgeDistance="4.485mm" directions="left,top" freeSpaceOnLeft="4.5mm" freeSpaceAbove="1.8mm" left="13.1mm" right="15.9mm" bottom="41.3mm" top="42.7mm" />
    <NearbyComponent name="R_ISET" edgeDistance="4.663mm" directions="left,top" freeSpaceOnLeft=">5.0mm" freeSpaceAbove="0.8mm" left="12.8mm" right="15.2mm" bottom="39.5mm" top="40.5mm" />
</CongestedRegion>

<CongestedRegion probabilityOfFailure="0.5%" left="-6.0mm" right="-4.8mm" bottom="-0.6mm" top="-0.3mm" width="1.3mm" height="0.3mm">
    <NearbyComponent name="R_RESET" edgeDistance="0.84mm" directions="top" freeSpaceOnLeft=">5.0mm" freeSpaceOnRight=">5.0mm" freeSpaceAbove=">5.0mm" left="-7.2mm" right="-4.8mm" bottom="0.5mm" top="1.5mm" />
    <NearbyComponent name="U_KEYS" edgeDistance="1.217mm" directions="bottom" freeSpaceOnLeft=">5.0mm" freeSpaceOnRight=">5.0mm" freeSpaceBelow="0.8mm" left="-8.6mm" right="8.6mm" bottom="-14.2mm" top="-1.8mm" />
</CongestedRegion>

<CongestedRegion probabilityOfFailure="0.5%" left="3.1mm" right="3.7mm" bottom="46.6mm" top="47.1mm" width="0.7mm" height="0.5mm">
    <NearbyComponent name="C_BOOST_OUT1" edgeDistance="0.75mm" directions="right" freeSpaceOnRight=">5.0mm" freeSpaceAbove=">5.0mm" freeSpaceBelow="1.5mm" left="4.5mm" right="8.5mm" bottom="45.4mm" top="47.1mm" />
    <NearbyComponent name="L_BOOST" edgeDistance="1.132mm" directions="right,top" freeSpaceOnRight="1.5mm" freeSpaceAbove=">5.0mm" left="4.5mm" right="7.5mm" bottom="47.9mm" top="50.1mm" />
    <NearbyComponent name="C_BOOST_OUT2" edgeDistance="2.802mm" directions="right,bottom" freeSpaceOnRight="4.5mm" freeSpaceBelow="5.0mm" left="4.5mm" right="8.5mm" bottom="42.1mm" top="43.9mm" />
</CongestedRegion>

<CongestedRegion probabilityOfFailure="0.5%" left="19.9mm" right="20.7mm" bottom="39.8mm" top="40.3mm" width="0.8mm" height="0.5mm">
    <NearbyComponent name="U_CHARGE" edgeDistance="0mm" overlapDepth="0.25mm" directions="left,right,top" freeSpaceAbove="0.7mm" left="17.1mm" right="20.9mm" bottom="40.1mm" top="43.9mm" />
    <NearbyComponent name="C_SYS" edgeDistance="1.255mm" directions="right,top" freeSpaceOnRight="0.8mm" freeSpaceAbove=">5.0mm" left="21.6mm" right="24.4mm" bottom="41.2mm" top="42.6mm" />
    <NearbyComponent name="J_PI" edgeDistance="2.655mm" directions="bottom" freeSpaceOnLeft=">5.0mm" freeSpaceOnRight=">5.0mm" freeSpaceBelow="2.4mm" left="-25.0mm" right="25.0mm" bottom="32.8mm" top="37.2mm" />
    <NearbyComponent name="C_BAT" edgeDistance="4.069mm" directions="left,top" freeSpaceOnLeft="4.5mm" freeSpaceAbove="1.8mm" left="13.1mm" right="15.9mm" bottom="41.3mm" top="42.7mm" />
    <NearbyComponent name="C_USB" edgeDistance="4.301mm" directions="right,top" freeSpaceOnRight=">5.0mm" freeSpaceAbove="4.9mm" left="20.8mm" right="23.2mm" bottom="44.6mm" top="45.6mm" />
    <NearbyComponent name="R_ISET" edgeDistance="4.65mm" directions="left" freeSpaceOnLeft=">5.0mm" freeSpaceAbove="0.8mm" freeSpaceBelow="2.4mm" left="12.8mm" right="15.2mm" bottom="39.5mm" top="40.5mm" />
</CongestedRegion>

<CongestedRegion probabilityOfFailure="0.5%" left="-6.0mm" right="-5.6mm" bottom="-16.3mm" top="-15.5mm" width="0.5mm" height="0.8mm">
    <NearbyComponent name="C_KEYS_BULK" edgeDistance="0mm" directions="bottom" freeSpaceOnLeft=">5.0mm" freeSpaceOnRight=">5.0mm" freeSpaceBelow=">5.0mm" left="-8.4mm" right="-5.6mm" bottom="-17.7mm" top="-16.3mm" />
    <NearbyComponent name="U_KEYS" edgeDistance="1.317mm" directions="top" freeSpaceOnLeft=">5.0mm" freeSpaceOnRight=">5.0mm" freeSpaceAbove="2.3mm" left="-8.6mm" right="8.6mm" bottom="-14.2mm" top="-1.8mm" />
</CongestedRegion>

<CongestedRegion probabilityOfFailure="0.5%" left="15.6mm" right="17.4mm" bottom="34.6mm" top="35.4mm" width="1.8mm" height="0.7mm">
    <NearbyComponent name="J_PI" edgeDistance="0mm" overlapDepth="0.74mm" directions="left,right,bottom,top" regionWithinComponent left="-25.0mm" right="25.0mm" bottom="32.8mm" top="37.2mm" />
    <NearbyComponent name="R_ISET" edgeDistance="4.173mm" directions="left,top" freeSpaceOnLeft=">5.0mm" freeSpaceAbove="0.8mm" left="12.8mm" right="15.2mm" bottom="39.5mm" top="40.5mm" />
    <NearbyComponent name="U_CHARGE" edgeDistance="4.705mm" directions="top" freeSpaceOnLeft="1.1mm" freeSpaceOnRight="0.6mm" freeSpaceAbove="0.7mm" left="17.1mm" right="20.9mm" bottom="40.1mm" top="43.9mm" />
</CongestedRegion>

<CongestedRegion probabilityOfFailure="0.5%" left="-5.4mm" right="-4.9mm" bottom="-15.5mm" top="-14.9mm" width="0.5mm" height="0.6mm">
    <NearbyComponent name="U_KEYS" edgeDistance="0.667mm" directions="top" freeSpaceOnLeft=">5.0mm" freeSpaceOnRight=">5.0mm" freeSpaceAbove="2.3mm" left="-8.6mm" right="8.6mm" bottom="-14.2mm" top="-1.8mm" />
    <NearbyComponent name="C_KEYS_BULK" edgeDistance="0.797mm" directions="left,bottom" freeSpaceOnLeft=">5.0mm" freeSpaceBelow=">5.0mm" left="-8.4mm" right="-5.6mm" bottom="-17.7mm" top="-16.3mm" />
</CongestedRegion>

<CongestedRegion probabilityOfFailure="0.4%" left="7.4mm" right="8.5mm" bottom="45.4mm" top="47.1mm" width="1.1mm" height="1.8mm">
    <NearbyComponent name="C_BOOST_OUT1" edgeDistance="0mm" overlapDepth="1.125mm" directions="left,right,bottom,top" regionWithinComponent left="4.5mm" right="8.5mm" bottom="45.4mm" top="47.1mm" />
    <NearbyComponent name="L_BOOST" edgeDistance="0.775mm" directions="top" freeSpaceOnLeft=">5.0mm" freeSpaceOnRight="1.5mm" freeSpaceAbove=">5.0mm" left="4.5mm" right="7.5mm" bottom="47.9mm" top="50.1mm" />
    <NearbyComponent name="U_BOOST" edgeDistance="1.297mm" directions="right,top" freeSpaceOnRight="0.7mm" freeSpaceAbove=">5.0mm" left="9.0mm" right="11.0mm" bottom="48.4mm" top="49.6mm" />
    <NearbyComponent name="C_BOOST_OUT2" edgeDistance="1.5mm" directions="bottom" freeSpaceOnLeft=">5.0mm" freeSpaceOnRight="4.5mm" freeSpaceBelow="5.0mm" left="4.5mm" right="8.5mm" bottom="42.1mm" top="43.9mm" />
    <NearbyComponent name="C_BOOST_IN" edgeDistance="3.656mm" directions="right,top" freeSpaceOnRight="1.1mm" freeSpaceAbove=">5.0mm" left="11.8mm" right="14.6mm" bottom="48.8mm" top="50.2mm" />
</CongestedRegion>

<CongestedRegion probabilityOfFailure="0.4%" left="4.5mm" right="5.6mm" bottom="45.4mm" top="47.1mm" width="1.1mm" height="1.8mm">
    <NearbyComponent name="C_BOOST_OUT1" edgeDistance="0mm" overlapDepth="1.125mm" directions="left,right,bottom,top" regionWithinComponent left="4.5mm" right="8.5mm" bottom="45.4mm" top="47.1mm" />
    <NearbyComponent name="L_BOOST" edgeDistance="0.775mm" directions="top" freeSpaceOnLeft=">5.0mm" freeSpaceOnRight="1.5mm" freeSpaceAbove=">5.0mm" left="4.5mm" right="7.5mm" bottom="47.9mm" top="50.1mm" />
    <NearbyComponent name="C_BOOST_OUT2" edgeDistance="1.5mm" directions="bottom" freeSpaceOnLeft=">5.0mm" freeSpaceOnRight="4.5mm" freeSpaceBelow="5.0mm" left="4.5mm" right="8.5mm" bottom="42.1mm" top="43.9mm" />
    <NearbyComponent name="U_BOOST" edgeDistance="3.567mm" directions="right,top" freeSpaceOnRight="0.7mm" freeSpaceAbove=">5.0mm" left="9.0mm" right="11.0mm" bottom="48.4mm" top="49.6mm" />
</CongestedRegion>

<CongestedRegion probabilityOfFailure="0.4%" left="8.7mm" right="9.3mm" bottom="51.4mm" top="52.0mm" width="0.6mm" height="0.7mm">
    <NearbyComponent name="U_BOOST" edgeDistance="1.725mm" directions="bottom" freeSpaceOnLeft="1.5mm" freeSpaceOnRight="0.7mm" freeSpaceBelow=">5.0mm" left="9.0mm" right="11.0mm" bottom="48.4mm" top="49.6mm" />
    <NearbyComponent name="L_BOOST" edgeDistance="1.768mm" directions="left,bottom" freeSpaceOnLeft=">5.0mm" freeSpaceBelow="0.8mm" left="4.5mm" right="7.5mm" bottom="47.9mm" top="50.1mm" />
    <NearbyComponent name="R_EN" edgeDistance="2.013mm" directions="right,top" freeSpaceOnRight=">5.0mm" freeSpaceAbove=">5.0mm" left="11.3mm" right="13.7mm" bottom="52.5mm" top="53.5mm" />
    <NearbyComponent name="C_BOOST_IN" edgeDistance="2.717mm" directions="right,bottom" freeSpaceOnRight="1.1mm" freeSpaceBelow="1.3mm" left="11.8mm" right="14.6mm" bottom="48.8mm" top="50.2mm" />
    <NearbyComponent name="C_BOOST_OUT1" edgeDistance="4.253mm" directions="left,bottom" freeSpaceOnLeft=">5.0mm" freeSpaceBelow="1.5mm" left="4.5mm" right="8.5mm" bottom="45.4mm" top="47.1mm" />
</CongestedRegion>

<CongestedRegion probabilityOfFailure="0.4%" left="16.9mm" right="17.6mm" bottom="44.0mm" top="44.6mm" width="0.6mm" height="0.7mm">
    <NearbyComponent name="U_CHARGE" edgeDistance="0.05mm" directions="bottom" freeSpaceOnLeft="1.1mm" freeSpaceOnRight="0.6mm" freeSpaceBelow="2.9mm" left="17.1mm" right="20.9mm" bottom="40.1mm" top="43.9mm" />
    <NearbyComponent name="R_FB_LO" edgeDistance="0.2mm" directions="left" freeSpaceOnLeft=">5.0mm" freeSpaceAbove="1.0mm" freeSpaceBelow="1.8mm" left="14.3mm" right="16.7mm" bottom="44.5mm" top="45.5mm" />
    <NearbyComponent name="C_BAT" edgeDistance="1.62mm" directions="left,bottom" freeSpaceOnLeft="4.5mm" freeSpaceBelow="0.8mm" left="13.1mm" right="15.9mm" bottom="41.3mm" top="42.7mm" />
    <NearbyComponent name="R_FB_HI" edgeDistance="1.91mm" directions="left,top" freeSpaceOnLeft=">5.0mm" freeSpaceAbove=">5.0mm" left="14.3mm" right="16.7mm" bottom="46.5mm" top="47.5mm" />
    <NearbyComponent name="R_TIMER" edgeDistance="1.91mm" directions="right,top" freeSpaceOnRight=">5.0mm" freeSpaceAbove=">5.0mm" left="17.8mm" right="20.2mm" bottom="46.5mm" top="47.5mm" />
    <NearbyComponent name="C_USB" edgeDistance="3.2mm" directions="right,top" freeSpaceOnRight=">5.0mm" freeSpaceAbove="4.9mm" left="20.8mm" right="23.2mm" bottom="44.6mm" top="45.6mm" />
    <NearbyComponent name="R_ISET" edgeDistance="3.891mm" directions="left,bottom" freeSpaceOnLeft=">5.0mm" freeSpaceBelow="2.4mm" left="12.8mm" right="15.2mm" bottom="39.5mm" top="40.5mm" />
    <NearbyComponent name="C_SYS" edgeDistance="4.23mm" directions="right,bottom" freeSpaceOnRight="0.8mm" freeSpaceBelow="4.0mm" left="21.6mm" right="24.4mm" bottom="41.2mm" top="42.6mm" />
    <NearbyComponent name="C_BOOST_IN" edgeDistance="4.767mm" directions="left,top" freeSpaceOnLeft="0.7mm" freeSpaceAbove=">5.0mm" left="11.8mm" right="14.6mm" bottom="48.8mm" top="50.2mm" />
    <NearbyComponent name="C_FEEDFORWARD" edgeDistance="4.9mm" directions="top" freeSpaceOnLeft="1.1mm" freeSpaceOnRight=">5.0mm" freeSpaceAbove=">5.0mm" left="15.8mm" right="18.2mm" bottom="49.5mm" top="50.5mm" />
</CongestedRegion>

<CongestedRegion probabilityOfFailure="0.4%" left="34.2mm" right="34.8mm" bottom="16.7mm" top="17.4mm" width="0.7mm" height="0.6mm">
    <NearbyComponent name="R_ALERT_PULL" edgeDistance="1.262mm" directions="bottom" freeSpaceOnLeft="0.5mm" freeSpaceOnRight=">5.0mm" freeSpaceBelow=">5.0mm" left="31.8mm" right="34.2mm" bottom="14.5mm" top="15.5mm" />
    <NearbyComponent name="U_GAUGE" edgeDistance="1.285mm" directions="left" freeSpaceOnLeft=">5.0mm" freeSpaceAbove=">5.0mm" freeSpaceBelow="1.4mm" left="31.1mm" right="32.9mm" bottom="16.8mm" top="19.2mm" />
    <NearbyComponent name="C_GAUGE" edgeDistance="3.436mm" directions="left,bottom" freeSpaceOnLeft=">5.0mm" freeSpaceBelow=">5.0mm" left="28.8mm" right="31.2mm" bottom="14.0mm" top="15.0mm" />
</CongestedRegion>

<CongestedRegion probabilityOfFailure="0.4%" left="31.0mm" right="31.6mm" bottom="47.0mm" top="47.6mm" width="0.6mm" height="0.7mm">
    <NearbyComponent name="C_USB_ESD" edgeDistance="0.75mm" directions="left" freeSpaceOnLeft=">5.0mm" freeSpaceAbove=">5.0mm" freeSpaceBelow=">5.0mm" left="27.8mm" right="30.2mm" bottom="47.5mm" top="48.5mm" />
    <NearbyComponent name="J_OFF" edgeDistance="1.275mm" directions="right,bottom" freeSpaceOnRight=">5.0mm" freeSpaceBelow=">5.0mm" left="32.0mm" right="36.0mm" bottom="44.3mm" top="45.8mm" />
    <NearbyComponent name="U_USB_ESD" edgeDistance="1.659mm" directions="top" freeSpaceOnLeft="3.1mm" freeSpaceOnRight=">5.0mm" freeSpaceAbove=">5.0mm" left="31.3mm" right="34.7mm" bottom="49.3mm" top="51.7mm" />
    <NearbyComponent name="R_CC1" edgeDistance="3.997mm" directions="left,top" freeSpaceOnLeft="1.5mm" freeSpaceAbove="2.3mm" left="25.8mm" right="28.2mm" bottom="50.5mm" top="51.5mm" />
    <NearbyComponent name="R_ILIM" edgeDistance="4.776mm" directions="left,bottom" freeSpaceOnLeft="0.8mm" freeSpaceBelow=">5.0mm" left="25.3mm" right="27.7mm" bottom="42.5mm" top="43.5mm" />
</CongestedRegion>

<CongestedRegion probabilityOfFailure="0.4%" left="-35.3mm" right="-34.7mm" bottom="-0.2mm" top="0.4mm" width="0.7mm" height="0.7mm">
    <NearbyComponent name="U_LCD_PWR" edgeDistance="0mm" overlapDepth="0.65mm" directions="left,right,bottom,top" regionWithinComponent left="-36.3mm" right="-33.7mm" bottom="-1.9mm" top="1.9mm" />
    <NearbyComponent name="C_LCD_IN" edgeDistance="3.227mm" directions="left,top" freeSpaceOnLeft=">5.0mm" freeSpaceAbove=">5.0mm" left="-40.2mm" right="-37.8mm" bottom="2.5mm" top="3.5mm" />
    <NearbyComponent name="C_LCD_OUT" edgeDistance="3.36mm" directions="left,bottom" freeSpaceOnLeft=">5.0mm" freeSpaceBelow=">5.0mm" left="-40.2mm" right="-37.8mm" bottom="-3.5mm" top="-2.5mm" />
</CongestedRegion>

<CongestedRegion probabilityOfFailure="0.4%" left="31.4mm" right="32.6mm" bottom="18.7mm" top="19.2mm" width="1.2mm" height="0.4mm">
    <NearbyComponent name="U_GAUGE" edgeDistance="0mm" overlapDepth="0.425mm" directions="left,right,bottom,top" regionWithinComponent left="31.1mm" right="32.9mm" bottom="16.8mm" top="19.2mm" />
    <NearbyComponent name="R_ALERT_PULL" edgeDistance="3.25mm" directions="bottom" freeSpaceOnLeft="0.5mm" freeSpaceOnRight=">5.0mm" freeSpaceBelow=">5.0mm" left="31.8mm" right="34.2mm" bottom="14.5mm" top="15.5mm" />
    <NearbyComponent name="C_GAUGE" edgeDistance="3.754mm" directions="left,bottom" freeSpaceOnLeft=">5.0mm" freeSpaceBelow=">5.0mm" left="28.8mm" right="31.2mm" bottom="14.0mm" top="15.0mm" />
</CongestedRegion>

<CongestedRegion probabilityOfFailure="0.4%" left="17.5mm" right="18.6mm" bottom="45.8mm" top="47.5mm" width="1.0mm" height="1.7mm">
    <NearbyComponent name="R_TIMER" edgeDistance="0mm" overlapDepth="0.8mm" directions="right,top" freeSpaceOnRight=">5.0mm" freeSpaceAbove=">5.0mm" left="17.8mm" right="20.2mm" bottom="46.5mm" top="47.5mm" />
    <NearbyComponent name="R_FB_HI" edgeDistance="0.8mm" directions="left" freeSpaceOnLeft=">5.0mm" freeSpaceAbove=">5.0mm" freeSpaceBelow="1.0mm" left="14.3mm" right="16.7mm" bottom="46.5mm" top="47.5mm" />
    <NearbyComponent name="R_FB_LO" edgeDistance="0.873mm" directions="left,bottom" freeSpaceOnLeft=">5.0mm" freeSpaceBelow="1.8mm" left="14.3mm" right="16.7mm" bottom="44.5mm" top="45.5mm" />
    <NearbyComponent name="U_CHARGE" edgeDistance="1.9mm" directions="bottom" freeSpaceOnLeft="1.1mm" freeSpaceOnRight="0.6mm" freeSpaceBelow="2.9mm" left="17.1mm" right="20.9mm" bottom="40.1mm" top="43.9mm" />
    <NearbyComponent name="C_FEEDFORWARD" edgeDistance="2.05mm" directions="top" freeSpaceOnLeft="1.1mm" freeSpaceOnRight=">5.0mm" freeSpaceAbove=">5.0mm" left="15.8mm" right="18.2mm" bottom="49.5mm" top="50.5mm" />
    <NearbyComponent name="C_USB" edgeDistance="2.214mm" directions="right,bottom" freeSpaceOnRight=">5.0mm" freeSpaceBelow="0.7mm" left="20.8mm" right="23.2mm" bottom="44.6mm" top="45.6mm" />
    <NearbyComponent name="C_BOOST_IN" edgeDistance="3.188mm" directions="left,top" freeSpaceOnLeft="0.7mm" freeSpaceAbove=">5.0mm" left="11.8mm" right="14.6mm" bottom="48.8mm" top="50.2mm" />
    <NearbyComponent name="C_BAT" edgeDistance="3.511mm" directions="left,bottom" freeSpaceOnLeft="4.5mm" freeSpaceBelow="0.8mm" left="13.1mm" right="15.9mm" bottom="41.3mm" top="42.7mm" />
    <NearbyComponent name="C_SYS" edgeDistance="4.405mm" directions="right,bottom" freeSpaceOnRight="0.8mm" freeSpaceBelow="4.0mm" left="21.6mm" right="24.4mm" bottom="41.2mm" top="42.6mm" />
    <NearbyComponent name="R_CC2" edgeDistance="4.421mm" directions="right,top" freeSpaceOnRight="1.5mm" freeSpaceAbove="2.3mm" left="21.8mm" right="24.2mm" bottom="50.5mm" top="51.5mm" />
</CongestedRegion>

<CongestedRegion probabilityOfFailure="0.4%" left="-36.3mm" right="-33.7mm" bottom="1.9mm" top="2.5mm" width="2.5mm" height="0.7mm">
    <NearbyComponent name="U_LCD_PWR" edgeDistance="0mm" directions="bottom" freeSpaceOnLeft=">5.0mm" freeSpaceOnRight=">5.0mm" freeSpaceBelow=">5.0mm" left="-36.3mm" right="-33.7mm" bottom="-1.9mm" top="1.9mm" />
    <NearbyComponent name="C_LCD_IN" edgeDistance="1.514mm" directions="left,top" freeSpaceOnLeft=">5.0mm" freeSpaceAbove=">5.0mm" left="-40.2mm" right="-37.8mm" bottom="2.5mm" top="3.5mm" />
    <NearbyComponent name="C_LCD_OUT" edgeDistance="4.632mm" directions="left,bottom" freeSpaceOnLeft=">5.0mm" freeSpaceBelow=">5.0mm" left="-40.2mm" right="-37.8mm" bottom="-3.5mm" top="-2.5mm" />
</CongestedRegion>

<CongestedRegion probabilityOfFailure="0.4%" left="7.4mm" right="8.5mm" bottom="41.7mm" top="42.1mm" width="1.1mm" height="0.5mm">
    <NearbyComponent name="C_BOOST_OUT2" edgeDistance="0mm" directions="top" freeSpaceOnLeft=">5.0mm" freeSpaceOnRight="4.5mm" freeSpaceAbove="1.5mm" left="4.5mm" right="8.5mm" bottom="42.1mm" top="43.9mm" />
    <NearbyComponent name="C_BOOST_OUT1" edgeDistance="3.25mm" directions="top" freeSpaceOnLeft=">5.0mm" freeSpaceOnRight=">5.0mm" freeSpaceAbove=">5.0mm" left="4.5mm" right="8.5mm" bottom="45.4mm" top="47.1mm" />
    <NearbyComponent name="R_ISET" edgeDistance="4.416mm" directions="right,bottom" freeSpaceOnRight="1.8mm" freeSpaceBelow="2.4mm" left="12.8mm" right="15.2mm" bottom="39.5mm" top="40.5mm" />
    <NearbyComponent name="J_PI" edgeDistance="4.505mm" directions="bottom" freeSpaceOnLeft=">5.0mm" freeSpaceOnRight=">5.0mm" freeSpaceBelow="2.4mm" left="-25.0mm" right="25.0mm" bottom="32.8mm" top="37.2mm" />
    <NearbyComponent name="C_BAT" edgeDistance="4.55mm" directions="right" freeSpaceOnRight="1.1mm" freeSpaceAbove="1.8mm" freeSpaceBelow="0.8mm" left="13.1mm" right="15.9mm" bottom="41.3mm" top="42.7mm" />
</CongestedRegion>

<CongestedRegion probabilityOfFailure="0.4%" left="-37.0mm" right="-36.4mm" bottom="-4.2mm" top="-3.5mm" width="0.7mm" height="0.7mm">
    <NearbyComponent name="C_LCD_OUT" edgeDistance="0.75mm" directions="left,top" freeSpaceOnLeft=">5.0mm" freeSpaceAbove=">5.0mm" left="-40.2mm" right="-37.8mm" bottom="-3.5mm" top="-2.5mm" />
    <NearbyComponent name="U_LCD_PWR" edgeDistance="1.627mm" directions="right,top" freeSpaceOnRight=">5.0mm" freeSpaceAbove=">5.0mm" left="-36.3mm" right="-33.7mm" bottom="-1.9mm" top="1.9mm" />
</CongestedRegion>

<CongestedRegion probabilityOfFailure="0.4%" left="-33.3mm" right="-32.6mm" bottom="17.6mm" top="18.3mm" width="0.7mm" height="0.6mm">
    <NearbyComponent name="J_LCD" edgeDistance="0mm" overlapDepth="0.65mm" directions="left,right,bottom,top" regionWithinComponent left="-36.0mm" right="-31.6mm" bottom="13.1mm" top="26.9mm" />
</CongestedRegion>

<CongestedRegion probabilityOfFailure="0.4%" left="16.1mm" right="17.5mm" bottom="10.8mm" top="11.1mm" width="1.3mm" height="0.3mm">
    <NearbyComponent name="U_AUDIO" edgeDistance="0mm" overlapDepth="0.327mm" directions="left,right,bottom,top" regionWithinComponent left="15.2mm" right="18.8mm" bottom="10.2mm" top="13.8mm" />
    <NearbyComponent name="C_AUDIO_HF" edgeDistance="2.157mm" directions="right,top" freeSpaceOnRight=">5.0mm" freeSpaceAbove="4.3mm" left="19.4mm" right="21.9mm" bottom="12.0mm" top="13.0mm" />
    <NearbyComponent name="C_AUDIO_BULK" edgeDistance="2.381mm" directions="right,bottom" freeSpaceOnRight=">5.0mm" freeSpaceBelow=">5.0mm" left="19.6mm" right="22.4mm" bottom="8.3mm" top="9.7mm" />
    <NearbyComponent name="R_AUDIO_PD" edgeDistance="3.325mm" directions="bottom" freeSpaceOnLeft=">5.0mm" freeSpaceOnRight="1.5mm" freeSpaceBelow=">5.0mm" left="13.8mm" right="16.2mm" bottom="6.5mm" top="7.5mm" />
    <NearbyComponent name="R_AUDIO_EN" edgeDistance="3.34mm" directions="right,bottom" freeSpaceOnRight=">5.0mm" freeSpaceBelow=">5.0mm" left="17.8mm" right="20.2mm" bottom="6.5mm" top="7.5mm" />
</CongestedRegion>

<CongestedRegion probabilityOfFailure="0.4%" left="17.5mm" right="18.2mm" bottom="45.7mm" top="46.3mm" width="0.6mm" height="0.7mm">
    <NearbyComponent name="R_TIMER" edgeDistance="0.2mm" directions="top" freeSpaceOnLeft="1.0mm" freeSpaceOnRight=">5.0mm" freeSpaceAbove=">5.0mm" left="17.8mm" right="20.2mm" bottom="46.5mm" top="47.5mm" />
    <NearbyComponent name="R_FB_HI" edgeDistance="0.825mm" directions="left,top" freeSpaceOnLeft=">5.0mm" freeSpaceAbove=">5.0mm" left="14.3mm" right="16.7mm" bottom="46.5mm" top="47.5mm" />
    <NearbyComponent name="R_FB_LO" edgeDistance="0.825mm" directions="left,bottom" freeSpaceOnLeft=">5.0mm" freeSpaceBelow="1.8mm" left="14.3mm" right="16.7mm" bottom="44.5mm" top="45.5mm" />
    <NearbyComponent name="U_CHARGE" edgeDistance="1.75mm" directions="bottom" freeSpaceOnLeft="1.1mm" freeSpaceOnRight="0.6mm" freeSpaceBelow="2.9mm" left="17.1mm" right="20.9mm" bottom="40.1mm" top="43.9mm" />
    <NearbyComponent name="C_USB" edgeDistance="2.602mm" directions="right,bottom" freeSpaceOnRight=">5.0mm" freeSpaceBelow="0.7mm" left="20.8mm" right="23.2mm" bottom="44.6mm" top="45.6mm" />
    <NearbyComponent name="C_FEEDFORWARD" edgeDistance="3.2mm" directions="top" freeSpaceOnLeft="1.1mm" freeSpaceOnRight=">5.0mm" freeSpaceAbove=">5.0mm" left="15.8mm" right="18.2mm" bottom="49.5mm" top="50.5mm" />
    <NearbyComponent name="C_BAT" edgeDistance="3.378mm" directions="left,bottom" freeSpaceOnLeft="4.5mm" freeSpaceBelow="0.8mm" left="13.1mm" right="15.9mm" bottom="41.3mm" top="42.7mm" />
    <NearbyComponent name="C_BOOST_IN" edgeDistance="3.813mm" directions="left,top" freeSpaceOnLeft="0.7mm" freeSpaceAbove=">5.0mm" left="11.8mm" right="14.6mm" bottom="48.8mm" top="50.2mm" />
    <NearbyComponent name="C_SYS" edgeDistance="4.584mm" directions="right,bottom" freeSpaceOnRight="0.8mm" freeSpaceBelow="4.0mm" left="21.6mm" right="24.4mm" bottom="41.2mm" top="42.6mm" />
</CongestedRegion>

<CongestedRegion probabilityOfFailure="0.4%" left="-34.3mm" right="-33.7mm" bottom="-27.5mm" top="-26.8mm" width="0.7mm" height="0.8mm">
    <NearbyComponent name="SW_LEFT" edgeDistance="0mm" overlapDepth="0.65mm" directions="left,right,bottom" freeSpaceBelow=">5.0mm" left="-37.5mm" right="-30.5mm" bottom="-31.2mm" top="-26.8mm" />
</CongestedRegion>

<CongestedRegion probabilityOfFailure="0.3%" left="14.3mm" right="16.9mm" bottom="46.5mm" top="47.5mm" width="2.6mm" height="1.0mm">
    <NearbyComponent name="R_FB_HI" edgeDistance="0mm" overlapDepth="0.95mm" directions="bottom,top" containedWithinBounds freeSpaceOnLeft=">5.0mm" freeSpaceOnRight="1.0mm" left="14.3mm" right="16.7mm" bottom="46.5mm" top="47.5mm" />
    <NearbyComponent name="R_TIMER" edgeDistance="0.9mm" directions="right" freeSpaceOnRight=">5.0mm" freeSpaceAbove=">5.0mm" freeSpaceBelow="2.6mm" left="17.8mm" right="20.2mm" bottom="46.5mm" top="47.5mm" />
    <NearbyComponent name="R_FB_LO" edgeDistance="1.05mm" directions="bottom" freeSpaceOnLeft=">5.0mm" freeSpaceOnRight="4.0mm" freeSpaceBelow="1.8mm" left="14.3mm" right="16.7mm" bottom="44.5mm" top="45.5mm" />
    <NearbyComponent name="C_BOOST_IN" edgeDistance="1.325mm" directions="top" freeSpaceOnLeft="0.7mm" freeSpaceOnRight="1.1mm" freeSpaceAbove=">5.0mm" left="11.8mm" right="14.6mm" bottom="48.8mm" top="50.2mm" />
    <NearbyComponent name="C_FEEDFORWARD" edgeDistance="2.05mm" directions="top" freeSpaceOnLeft="1.1mm" freeSpaceOnRight=">5.0mm" freeSpaceAbove=">5.0mm" left="15.8mm" right="18.2mm" bottom="49.5mm" top="50.5mm" />
    <NearbyComponent name="U_CHARGE" edgeDistance="2.608mm" directions="right,bottom" freeSpaceOnRight="0.6mm" freeSpaceBelow="2.9mm" left="17.1mm" right="20.9mm" bottom="40.1mm" top="43.9mm" />
    <NearbyComponent name="U_BOOST" edgeDistance="3.342mm" directions="left,top" freeSpaceOnLeft="1.5mm" freeSpaceAbove=">5.0mm" left="9.0mm" right="11.0mm" bottom="48.4mm" top="49.6mm" />
    <NearbyComponent name="C_BAT" edgeDistance="3.825mm" directions="bottom" freeSpaceOnLeft="4.5mm" freeSpaceOnRight="1.1mm" freeSpaceBelow="0.8mm" left="13.1mm" right="15.9mm" bottom="41.3mm" top="42.7mm" />
    <NearbyComponent name="C_USB" edgeDistance="4.014mm" directions="right,bottom" freeSpaceOnRight=">5.0mm" freeSpaceBelow="0.7mm" left="20.8mm" right="23.2mm" bottom="44.6mm" top="45.6mm" />
</CongestedRegion>

<CongestedRegion probabilityOfFailure="0.3%" left="33.6mm" right="34.7mm" bottom="49.3mm" top="49.8mm" width="1.1mm" height="0.5mm">
    <NearbyComponent name="U_USB_ESD" edgeDistance="0mm" overlapDepth="0.532mm" directions="left,right,bottom,top" regionWithinComponent left="31.3mm" right="34.7mm" bottom="49.3mm" top="51.7mm" />
    <NearbyComponent name="C_USB_ESD" edgeDistance="3.483mm" directions="left,bottom" freeSpaceOnLeft=">5.0mm" freeSpaceBelow=">5.0mm" left="27.8mm" right="30.2mm" bottom="47.5mm" top="48.5mm" />
    <NearbyComponent name="J_OFF" edgeDistance="3.534mm" directions="bottom" freeSpaceOnLeft=">5.0mm" freeSpaceOnRight=">5.0mm" freeSpaceBelow=">5.0mm" left="32.0mm" right="36.0mm" bottom="44.3mm" top="45.8mm" />
</CongestedRegion>

<CongestedRegion probabilityOfFailure="0.3%" left="33.6mm" right="34.7mm" bottom="51.2mm" top="51.7mm" width="1.1mm" height="0.5mm">
    <NearbyComponent name="U_USB_ESD" edgeDistance="0mm" overlapDepth="0.532mm" directions="left,right,bottom,top" regionWithinComponent left="31.3mm" right="34.7mm" bottom="49.3mm" top="51.7mm" />
    <NearbyComponent name="J_USB" edgeDistance="4.224mm" directions="left,top" freeSpaceOnLeft=">5.0mm" freeSpaceAbove=">5.0mm" left="20.1mm" right="29.9mm" bottom="53.8mm" top="60.3mm" />
    <NearbyComponent name="C_USB_ESD" edgeDistance="4.338mm" directions="left,bottom" freeSpaceOnLeft=">5.0mm" freeSpaceBelow=">5.0mm" left="27.8mm" right="30.2mm" bottom="47.5mm" top="48.5mm" />
</CongestedRegion>

<CongestedRegion probabilityOfFailure="0.3%" left="31.3mm" right="32.4mm" bottom="49.3mm" top="49.8mm" width="1.1mm" height="0.5mm">
    <NearbyComponent name="U_USB_ESD" edgeDistance="0mm" overlapDepth="0.532mm" directions="left,right,bottom,top" regionWithinComponent left="31.3mm" right="34.7mm" bottom="49.3mm" top="51.7mm" />
    <NearbyComponent name="C_USB_ESD" edgeDistance="1.357mm" directions="left,bottom" freeSpaceOnLeft=">5.0mm" freeSpaceBelow=">5.0mm" left="27.8mm" right="30.2mm" bottom="47.5mm" top="48.5mm" />
    <NearbyComponent name="R_CC1" edgeDistance="3.17mm" directions="left,top" freeSpaceOnLeft="1.5mm" freeSpaceAbove="2.3mm" left="25.8mm" right="28.2mm" bottom="50.5mm" top="51.5mm" />
    <NearbyComponent name="J_OFF" edgeDistance="3.534mm" directions="bottom" freeSpaceOnLeft=">5.0mm" freeSpaceOnRight=">5.0mm" freeSpaceBelow=">5.0mm" left="32.0mm" right="36.0mm" bottom="44.3mm" top="45.8mm" />
    <NearbyComponent name="J_USB" edgeDistance="4.197mm" directions="left,top" freeSpaceOnLeft=">5.0mm" freeSpaceAbove=">5.0mm" left="20.1mm" right="29.9mm" bottom="53.8mm" top="60.3mm" />
</CongestedRegion>

<CongestedRegion probabilityOfFailure="0.3%" left="-34.4mm" right="-33.7mm" bottom="-1.9mm" top="-0.7mm" width="0.6mm" height="1.1mm">
    <NearbyComponent name="U_LCD_PWR" edgeDistance="0mm" overlapDepth="0.622mm" directions="left,bottom,top" freeSpaceOnLeft=">5.0mm" left="-36.3mm" right="-33.7mm" bottom="-1.9mm" top="1.9mm" />
    <NearbyComponent name="C_LCD_OUT" edgeDistance="3.479mm" directions="left,bottom" freeSpaceOnLeft=">5.0mm" freeSpaceBelow=">5.0mm" left="-40.2mm" right="-37.8mm" bottom="-3.5mm" top="-2.5mm" />
    <NearbyComponent name="C_LCD_IN" edgeDistance="4.729mm" directions="left,top" freeSpaceOnLeft=">5.0mm" freeSpaceAbove=">5.0mm" left="-40.2mm" right="-37.8mm" bottom="2.5mm" top="3.5mm" />
</CongestedRegion>

<CongestedRegion probabilityOfFailure="0.3%" left="-35.3mm" right="-34.7mm" bottom="0.7mm" top="1.9mm" width="0.6mm" height="1.1mm">
    <NearbyComponent name="U_LCD_PWR" edgeDistance="0mm" overlapDepth="0.622mm" directions="left,right,bottom,top" regionWithinComponent left="-36.3mm" right="-33.7mm" bottom="-1.9mm" top="1.9mm" />
    <NearbyComponent name="C_LCD_IN" edgeDistance="2.554mm" directions="left,top" freeSpaceOnLeft=">5.0mm" freeSpaceAbove=">5.0mm" left="-40.2mm" right="-37.8mm" bottom="2.5mm" top="3.5mm" />
    <NearbyComponent name="C_LCD_OUT" edgeDistance="4.097mm" directions="left,bottom" freeSpaceOnLeft=">5.0mm" freeSpaceBelow=">5.0mm" left="-40.2mm" right="-37.8mm" bottom="-3.5mm" top="-2.5mm" />
</CongestedRegion>

<CongestedRegion probabilityOfFailure="0.3%" left="-36.3mm" right="-35.6mm" bottom="0.7mm" top="1.9mm" width="0.6mm" height="1.1mm">
    <NearbyComponent name="U_LCD_PWR" edgeDistance="0mm" overlapDepth="0.622mm" directions="left,right,bottom,top" regionWithinComponent left="-36.3mm" right="-33.7mm" bottom="-1.9mm" top="1.9mm" />
    <NearbyComponent name="C_LCD_IN" edgeDistance="1.657mm" directions="left,top" freeSpaceOnLeft=">5.0mm" freeSpaceAbove=">5.0mm" left="-40.2mm" right="-37.8mm" bottom="2.5mm" top="3.5mm" />
    <NearbyComponent name="C_LCD_OUT" edgeDistance="3.606mm" directions="left,bottom" freeSpaceOnLeft=">5.0mm" freeSpaceBelow=">5.0mm" left="-40.2mm" right="-37.8mm" bottom="-3.5mm" top="-2.5mm" />
</CongestedRegion>

<CongestedRegion probabilityOfFailure="0.3%" left="32.1mm" right="34.2mm" bottom="16.8mm" top="17.3mm" width="2.1mm" height="0.4mm">
    <NearbyComponent name="U_GAUGE" edgeDistance="0mm" overlapDepth="0.425mm" directions="left,bottom,top" freeSpaceOnLeft=">5.0mm" left="31.1mm" right="32.9mm" bottom="16.8mm" top="19.2mm" />
    <NearbyComponent name="R_ALERT_PULL" edgeDistance="1.375mm" directions="bottom" freeSpaceOnLeft="0.5mm" freeSpaceOnRight=">5.0mm" freeSpaceBelow=">5.0mm" left="31.8mm" right="34.2mm" bottom="14.5mm" top="15.5mm" />
    <NearbyComponent name="C_GAUGE" edgeDistance="2.074mm" directions="left,bottom" freeSpaceOnLeft=">5.0mm" freeSpaceBelow=">5.0mm" left="28.8mm" right="31.2mm" bottom="14.0mm" top="15.0mm" />
</CongestedRegion>

<CongestedRegion probabilityOfFailure="0.3%" left="17.5mm" right="20.5mm" bottom="-31.2mm" top="-30.5mm" width="3.0mm" height="0.8mm">
    <NearbyComponent name="SW_Y" edgeDistance="0mm" directions="left" freeSpaceOnLeft=">5.0mm" freeSpaceAbove=">5.0mm" freeSpaceBelow=">5.0mm" left="10.5mm" right="17.5mm" bottom="-31.2mm" top="-26.8mm" />
</CongestedRegion>

<CongestedRegion probabilityOfFailure="0.3%" left="28.9mm" right="29.6mm" bottom="15.0mm" top="15.8mm" width="0.7mm" height="0.8mm">
    <NearbyComponent name="C_GAUGE" edgeDistance="0mm" directions="bottom" freeSpaceOnLeft=">5.0mm" freeSpaceOnRight="0.5mm" freeSpaceBelow=">5.0mm" left="28.8mm" right="31.2mm" bottom="14.0mm" top="15.0mm" />
    <NearbyComponent name="U_GAUGE" edgeDistance="1.874mm" directions="right,top" freeSpaceOnRight=">5.0mm" freeSpaceAbove=">5.0mm" left="31.1mm" right="32.9mm" bottom="16.8mm" top="19.2mm" />
    <NearbyComponent name="R_ALERT_PULL" edgeDistance="2.2mm" directions="right" freeSpaceOnRight=">5.0mm" freeSpaceAbove=">5.0mm" freeSpaceBelow=">5.0mm" left="31.8mm" right="34.2mm" bottom="14.5mm" top="15.5mm" />
</CongestedRegion>

<CongestedRegion probabilityOfFailure="0.3%" left="9.8mm" right="10.4mm" bottom="45.7mm" top="46.9mm" width="0.6mm" height="1.2mm">
    <NearbyComponent name="C_BOOST_OUT1" edgeDistance="1.3mm" directions="left" freeSpaceOnLeft=">5.0mm" freeSpaceAbove=">5.0mm" freeSpaceBelow="1.5mm" left="4.5mm" right="8.5mm" bottom="45.4mm" top="47.1mm" />
    <NearbyComponent name="U_BOOST" edgeDistance="1.475mm" directions="top" freeSpaceOnLeft="1.5mm" freeSpaceOnRight="0.7mm" freeSpaceAbove=">5.0mm" left="9.0mm" right="11.0mm" bottom="48.4mm" top="49.6mm" />
    <NearbyComponent name="C_BOOST_OUT2" edgeDistance="2.22mm" directions="left,bottom" freeSpaceOnLeft=">5.0mm" freeSpaceBelow="5.0mm" left="4.5mm" right="8.5mm" bottom="42.1mm" top="43.9mm" />
    <NearbyComponent name="C_BOOST_IN" edgeDistance="2.351mm" directions="right,top" freeSpaceOnRight="1.1mm" freeSpaceAbove=">5.0mm" left="11.8mm" right="14.6mm" bottom="48.8mm" top="50.2mm" />
    <NearbyComponent name="L_BOOST" edgeDistance="2.586mm" directions="left,top" freeSpaceOnLeft=">5.0mm" freeSpaceAbove=">5.0mm" left="4.5mm" right="7.5mm" bottom="47.9mm" top="50.1mm" />
    <NearbyComponent name="R_FB_HI" edgeDistance="3.85mm" directions="right" freeSpaceOnRight="1.0mm" freeSpaceAbove=">5.0mm" freeSpaceBelow="1.0mm" left="14.3mm" right="16.7mm" bottom="46.5mm" top="47.5mm" />
    <NearbyComponent name="R_FB_LO" edgeDistance="3.855mm" directions="right,bottom" freeSpaceOnRight="4.0mm" freeSpaceBelow="1.8mm" left="14.3mm" right="16.7mm" bottom="44.5mm" top="45.5mm" />
    <NearbyComponent name="C_BAT" edgeDistance="3.984mm" directions="right,bottom" freeSpaceOnRight="1.1mm" freeSpaceBelow="0.8mm" left="13.1mm" right="15.9mm" bottom="41.3mm" top="42.7mm" />
</CongestedRegion>

<CongestedRegion probabilityOfFailure="0.3%" left="7.3mm" right="7.9mm" bottom="29.6mm" top="30.5mm" width="0.7mm" height="0.9mm">
    <NearbyComponent name="J_PI" edgeDistance="2.305mm" directions="top" freeSpaceOnLeft=">5.0mm" freeSpaceOnRight=">5.0mm" freeSpaceAbove="2.4mm" left="-25.0mm" right="25.0mm" bottom="32.8mm" top="37.2mm" />
</CongestedRegion>

<CongestedRegion probabilityOfFailure="0.3%" left="7.3mm" right="7.9mm" bottom="31.2mm" top="32.0mm" width="0.7mm" height="0.8mm">
    <NearbyComponent name="J_PI" edgeDistance="0.855mm" directions="top" freeSpaceOnLeft=">5.0mm" freeSpaceOnRight=">5.0mm" freeSpaceAbove="2.4mm" left="-25.0mm" right="25.0mm" bottom="32.8mm" top="37.2mm" />
</CongestedRegion>

<CongestedRegion probabilityOfFailure="0.3%" left="-15.6mm" right="-14.6mm" bottom="-24.8mm" top="-24.2mm" width="1.0mm" height="0.6mm">
    <NearbyComponent name="SW_RIGHT" edgeDistance="1.927mm" directions="bottom" freeSpaceOnLeft=">5.0mm" freeSpaceOnRight=">5.0mm" freeSpaceBelow=">5.0mm" left="-17.5mm" right="-10.5mm" bottom="-31.2mm" top="-26.8mm" />
</CongestedRegion>

<CongestedRegion probabilityOfFailure="0.3%" left="20.9mm" right="22.3mm" bottom="52.1mm" top="52.6mm" width="1.4mm" height="0.5mm">
    <NearbyComponent name="R_CC2" edgeDistance="0.65mm" directions="bottom" freeSpaceOnLeft=">5.0mm" freeSpaceOnRight="1.5mm" freeSpaceBelow="4.9mm" left="21.8mm" right="24.2mm" bottom="50.5mm" top="51.5mm" />
    <NearbyComponent name="J_USB" edgeDistance="1.151mm" directions="top" freeSpaceOnLeft=">5.0mm" freeSpaceOnRight=">5.0mm" freeSpaceAbove=">5.0mm" left="20.1mm" right="29.9mm" bottom="53.8mm" top="60.3mm" />
    <NearbyComponent name="C_FEEDFORWARD" edgeDistance="3.122mm" directions="left,bottom" freeSpaceOnLeft="1.1mm" freeSpaceBelow="2.0mm" left="15.8mm" right="18.2mm" bottom="49.5mm" top="50.5mm" />
    <NearbyComponent name="R_CC1" edgeDistance="3.56mm" directions="right,bottom" freeSpaceOnRight="3.1mm" freeSpaceBelow=">5.0mm" left="25.8mm" right="28.2mm" bottom="50.5mm" top="51.5mm" />
    <NearbyComponent name="R_TIMER" edgeDistance="4.695mm" directions="left,bottom" freeSpaceOnLeft="1.0mm" freeSpaceBelow="2.6mm" left="17.8mm" right="20.2mm" bottom="46.5mm" top="47.5mm" />
</CongestedRegion>

<CongestedRegion probabilityOfFailure="0.3%" left="17.3mm" right="18.2mm" bottom="39.6mm" top="40.3mm" width="0.9mm" height="0.8mm">
    <NearbyComponent name="U_CHARGE" edgeDistance="0mm" overlapDepth="0.25mm" directions="left,right,top" freeSpaceAbove="0.7mm" left="17.1mm" right="20.9mm" bottom="40.1mm" top="43.9mm" />
    <NearbyComponent name="C_BAT" edgeDistance="1.706mm" directions="left,top" freeSpaceOnLeft="4.5mm" freeSpaceAbove="1.8mm" left="13.1mm" right="15.9mm" bottom="41.3mm" top="42.7mm" />
    <NearbyComponent name="R_ISET" edgeDistance="2.1mm" directions="left" freeSpaceOnLeft=">5.0mm" freeSpaceAbove="0.8mm" freeSpaceBelow="2.4mm" left="12.8mm" right="15.2mm" bottom="39.5mm" top="40.5mm" />
    <NearbyComponent name="J_PI" edgeDistance="2.405mm" directions="bottom" freeSpaceOnLeft=">5.0mm" freeSpaceOnRight=">5.0mm" freeSpaceBelow="2.4mm" left="-25.0mm" right="25.0mm" bottom="32.8mm" top="37.2mm" />
    <NearbyComponent name="C_SYS" edgeDistance="3.493mm" directions="right,top" freeSpaceOnRight="0.8mm" freeSpaceAbove=">5.0mm" left="21.6mm" right="24.4mm" bottom="41.2mm" top="42.6mm" />
    <NearbyComponent name="R_FB_LO" edgeDistance="4.243mm" directions="left,top" freeSpaceOnLeft=">5.0mm" freeSpaceAbove="1.0mm" left="14.3mm" right="16.7mm" bottom="44.5mm" top="45.5mm" />
</CongestedRegion>

<CongestedRegion probabilityOfFailure="0.3%" left="21.5mm" right="22.6mm" bottom="51.5mm" top="52.0mm" width="1.0mm" height="0.5mm">
    <NearbyComponent name="R_CC2" edgeDistance="0mm" directions="bottom" freeSpaceOnLeft=">5.0mm" freeSpaceOnRight="1.5mm" freeSpaceBelow="4.9mm" left="21.8mm" right="24.2mm" bottom="50.5mm" top="51.5mm" />
    <NearbyComponent name="J_USB" edgeDistance="1.801mm" directions="top" freeSpaceOnLeft=">5.0mm" freeSpaceOnRight=">5.0mm" freeSpaceAbove=">5.0mm" left="20.1mm" right="29.9mm" bottom="53.8mm" top="60.3mm" />
    <NearbyComponent name="R_CC1" edgeDistance="3.2mm" directions="right,bottom" freeSpaceOnRight="3.1mm" freeSpaceBelow=">5.0mm" left="25.8mm" right="28.2mm" bottom="50.5mm" top="51.5mm" />
    <NearbyComponent name="C_FEEDFORWARD" edgeDistance="3.448mm" directions="left,bottom" freeSpaceOnLeft="1.1mm" freeSpaceBelow="2.0mm" left="15.8mm" right="18.2mm" bottom="49.5mm" top="50.5mm" />
    <NearbyComponent name="R_TIMER" edgeDistance="4.206mm" directions="left,bottom" freeSpaceOnLeft="1.0mm" freeSpaceBelow="2.6mm" left="17.8mm" right="20.2mm" bottom="46.5mm" top="47.5mm" />
</CongestedRegion>

<CongestedRegion probabilityOfFailure="0.3%" left="29.4mm" right="30.2mm" bottom="48.5mm" top="49.3mm" width="0.8mm" height="0.8mm">
    <NearbyComponent name="C_USB_ESD" edgeDistance="0mm" directions="bottom" freeSpaceOnLeft=">5.0mm" freeSpaceOnRight=">5.0mm" freeSpaceBelow=">5.0mm" left="27.8mm" right="30.2mm" bottom="47.5mm" top="48.5mm" />
    <NearbyComponent name="U_USB_ESD" edgeDistance="1.14mm" directions="right" freeSpaceOnRight=">5.0mm" freeSpaceAbove=">5.0mm" freeSpaceBelow="3.5mm" left="31.3mm" right="34.7mm" bottom="49.3mm" top="51.7mm" />
    <NearbyComponent name="R_CC1" edgeDistance="1.697mm" directions="left,top" freeSpaceOnLeft="1.5mm" freeSpaceAbove="2.3mm" left="25.8mm" right="28.2mm" bottom="50.5mm" top="51.5mm" />
    <NearbyComponent name="J_OFF" edgeDistance="3.269mm" directions="right,bottom" freeSpaceOnRight=">5.0mm" freeSpaceBelow=">5.0mm" left="32.0mm" right="36.0mm" bottom="44.3mm" top="45.8mm" />
    <NearbyComponent name="J_USB" edgeDistance="4.451mm" directions="top" freeSpaceOnLeft=">5.0mm" freeSpaceOnRight=">5.0mm" freeSpaceAbove=">5.0mm" left="20.1mm" right="29.9mm" bottom="53.8mm" top="60.3mm" />
</CongestedRegion>

<CongestedRegion probabilityOfFailure="0.3%" left="24.4mm" right="25.3mm" bottom="44.8mm" top="45.4mm" width="0.8mm" height="0.7mm">
    <NearbyComponent name="C_USB" edgeDistance="1.2mm" directions="left" freeSpaceOnLeft="4.0mm" freeSpaceAbove="4.9mm" freeSpaceBelow="0.7mm" left="20.8mm" right="23.2mm" bottom="44.6mm" top="45.6mm" />
    <NearbyComponent name="R_ILIM" edgeDistance="1.3mm" directions="right,bottom" freeSpaceOnRight=">5.0mm" freeSpaceBelow=">5.0mm" left="25.3mm" right="27.7mm" bottom="42.5mm" top="43.5mm" />
    <NearbyComponent name="C_SYS" edgeDistance="2.175mm" directions="left,bottom" freeSpaceOnLeft="0.6mm" freeSpaceBelow="4.0mm" left="21.6mm" right="24.4mm" bottom="41.2mm" top="42.6mm" />
    <NearbyComponent name="C_USB_ESD" edgeDistance="3.265mm" directions="right,top" freeSpaceOnRight=">5.0mm" freeSpaceAbove=">5.0mm" left="27.8mm" right="30.2mm" bottom="47.5mm" top="48.5mm" />
    <NearbyComponent name="U_CHARGE" edgeDistance="3.602mm" directions="left,bottom" freeSpaceOnLeft="1.1mm" freeSpaceBelow="2.9mm" left="17.1mm" right="20.9mm" bottom="40.1mm" top="43.9mm" />
    <NearbyComponent name="R_TIMER" edgeDistance="4.342mm" directions="left,top" freeSpaceOnLeft="1.0mm" freeSpaceAbove=">5.0mm" left="17.8mm" right="20.2mm" bottom="46.5mm" top="47.5mm" />
</CongestedRegion>

<CongestedRegion probabilityOfFailure="0.2%" left="19.4mm" right="22.4mm" bottom="7.5mm" top="8.3mm" width="3.0mm" height="0.8mm">
    <NearbyComponent name="R_AUDIO_EN" edgeDistance="0mm" directions="bottom" freeSpaceOnLeft="1.5mm" freeSpaceOnRight=">5.0mm" freeSpaceBelow=">5.0mm" left="17.8mm" right="20.2mm" bottom="6.5mm" top="7.5mm" />
    <NearbyComponent name="C_AUDIO_BULK" edgeDistance="0mm" directions="top" freeSpaceOnLeft=">5.0mm" freeSpaceOnRight=">5.0mm" freeSpaceAbove=">5.0mm" left="19.6mm" right="22.4mm" bottom="8.3mm" top="9.7mm" />
    <NearbyComponent name="U_AUDIO" edgeDistance="1.989mm" directions="left,top" freeSpaceOnLeft=">5.0mm" freeSpaceAbove="3.4mm" left="15.2mm" right="18.8mm" bottom="10.2mm" top="13.8mm" />
    <NearbyComponent name="R_AUDIO_PD" edgeDistance="3.163mm" directions="left,bottom" freeSpaceOnLeft=">5.0mm" freeSpaceBelow=">5.0mm" left="13.8mm" right="16.2mm" bottom="6.5mm" top="7.5mm" />
    <NearbyComponent name="C_AUDIO_HF" edgeDistance="3.725mm" directions="top" freeSpaceOnLeft="0.6mm" freeSpaceOnRight=">5.0mm" freeSpaceAbove="4.3mm" left="19.4mm" right="21.9mm" bottom="12.0mm" top="13.0mm" />
</CongestedRegion>

<CongestedRegion probabilityOfFailure="0.2%" left="18.2mm" right="19.9mm" bottom="38.9mm" top="40.3mm" width="1.7mm" height="1.4mm">
    <NearbyComponent name="U_CHARGE" edgeDistance="0mm" overlapDepth="0.25mm" directions="left,right,top" freeSpaceAbove="0.7mm" left="17.1mm" right="20.9mm" bottom="40.1mm" top="43.9mm" />
    <NearbyComponent name="J_PI" edgeDistance="1.755mm" directions="bottom" freeSpaceOnLeft=">5.0mm" freeSpaceOnRight=">5.0mm" freeSpaceBelow="2.4mm" left="-25.0mm" right="25.0mm" bottom="32.8mm" top="37.2mm" />
    <NearbyComponent name="C_SYS" edgeDistance="1.912mm" directions="right,top" freeSpaceOnRight="0.8mm" freeSpaceAbove=">5.0mm" left="21.6mm" right="24.4mm" bottom="41.2mm" top="42.6mm" />
    <NearbyComponent name="C_BAT" edgeDistance="2.469mm" directions="left,top" freeSpaceOnLeft="4.5mm" freeSpaceAbove="1.8mm" left="13.1mm" right="15.9mm" bottom="41.3mm" top="42.7mm" />
    <NearbyComponent name="R_ISET" edgeDistance="2.968mm" directions="left" freeSpaceOnLeft=">5.0mm" freeSpaceAbove="0.8mm" freeSpaceBelow="2.4mm" left="12.8mm" right="15.2mm" bottom="39.5mm" top="40.5mm" />
    <NearbyComponent name="C_USB" edgeDistance="4.393mm" directions="right,top" freeSpaceOnRight=">5.0mm" freeSpaceAbove="4.9mm" left="20.8mm" right="23.2mm" bottom="44.6mm" top="45.6mm" />
    <NearbyComponent name="R_FB_LO" edgeDistance="4.449mm" directions="left,top" freeSpaceOnLeft=">5.0mm" freeSpaceAbove="1.0mm" left="14.3mm" right="16.7mm" bottom="44.5mm" top="45.5mm" />
</CongestedRegion>

<CongestedRegion probabilityOfFailure="0.2%" left="18.6mm" right="19.4mm" bottom="45.8mm" top="48.8mm" width="0.9mm" height="3.0mm">
    <NearbyComponent name="R_TIMER" edgeDistance="0mm" overlapDepth="0.85mm" directions="left,right" freeSpaceAbove=">5.0mm" freeSpaceBelow="2.6mm" left="17.8mm" right="20.2mm" bottom="46.5mm" top="47.5mm" />
    <NearbyComponent name="C_FEEDFORWARD" edgeDistance="0.805mm" directions="left,top" freeSpaceOnLeft="1.1mm" freeSpaceAbove=">5.0mm" left="15.8mm" right="18.2mm" bottom="49.5mm" top="50.5mm" />
    <NearbyComponent name="C_USB" edgeDistance="1.373mm" directions="right,bottom" freeSpaceOnRight=">5.0mm" freeSpaceBelow="0.7mm" left="20.8mm" right="23.2mm" bottom="44.6mm" top="45.6mm" />
    <NearbyComponent name="R_FB_HI" edgeDistance="1.85mm" directions="left" freeSpaceOnLeft=">5.0mm" freeSpaceAbove=">5.0mm" freeSpaceBelow="1.0mm" left="14.3mm" right="16.7mm" bottom="46.5mm" top="47.5mm" />
    <NearbyComponent name="R_FB_LO" edgeDistance="1.883mm" directions="left,bottom" freeSpaceOnLeft=">5.0mm" freeSpaceBelow="1.8mm" left="14.3mm" right="16.7mm" bottom="44.5mm" top="45.5mm" />
    <NearbyComponent name="U_CHARGE" edgeDistance="1.9mm" directions="bottom" freeSpaceOnLeft="1.1mm" freeSpaceOnRight="0.6mm" freeSpaceBelow="2.9mm" left="17.1mm" right="20.9mm" bottom="40.1mm" top="43.9mm" />
    <NearbyComponent name="R_CC2" edgeDistance="2.915mm" directions="right,top" freeSpaceOnRight="1.5mm" freeSpaceAbove="2.3mm" left="21.8mm" right="24.2mm" bottom="50.5mm" top="51.5mm" />
    <NearbyComponent name="C_SYS" edgeDistance="3.876mm" directions="right,bottom" freeSpaceOnRight="0.8mm" freeSpaceBelow="4.0mm" left="21.6mm" right="24.4mm" bottom="41.2mm" top="42.6mm" />
    <NearbyComponent name="C_BOOST_IN" edgeDistance="3.95mm" directions="left,top" freeSpaceOnLeft="0.7mm" freeSpaceAbove=">5.0mm" left="11.8mm" right="14.6mm" bottom="48.8mm" top="50.2mm" />
    <NearbyComponent name="C_BAT" edgeDistance="4.097mm" directions="left,bottom" freeSpaceOnLeft="4.5mm" freeSpaceBelow="0.8mm" left="13.1mm" right="15.9mm" bottom="41.3mm" top="42.7mm" />
</CongestedRegion>

<CongestedRegion probabilityOfFailure="0.2%" left="27.7mm" right="29.9mm" bottom="51.5mm" top="52.6mm" width="2.2mm" height="1.2mm">
    <NearbyComponent name="R_CC1" edgeDistance="0mm" directions="bottom" freeSpaceOnLeft="1.5mm" freeSpaceOnRight="3.1mm" freeSpaceBelow=">5.0mm" left="25.8mm" right="28.2mm" bottom="50.5mm" top="51.5mm" />
    <NearbyComponent name="J_USB" edgeDistance="1.151mm" directions="top" freeSpaceOnLeft=">5.0mm" freeSpaceOnRight=">5.0mm" freeSpaceAbove=">5.0mm" left="20.1mm" right="29.9mm" bottom="53.8mm" top="60.3mm" />
    <NearbyComponent name="U_USB_ESD" edgeDistance="1.39mm" directions="right" freeSpaceOnRight=">5.0mm" freeSpaceAbove=">5.0mm" freeSpaceBelow="3.5mm" left="31.3mm" right="34.7mm" bottom="49.3mm" top="51.7mm" />
    <NearbyComponent name="C_USB_ESD" edgeDistance="3mm" directions="bottom" freeSpaceOnLeft=">5.0mm" freeSpaceOnRight=">5.0mm" freeSpaceBelow=">5.0mm" left="27.8mm" right="30.2mm" bottom="47.5mm" top="48.5mm" />
    <NearbyComponent name="R_CC2" edgeDistance="3.5mm" directions="left,bottom" freeSpaceOnLeft=">5.0mm" freeSpaceBelow="4.9mm" left="21.8mm" right="24.2mm" bottom="50.5mm" top="51.5mm" />
</CongestedRegion>

<CongestedRegion probabilityOfFailure="0.2%" left="19.4mm" right="22.0mm" bottom="12.0mm" top="13.0mm" width="2.6mm" height="1.0mm">
    <NearbyComponent name="C_AUDIO_HF" edgeDistance="0mm" overlapDepth="0.95mm" directions="left" containedWithinBounds freeSpaceOnLeft="0.6mm" freeSpaceAbove="4.3mm" freeSpaceBelow="2.3mm" left="19.4mm" right="21.9mm" bottom="12.0mm" top="13.0mm" />
    <NearbyComponent name="U_AUDIO" edgeDistance="0.625mm" directions="left" freeSpaceOnLeft=">5.0mm" freeSpaceAbove="3.4mm" freeSpaceBelow="2.7mm" left="15.2mm" right="18.8mm" bottom="10.2mm" top="13.8mm" />
    <NearbyComponent name="C_AUDIO_BULK" edgeDistance="2.325mm" directions="bottom" freeSpaceOnLeft=">5.0mm" freeSpaceOnRight=">5.0mm" freeSpaceBelow=">5.0mm" left="19.6mm" right="22.4mm" bottom="8.3mm" top="9.7mm" />
    <NearbyComponent name="J_SPEAKER" edgeDistance="4.275mm" directions="top" freeSpaceOnLeft=">5.0mm" freeSpaceOnRight=">5.0mm" freeSpaceAbove=">5.0mm" left="16.0mm" right="20.0mm" bottom="17.3mm" top="18.8mm" />
    <NearbyComponent name="R_AUDIO_EN" edgeDistance="4.55mm" directions="bottom" freeSpaceOnLeft="1.5mm" freeSpaceOnRight=">5.0mm" freeSpaceBelow=">5.0mm" left="17.8mm" right="20.2mm" bottom="6.5mm" top="7.5mm" />
</CongestedRegion>

<CongestedRegion probabilityOfFailure="0.2%" left="15.9mm" right="16.7mm" bottom="44.5mm" top="45.5mm" width="0.8mm" height="1.0mm">
    <NearbyComponent name="R_FB_LO" edgeDistance="0mm" overlapDepth="0.8mm" directions="left,right,bottom,top" regionWithinComponent left="14.3mm" right="16.7mm" bottom="44.5mm" top="45.5mm" />
    <NearbyComponent name="U_CHARGE" edgeDistance="0.695mm" directions="right,bottom" freeSpaceOnRight="0.6mm" freeSpaceBelow="2.9mm" left="17.1mm" right="20.9mm" bottom="40.1mm" top="43.9mm" />
    <NearbyComponent name="R_FB_HI" edgeDistance="1.05mm" directions="top" freeSpaceOnLeft=">5.0mm" freeSpaceOnRight="1.0mm" freeSpaceAbove=">5.0mm" left="14.3mm" right="16.7mm" bottom="46.5mm" top="47.5mm" />
    <NearbyComponent name="R_TIMER" edgeDistance="1.485mm" directions="right,top" freeSpaceOnRight=">5.0mm" freeSpaceAbove=">5.0mm" left="17.8mm" right="20.2mm" bottom="46.5mm" top="47.5mm" />
    <NearbyComponent name="C_BAT" edgeDistance="1.825mm" directions="left,bottom" freeSpaceOnLeft="4.5mm" freeSpaceBelow="0.8mm" left="13.1mm" right="15.9mm" bottom="41.3mm" top="42.7mm" />
    <NearbyComponent name="C_BOOST_IN" edgeDistance="3.57mm" directions="left,top" freeSpaceOnLeft="0.7mm" freeSpaceAbove=">5.0mm" left="11.8mm" right="14.6mm" bottom="48.8mm" top="50.2mm" />
    <NearbyComponent name="C_FEEDFORWARD" edgeDistance="4.05mm" directions="top" freeSpaceOnLeft="1.1mm" freeSpaceOnRight=">5.0mm" freeSpaceAbove=">5.0mm" left="15.8mm" right="18.2mm" bottom="49.5mm" top="50.5mm" />
    <NearbyComponent name="C_USB" edgeDistance="4.05mm" directions="right" freeSpaceOnRight=">5.0mm" freeSpaceAbove="4.9mm" freeSpaceBelow="0.7mm" left="20.8mm" right="23.2mm" bottom="44.6mm" top="45.6mm" />
    <NearbyComponent name="R_ISET" edgeDistance="4.11mm" directions="left,bottom" freeSpaceOnLeft=">5.0mm" freeSpaceBelow="2.4mm" left="12.8mm" right="15.2mm" bottom="39.5mm" top="40.5mm" />
</CongestedRegion>

<CongestedRegion probabilityOfFailure="0.2%" left="23.8mm" right="24.6mm" bottom="29.5mm" top="30.5mm" width="0.8mm" height="1.0mm">
    <NearbyComponent name="R_CHG_PULL" edgeDistance="0mm" overlapDepth="0.8mm" directions="left,right,bottom,top" regionWithinComponent left="23.8mm" right="26.2mm" bottom="29.5mm" top="30.5mm" />
    <NearbyComponent name="R_GOOD_PULL" edgeDistance="2.05mm" directions="bottom" freeSpaceOnLeft=">5.0mm" freeSpaceOnRight=">5.0mm" freeSpaceBelow=">5.0mm" left="23.8mm" right="26.2mm" bottom="26.5mm" top="27.5mm" />
    <NearbyComponent name="J_PI" edgeDistance="2.355mm" directions="top" freeSpaceOnLeft=">5.0mm" freeSpaceOnRight=">5.0mm" freeSpaceAbove="2.4mm" left="-25.0mm" right="25.0mm" bottom="32.8mm" top="37.2mm" />
</CongestedRegion>

<CongestedRegion probabilityOfFailure="0.2%" left="23.8mm" right="24.6mm" bottom="26.5mm" top="27.5mm" width="0.8mm" height="1.0mm">
    <NearbyComponent name="R_GOOD_PULL" edgeDistance="0mm" overlapDepth="0.8mm" directions="left,right,bottom,top" regionWithinComponent left="23.8mm" right="26.2mm" bottom="26.5mm" top="27.5mm" />
    <NearbyComponent name="R_CHG_PULL" edgeDistance="2.05mm" directions="top" freeSpaceOnLeft=">5.0mm" freeSpaceOnRight=">5.0mm" freeSpaceAbove="2.4mm" left="23.8mm" right="26.2mm" bottom="29.5mm" top="30.5mm" />
</CongestedRegion>

<CongestedRegion probabilityOfFailure="0.2%" left="25.4mm" right="26.2mm" bottom="26.5mm" top="27.5mm" width="0.8mm" height="1.0mm">
    <NearbyComponent name="R_GOOD_PULL" edgeDistance="0mm" overlapDepth="0.8mm" directions="left,bottom,top" freeSpaceOnLeft=">5.0mm" left="23.8mm" right="26.2mm" bottom="26.5mm" top="27.5mm" />
    <NearbyComponent name="R_CHG_PULL" edgeDistance="2.05mm" directions="top" freeSpaceOnLeft=">5.0mm" freeSpaceOnRight=">5.0mm" freeSpaceAbove="2.4mm" left="23.8mm" right="26.2mm" bottom="29.5mm" top="30.5mm" />
</CongestedRegion>

<CongestedRegion probabilityOfFailure="0.2%" left="33.4mm" right="34.2mm" bottom="14.5mm" top="15.5mm" width="0.8mm" height="0.9mm">
    <NearbyComponent name="R_ALERT_PULL" edgeDistance="0mm" overlapDepth="0.8mm" directions="left,right,bottom,top" regionWithinComponent left="31.8mm" right="34.2mm" bottom="14.5mm" top="15.5mm" />
    <NearbyComponent name="U_GAUGE" edgeDistance="1.475mm" directions="left,top" freeSpaceOnLeft=">5.0mm" freeSpaceAbove=">5.0mm" left="31.1mm" right="32.9mm" bottom="16.8mm" top="19.2mm" />
    <NearbyComponent name="C_GAUGE" edgeDistance="2.2mm" directions="left" freeSpaceOnLeft=">5.0mm" freeSpaceAbove="1.9mm" freeSpaceBelow=">5.0mm" left="28.8mm" right="31.2mm" bottom="14.0mm" top="15.0mm" />
</CongestedRegion>

<CongestedRegion probabilityOfFailure="0.2%" left="22.4mm" right="23.2mm" bottom="44.6mm" top="45.6mm" width="0.8mm" height="1.0mm">
    <NearbyComponent name="C_USB" edgeDistance="0mm" overlapDepth="0.8mm" directions="left,bottom,top" freeSpaceOnLeft="4.0mm" left="20.8mm" right="23.2mm" bottom="44.6mm" top="45.6mm" />
    <NearbyComponent name="U_CHARGE" edgeDistance="1.655mm" directions="left,bottom" freeSpaceOnLeft="1.1mm" freeSpaceBelow="2.9mm" left="17.1mm" right="20.9mm" bottom="40.1mm" top="43.9mm" />
    <NearbyComponent name="C_SYS" edgeDistance="2.025mm" directions="bottom" freeSpaceOnLeft="0.6mm" freeSpaceOnRight="0.8mm" freeSpaceBelow="4.0mm" left="21.6mm" right="24.4mm" bottom="41.2mm" top="42.6mm" />
    <NearbyComponent name="R_ILIM" edgeDistance="2.351mm" directions="right,bottom" freeSpaceOnRight=">5.0mm" freeSpaceBelow=">5.0mm" left="25.3mm" right="27.7mm" bottom="42.5mm" top="43.5mm" />
    <NearbyComponent name="R_TIMER" edgeDistance="2.396mm" directions="left,top" freeSpaceOnLeft="1.0mm" freeSpaceAbove=">5.0mm" left="17.8mm" right="20.2mm" bottom="46.5mm" top="47.5mm" />
    <NearbyComponent name="R_CC2" edgeDistance="4.95mm" directions="top" freeSpaceOnLeft=">5.0mm" freeSpaceOnRight="1.5mm" freeSpaceAbove="2.3mm" left="21.8mm" right="24.2mm" bottom="50.5mm" top="51.5mm" />
    <NearbyComponent name="C_USB_ESD" edgeDistance="4.95mm" directions="right,top" freeSpaceOnRight=">5.0mm" freeSpaceAbove=">5.0mm" left="27.8mm" right="30.2mm" bottom="47.5mm" top="48.5mm" />
</CongestedRegion>

<CongestedRegion probabilityOfFailure="0.2%" left="28.8mm" right="29.6mm" bottom="14.0mm" top="15.0mm" width="0.8mm" height="0.9mm">
    <NearbyComponent name="C_GAUGE" edgeDistance="0mm" overlapDepth="0.8mm" directions="left,right,bottom,top" regionWithinComponent left="28.8mm" right="31.2mm" bottom="14.0mm" top="15.0mm" />
    <NearbyComponent name="R_ALERT_PULL" edgeDistance="2.2mm" directions="right" freeSpaceOnRight=">5.0mm" freeSpaceAbove=">5.0mm" freeSpaceBelow=">5.0mm" left="31.8mm" right="34.2mm" bottom="14.5mm" top="15.5mm" />
    <NearbyComponent name="U_GAUGE" edgeDistance="2.423mm" directions="right,top" freeSpaceOnRight=">5.0mm" freeSpaceAbove=">5.0mm" left="31.1mm" right="32.9mm" bottom="16.8mm" top="19.2mm" />
</CongestedRegion>

<CongestedRegion probabilityOfFailure="0.2%" left="6.8mm" right="7.6mm" bottom="18.5mm" top="19.5mm" width="0.8mm" height="1.0mm">
    <NearbyComponent name="R_USB_EN1" edgeDistance="0mm" overlapDepth="0.8mm" directions="right,bottom,top" freeSpaceOnRight=">5.0mm" left="6.8mm" right="9.2mm" bottom="18.5mm" top="19.5mm" />
    <NearbyComponent name="R_USB_EN2" edgeDistance="2.05mm" directions="bottom" freeSpaceOnLeft=">5.0mm" freeSpaceOnRight=">5.0mm" freeSpaceBelow=">5.0mm" left="6.8mm" right="9.2mm" bottom="15.5mm" top="16.5mm" />
</CongestedRegion>

<CongestedRegion probabilityOfFailure="0.2%" left="6.8mm" right="7.6mm" bottom="15.5mm" top="16.5mm" width="0.8mm" height="1.0mm">
    <NearbyComponent name="R_USB_EN2" edgeDistance="0mm" overlapDepth="0.8mm" directions="right,bottom,top" freeSpaceOnRight=">5.0mm" left="6.8mm" right="9.2mm" bottom="15.5mm" top="16.5mm" />
    <NearbyComponent name="R_USB_EN1" edgeDistance="2.05mm" directions="top" freeSpaceOnLeft=">5.0mm" freeSpaceOnRight=">5.0mm" freeSpaceAbove=">5.0mm" left="6.8mm" right="9.2mm" bottom="18.5mm" top="19.5mm" />
</CongestedRegion>

<CongestedRegion probabilityOfFailure="0.2%" left="-40.2mm" right="-39.4mm" bottom="2.5mm" top="3.5mm" width="0.8mm" height="0.9mm">
    <NearbyComponent name="C_LCD_IN" edgeDistance="0mm" overlapDepth="0.8mm" directions="left,right,bottom,top" regionWithinComponent left="-40.2mm" right="-37.8mm" bottom="2.5mm" top="3.5mm" />
    <NearbyComponent name="U_LCD_PWR" edgeDistance="3.235mm" directions="right,bottom" freeSpaceOnRight=">5.0mm" freeSpaceBelow=">5.0mm" left="-36.3mm" right="-33.7mm" bottom="-1.9mm" top="1.9mm" />
</CongestedRegion>

<CongestedRegion probabilityOfFailure="0.2%" left="-38.6mm" right="-37.8mm" bottom="-3.5mm" top="-2.5mm" width="0.8mm" height="0.9mm">
    <NearbyComponent name="C_LCD_OUT" edgeDistance="0mm" overlapDepth="0.8mm" directions="left,right,bottom,top" regionWithinComponent left="-40.2mm" right="-37.8mm" bottom="-3.5mm" top="-2.5mm" />
    <NearbyComponent name="U_LCD_PWR" edgeDistance="1.657mm" directions="right,top" freeSpaceOnRight=">5.0mm" freeSpaceAbove=">5.0mm" left="-36.3mm" right="-33.7mm" bottom="-1.9mm" top="1.9mm" />
</CongestedRegion>

<CongestedRegion probabilityOfFailure="0.2%" left="-37.5mm" right="-36.5mm" bottom="-27.5mm" top="-26.8mm" width="1.0mm" height="0.8mm">
    <NearbyComponent name="SW_LEFT" edgeDistance="0mm" overlapDepth="0.75mm" directions="left,right,bottom,top" regionWithinComponent left="-37.5mm" right="-30.5mm" bottom="-31.2mm" top="-26.8mm" />
</CongestedRegion>

<CongestedRegion probabilityOfFailure="0.2%" left="30.5mm" right="31.5mm" bottom="-31.2mm" top="-30.5mm" width="1.0mm" height="0.8mm">
    <NearbyComponent name="SW_A" edgeDistance="0mm" overlapDepth="0.75mm" directions="left,right,bottom,top" regionWithinComponent left="30.5mm" right="37.5mm" bottom="-31.2mm" top="-26.8mm" />
</CongestedRegion>

<CongestedRegion probabilityOfFailure="0.2%" left="20.5mm" right="21.5mm" bottom="-41.2mm" top="-40.5mm" width="1.0mm" height="0.8mm">
    <NearbyComponent name="SW_B" edgeDistance="0mm" overlapDepth="0.75mm" directions="right,bottom,top" freeSpaceOnRight=">5.0mm" left="20.5mm" right="27.5mm" bottom="-41.2mm" top="-36.8mm" />
</CongestedRegion>

<CongestedRegion probabilityOfFailure="0.2%" left="20.5mm" right="21.5mm" bottom="-21.2mm" top="-20.5mm" width="1.0mm" height="0.8mm">
    <NearbyComponent name="SW_X" edgeDistance="0mm" overlapDepth="0.75mm" directions="right,bottom,top" freeSpaceOnRight=">5.0mm" left="20.5mm" right="27.5mm" bottom="-21.2mm" top="-16.8mm" />
</CongestedRegion>

<CongestedRegion probabilityOfFailure="0.2%" left="8.5mm" right="9.5mm" bottom="-54.2mm" top="-53.5mm" width="1.0mm" height="0.8mm">
    <NearbyComponent name="SW_START" edgeDistance="0mm" overlapDepth="0.75mm" directions="left,right,bottom,top" regionWithinComponent left="8.5mm" right="15.5mm" bottom="-54.2mm" top="-49.8mm" />
</CongestedRegion>

<CongestedRegion probabilityOfFailure="0.2%" left="-14.8mm" right="-13.3mm" bottom="46.3mm" top="47.8mm" width="1.5mm" height="1.5mm">
    <NearbyComponent name="TP_5V" edgeDistance="0mm" overlapDepth="1.5mm" directions="left,right,bottom,top" containedWithinBounds left="-14.8mm" right="-13.3mm" bottom="46.3mm" top="47.8mm" />
    <NearbyComponent name="TP_3V3" edgeDistance="4.5mm" directions="right" freeSpaceOnRight=">5.0mm" freeSpaceAbove=">5.0mm" freeSpaceBelow=">5.0mm" left="-8.8mm" right="-7.3mm" bottom="46.3mm" top="47.8mm" />
    <NearbyComponent name="TP_GND" edgeDistance="4.5mm" directions="left" freeSpaceOnLeft=">5.0mm" freeSpaceAbove=">5.0mm" freeSpaceBelow=">5.0mm" left="-20.8mm" right="-19.3mm" bottom="46.3mm" top="47.8mm" />
</CongestedRegion>

<CongestedRegion probabilityOfFailure="0.2%" left="18.5mm" right="19.7mm" bottom="3.9mm" top="4.5mm" width="1.2mm" height="0.6mm">
    <NearbyComponent name="R_AUDIO_EN" edgeDistance="2mm" directions="top" freeSpaceOnLeft="1.5mm" freeSpaceOnRight=">5.0mm" freeSpaceAbove="0.8mm" left="17.8mm" right="20.2mm" bottom="6.5mm" top="7.5mm" />
    <NearbyComponent name="R_AUDIO_PD" edgeDistance="3.029mm" directions="left,top" freeSpaceOnLeft=">5.0mm" freeSpaceAbove="2.7mm" left="13.8mm" right="16.2mm" bottom="6.5mm" top="7.5mm" />
    <NearbyComponent name="C_AUDIO_BULK" edgeDistance="3.775mm" directions="top" freeSpaceOnLeft=">5.0mm" freeSpaceOnRight=">5.0mm" freeSpaceAbove=">5.0mm" left="19.6mm" right="22.4mm" bottom="8.3mm" top="9.7mm" />
</CongestedRegion>

<CongestedRegion probabilityOfFailure="0.2%" left="17.4mm" right="18.1mm" bottom="32.8mm" top="37.2mm" width="0.7mm" height="4.3mm">
    <NearbyComponent name="J_PI" edgeDistance="0mm" overlapDepth="0.74mm" directions="left,right,bottom,top" regionWithinComponent left="-25.0mm" right="25.0mm" bottom="32.8mm" top="37.2mm" />
    <NearbyComponent name="U_CHARGE" edgeDistance="2.905mm" directions="top" freeSpaceOnLeft="1.1mm" freeSpaceOnRight="0.6mm" freeSpaceAbove="0.7mm" left="17.1mm" right="20.9mm" bottom="40.1mm" top="43.9mm" />
    <NearbyComponent name="R_ISET" edgeDistance="3.213mm" directions="left,top" freeSpaceOnLeft=">5.0mm" freeSpaceAbove="0.8mm" left="12.8mm" right="15.2mm" bottom="39.5mm" top="40.5mm" />
    <NearbyComponent name="C_BAT" edgeDistance="4.389mm" directions="left,top" freeSpaceOnLeft="4.5mm" freeSpaceAbove="1.8mm" left="13.1mm" right="15.9mm" bottom="41.3mm" top="42.7mm" />
</CongestedRegion>

<CongestedRegion probabilityOfFailure="0.2%" left="-8.0mm" right="-7.3mm" bottom="32.8mm" top="37.2mm" width="0.7mm" height="4.3mm">
    <NearbyComponent name="J_PI" edgeDistance="0mm" overlapDepth="0.74mm" directions="left,right,bottom,top" regionWithinComponent left="-25.0mm" right="25.0mm" bottom="32.8mm" top="37.2mm" />
</CongestedRegion>

<CongestedRegion probabilityOfFailure="0.2%" left="3.7mm" right="4.5mm" bottom="45.9mm" top="47.1mm" width="0.8mm" height="1.2mm">
    <NearbyComponent name="C_BOOST_OUT1" edgeDistance="0mm" directions="right" freeSpaceOnRight=">5.0mm" freeSpaceAbove=">5.0mm" freeSpaceBelow="1.5mm" left="4.5mm" right="8.5mm" bottom="45.4mm" top="47.1mm" />
    <NearbyComponent name="L_BOOST" edgeDistance="0.779mm" directions="right,top" freeSpaceOnRight="1.5mm" freeSpaceAbove=">5.0mm" left="4.5mm" right="7.5mm" bottom="47.9mm" top="50.1mm" />
    <NearbyComponent name="C_BOOST_OUT2" edgeDistance="2.05mm" directions="right,bottom" freeSpaceOnRight="4.5mm" freeSpaceBelow="5.0mm" left="4.5mm" right="8.5mm" bottom="42.1mm" top="43.9mm" />
    <NearbyComponent name="U_BOOST" edgeDistance="4.64mm" directions="right,top" freeSpaceOnRight="0.7mm" freeSpaceAbove=">5.0mm" left="9.0mm" right="11.0mm" bottom="48.4mm" top="49.6mm" />
</CongestedRegion>

<CongestedRegion probabilityOfFailure="0.2%" left="8.4mm" right="10.1mm" bottom="-6.0mm" top="-5.3mm" width="1.8mm" height="0.6mm">
    <NearbyComponent name="U_KEYS" edgeDistance="0mm" overlapDepth="0.195mm" directions="left,bottom,top" freeSpaceOnLeft=">5.0mm" left="-8.6mm" right="8.6mm" bottom="-14.2mm" top="-1.8mm" />
</CongestedRegion>

<CongestedRegion probabilityOfFailure="0.2%" left="10.6mm" right="12.2mm" bottom="27.7mm" top="28.3mm" width="1.6mm" height="0.7mm">
    <NearbyComponent name="J_PI" edgeDistance="4.505mm" directions="top" freeSpaceOnLeft=">5.0mm" freeSpaceOnRight=">5.0mm" freeSpaceAbove="2.4mm" left="-25.0mm" right="25.0mm" bottom="32.8mm" top="37.2mm" />
</CongestedRegion>

<CongestedRegion probabilityOfFailure="0.2%" left="14.9mm" right="15.6mm" bottom="32.8mm" top="37.2mm" width="0.7mm" height="4.3mm">
    <NearbyComponent name="J_PI" edgeDistance="0mm" overlapDepth="0.74mm" directions="left,right,bottom,top" regionWithinComponent left="-25.0mm" right="25.0mm" bottom="32.8mm" top="37.2mm" />
    <NearbyComponent name="R_ISET" edgeDistance="2.355mm" directions="top" freeSpaceOnLeft=">5.0mm" freeSpaceOnRight="1.8mm" freeSpaceAbove="0.8mm" left="12.8mm" right="15.2mm" bottom="39.5mm" top="40.5mm" />
    <NearbyComponent name="U_CHARGE" edgeDistance="3.253mm" directions="right,top" freeSpaceOnRight="0.6mm" freeSpaceAbove="0.7mm" left="17.1mm" right="20.9mm" bottom="40.1mm" top="43.9mm" />
    <NearbyComponent name="C_BAT" edgeDistance="4.13mm" directions="top" freeSpaceOnLeft="4.5mm" freeSpaceOnRight="1.1mm" freeSpaceAbove="1.8mm" left="13.1mm" right="15.9mm" bottom="41.3mm" top="42.7mm" />
</CongestedRegion>

<CongestedRegion probabilityOfFailure="0.2%" left="-5.6mm" right="-4.9mm" bottom="-16.7mm" top="-15.6mm" width="0.7mm" height="1.1mm">
    <NearbyComponent name="C_KEYS_BULK" edgeDistance="0mm" directions="left" freeSpaceOnLeft=">5.0mm" freeSpaceAbove="2.1mm" freeSpaceBelow=">5.0mm" left="-8.4mm" right="-5.6mm" bottom="-17.7mm" top="-16.3mm" />
    <NearbyComponent name="U_KEYS" edgeDistance="1.382mm" directions="top" freeSpaceOnLeft=">5.0mm" freeSpaceOnRight=">5.0mm" freeSpaceAbove="2.3mm" left="-8.6mm" right="8.6mm" bottom="-14.2mm" top="-1.8mm" />
</CongestedRegion>

<CongestedRegion probabilityOfFailure="0.2%" left="-39.4mm" right="-38.6mm" bottom="-3.5mm" top="-2.5mm" width="0.9mm" height="1.0mm">
    <NearbyComponent name="C_LCD_OUT" edgeDistance="0mm" overlapDepth="0.85mm" directions="left,right" freeSpaceAbove=">5.0mm" freeSpaceBelow=">5.0mm" left="-40.2mm" right="-37.8mm" bottom="-3.5mm" top="-2.5mm" />
    <NearbyComponent name="U_LCD_PWR" edgeDistance="2.41mm" directions="right,top" freeSpaceOnRight=">5.0mm" freeSpaceAbove=">5.0mm" left="-36.3mm" right="-33.7mm" bottom="-1.9mm" top="1.9mm" />
</CongestedRegion>

<CongestedRegion probabilityOfFailure="0.2%" left="-39.4mm" right="-38.6mm" bottom="2.5mm" top="3.5mm" width="0.9mm" height="1.0mm">
    <NearbyComponent name="C_LCD_IN" edgeDistance="0mm" overlapDepth="0.85mm" directions="left,right,bottom,top" regionWithinComponent left="-40.2mm" right="-37.8mm" bottom="2.5mm" top="3.5mm" />
    <NearbyComponent name="U_LCD_PWR" edgeDistance="2.41mm" directions="right,bottom" freeSpaceOnRight=">5.0mm" freeSpaceBelow=">5.0mm" left="-36.3mm" right="-33.7mm" bottom="-1.9mm" top="1.9mm" />
</CongestedRegion>

<CongestedRegion probabilityOfFailure="0.2%" left="4.7mm" right="5.4mm" bottom="32.8mm" top="37.2mm" width="0.7mm" height="4.3mm">
    <NearbyComponent name="J_PI" edgeDistance="0mm" overlapDepth="0.74mm" directions="left,right,bottom,top" regionWithinComponent left="-25.0mm" right="25.0mm" bottom="32.8mm" top="37.2mm" />
    <NearbyComponent name="C_BOOST_OUT2" edgeDistance="4.955mm" directions="top" freeSpaceOnLeft=">5.0mm" freeSpaceOnRight="4.5mm" freeSpaceAbove="1.5mm" left="4.5mm" right="8.5mm" bottom="42.1mm" top="43.9mm" />
</CongestedRegion>

<CongestedRegion probabilityOfFailure="0.2%" left="25.4mm" right="26.3mm" bottom="41.2mm" top="42.5mm" width="0.9mm" height="1.3mm">
    <NearbyComponent name="R_ILIM" edgeDistance="0mm" directions="top" freeSpaceOnLeft="0.8mm" freeSpaceOnRight=">5.0mm" freeSpaceAbove=">5.0mm" left="25.3mm" right="27.7mm" bottom="42.5mm" top="43.5mm" />
    <NearbyComponent name="C_SYS" edgeDistance="1mm" directions="left" freeSpaceOnLeft="0.6mm" freeSpaceAbove=">5.0mm" freeSpaceBelow="4.0mm" left="21.6mm" right="24.4mm" bottom="41.2mm" top="42.6mm" />
    <NearbyComponent name="C_USB" edgeDistance="3.041mm" directions="left,top" freeSpaceOnLeft="4.0mm" freeSpaceAbove="4.9mm" left="20.8mm" right="23.2mm" bottom="44.6mm" top="45.6mm" />
    <NearbyComponent name="J_PI" edgeDistance="4.049mm" directions="left,bottom" freeSpaceOnLeft=">5.0mm" freeSpaceBelow="2.4mm" left="-25.0mm" right="25.0mm" bottom="32.8mm" top="37.2mm" />
    <NearbyComponent name="U_CHARGE" edgeDistance="4.5mm" directions="left" freeSpaceOnLeft="1.1mm" freeSpaceAbove="0.7mm" freeSpaceBelow="2.9mm" left="17.1mm" right="20.9mm" bottom="40.1mm" top="43.9mm" />
</CongestedRegion>

<CongestedRegion probabilityOfFailure="0.2%" left="6.5mm" right="7.5mm" bottom="50.1mm" top="50.8mm" width="1.0mm" height="0.7mm">
    <NearbyComponent name="L_BOOST" edgeDistance="0mm" directions="bottom" freeSpaceOnLeft=">5.0mm" freeSpaceOnRight="1.5mm" freeSpaceBelow="0.8mm" left="4.5mm" right="7.5mm" bottom="47.9mm" top="50.1mm" />
    <NearbyComponent name="U_BOOST" edgeDistance="1.566mm" directions="right,bottom" freeSpaceOnRight="0.7mm" freeSpaceBelow=">5.0mm" left="9.0mm" right="11.0mm" bottom="48.4mm" top="49.6mm" />
    <NearbyComponent name="C_BOOST_OUT1" edgeDistance="2.975mm" directions="bottom" freeSpaceOnLeft=">5.0mm" freeSpaceOnRight=">5.0mm" freeSpaceBelow="1.5mm" left="4.5mm" right="8.5mm" bottom="45.4mm" top="47.1mm" />
    <NearbyComponent name="R_EN" edgeDistance="4.185mm" directions="right,top" freeSpaceOnRight=">5.0mm" freeSpaceAbove=">5.0mm" left="11.3mm" right="13.7mm" bottom="52.5mm" top="53.5mm" />
    <NearbyComponent name="C_BOOST_IN" edgeDistance="4.325mm" directions="right" freeSpaceOnRight="1.1mm" freeSpaceAbove=">5.0mm" freeSpaceBelow="1.3mm" left="11.8mm" right="14.6mm" bottom="48.8mm" top="50.2mm" />
</CongestedRegion>

<CongestedRegion probabilityOfFailure="0.2%" left="10.4mm" right="11.8mm" bottom="49.6mm" top="50.2mm" width="1.3mm" height="0.6mm">
    <NearbyComponent name="C_BOOST_IN" edgeDistance="0mm" directions="right" freeSpaceOnRight="1.1mm" freeSpaceAbove=">5.0mm" freeSpaceBelow="1.3mm" left="11.8mm" right="14.6mm" bottom="48.8mm" top="50.2mm" />
    <NearbyComponent name="U_BOOST" edgeDistance="0mm" directions="bottom" freeSpaceOnLeft="1.5mm" freeSpaceOnRight="0.7mm" freeSpaceBelow=">5.0mm" left="9.0mm" right="11.0mm" bottom="48.4mm" top="49.6mm" />
    <NearbyComponent name="R_EN" edgeDistance="2.325mm" directions="top" freeSpaceOnLeft=">5.0mm" freeSpaceOnRight=">5.0mm" freeSpaceAbove=">5.0mm" left="11.3mm" right="13.7mm" bottom="52.5mm" top="53.5mm" />
    <NearbyComponent name="L_BOOST" edgeDistance="3mm" directions="left" freeSpaceOnLeft=">5.0mm" freeSpaceAbove=">5.0mm" freeSpaceBelow="0.8mm" left="4.5mm" right="7.5mm" bottom="47.9mm" top="50.1mm" />
    <NearbyComponent name="C_BOOST_OUT1" edgeDistance="3.175mm" directions="left,bottom" freeSpaceOnLeft=">5.0mm" freeSpaceBelow="1.5mm" left="4.5mm" right="8.5mm" bottom="45.4mm" top="47.1mm" />
    <NearbyComponent name="R_FB_HI" edgeDistance="3.314mm" directions="right,bottom" freeSpaceOnRight="1.0mm" freeSpaceBelow="1.0mm" left="14.3mm" right="16.7mm" bottom="46.5mm" top="47.5mm" />
    <NearbyComponent name="C_FEEDFORWARD" edgeDistance="4mm" directions="right" freeSpaceOnRight=">5.0mm" freeSpaceAbove=">5.0mm" freeSpaceBelow="2.0mm" left="15.8mm" right="18.2mm" bottom="49.5mm" top="50.5mm" />
    <NearbyComponent name="R_FB_LO" edgeDistance="4.866mm" directions="right,bottom" freeSpaceOnRight="4.0mm" freeSpaceBelow="1.8mm" left="14.3mm" right="16.7mm" bottom="44.5mm" top="45.5mm" />
</CongestedRegion>

<CongestedRegion probabilityOfFailure="0.2%" left="20.6mm" right="21.4mm" bottom="8.3mm" top="9.7mm" width="0.8mm" height="1.4mm">
    <NearbyComponent name="C_AUDIO_BULK" edgeDistance="0mm" overlapDepth="0.8mm" directions="left,right,bottom,top" regionWithinComponent left="19.6mm" right="22.4mm" bottom="8.3mm" top="9.7mm" />
    <NearbyComponent name="R_AUDIO_EN" edgeDistance="0.906mm" directions="left,bottom" freeSpaceOnLeft="1.5mm" freeSpaceBelow=">5.0mm" left="17.8mm" right="20.2mm" bottom="6.5mm" top="7.5mm" />
    <NearbyComponent name="U_AUDIO" edgeDistance="1.868mm" directions="left,top" freeSpaceOnLeft=">5.0mm" freeSpaceAbove="3.4mm" left="15.2mm" right="18.8mm" bottom="10.2mm" top="13.8mm" />
    <NearbyComponent name="C_AUDIO_HF" edgeDistance="2.325mm" directions="top" freeSpaceOnLeft="0.6mm" freeSpaceOnRight=">5.0mm" freeSpaceAbove="4.3mm" left="19.4mm" right="21.9mm" bottom="12.0mm" top="13.0mm" />
    <NearbyComponent name="R_AUDIO_PD" edgeDistance="4.452mm" directions="left,bottom" freeSpaceOnLeft=">5.0mm" freeSpaceBelow=">5.0mm" left="13.8mm" right="16.2mm" bottom="6.5mm" top="7.5mm" />
</CongestedRegion>

<CongestedRegion probabilityOfFailure="0.2%" left="7.6mm" right="8.4mm" bottom="18.5mm" top="19.5mm" width="0.8mm" height="1.0mm">
    <NearbyComponent name="R_USB_EN1" edgeDistance="0mm" overlapDepth="0.85mm" directions="left,right,bottom,top" regionWithinComponent left="6.8mm" right="9.2mm" bottom="18.5mm" top="19.5mm" />
    <NearbyComponent name="R_USB_EN2" edgeDistance="2.05mm" directions="bottom" freeSpaceOnLeft=">5.0mm" freeSpaceOnRight=">5.0mm" freeSpaceBelow=">5.0mm" left="6.8mm" right="9.2mm" bottom="15.5mm" top="16.5mm" />
</CongestedRegion>

<CongestedRegion probabilityOfFailure="0.2%" left="14.3mm" right="14.9mm" bottom="41.3mm" top="42.7mm" width="0.6mm" height="1.4mm">
    <NearbyComponent name="C_BAT" edgeDistance="0mm" overlapDepth="0.625mm" directions="left,right,bottom,top" regionWithinComponent left="13.1mm" right="15.9mm" bottom="41.3mm" top="42.7mm" />
    <NearbyComponent name="R_ISET" edgeDistance="0.825mm" directions="bottom" freeSpaceOnLeft=">5.0mm" freeSpaceOnRight="1.8mm" freeSpaceBelow="2.4mm" left="12.8mm" right="15.2mm" bottom="39.5mm" top="40.5mm" />
    <NearbyComponent name="R_FB_LO" edgeDistance="1.825mm" directions="top" freeSpaceOnLeft=">5.0mm" freeSpaceOnRight="4.0mm" freeSpaceAbove="1.0mm" left="14.3mm" right="16.7mm" bottom="44.5mm" top="45.5mm" />
    <NearbyComponent name="U_CHARGE" edgeDistance="2.175mm" directions="right" freeSpaceOnRight="0.6mm" freeSpaceAbove="0.7mm" freeSpaceBelow="2.9mm" left="17.1mm" right="20.9mm" bottom="40.1mm" top="43.9mm" />
    <NearbyComponent name="R_FB_HI" edgeDistance="3.825mm" directions="top" freeSpaceOnLeft=">5.0mm" freeSpaceOnRight="1.0mm" freeSpaceAbove=">5.0mm" left="14.3mm" right="16.7mm" bottom="46.5mm" top="47.5mm" />
    <NearbyComponent name="J_PI" edgeDistance="4.13mm" directions="bottom" freeSpaceOnLeft=">5.0mm" freeSpaceOnRight=">5.0mm" freeSpaceBelow="2.4mm" left="-25.0mm" right="25.0mm" bottom="32.8mm" top="37.2mm" />
    <NearbyComponent name="R_TIMER" edgeDistance="4.785mm" directions="right,top" freeSpaceOnRight=">5.0mm" freeSpaceAbove=">5.0mm" left="17.8mm" right="20.2mm" bottom="46.5mm" top="47.5mm" />
</CongestedRegion>

<CongestedRegion probabilityOfFailure="0.2%" left="-7.3mm" right="-5.3mm" bottom="-1.0mm" top="-0.6mm" width="2.0mm" height="0.4mm">
    <NearbyComponent name="U_KEYS" edgeDistance="0.828mm" directions="bottom" freeSpaceOnLeft=">5.0mm" freeSpaceOnRight=">5.0mm" freeSpaceBelow="0.8mm" left="-8.6mm" right="8.6mm" bottom="-14.2mm" top="-1.8mm" />
    <NearbyComponent name="R_RESET" edgeDistance="1.1mm" directions="top" freeSpaceOnLeft=">5.0mm" freeSpaceOnRight=">5.0mm" freeSpaceAbove=">5.0mm" left="-7.2mm" right="-4.8mm" bottom="0.5mm" top="1.5mm" />
</CongestedRegion>

<CongestedRegion probabilityOfFailure="0.2%" left="-7.4mm" right="-6.6mm" bottom="-17.7mm" top="-16.3mm" width="0.8mm" height="1.4mm">
    <NearbyComponent name="C_KEYS_BULK" edgeDistance="0mm" overlapDepth="0.8mm" directions="left,right" freeSpaceAbove="2.1mm" freeSpaceBelow=">5.0mm" left="-8.4mm" right="-5.6mm" bottom="-17.7mm" top="-16.3mm" />
    <NearbyComponent name="U_KEYS" edgeDistance="2.092mm" directions="top" freeSpaceOnLeft=">5.0mm" freeSpaceOnRight=">5.0mm" freeSpaceAbove="2.3mm" left="-8.6mm" right="8.6mm" bottom="-14.2mm" top="-1.8mm" />
</CongestedRegion>

<CongestedRegion probabilityOfFailure="0.2%" left="5.8mm" right="7.3mm" bottom="0.7mm" top="1.3mm" width="1.4mm" height="0.7mm">
    <NearbyComponent name="U_KEYS" edgeDistance="2.467mm" directions="bottom" freeSpaceOnLeft=">5.0mm" freeSpaceOnRight=">5.0mm" freeSpaceBelow="0.8mm" left="-8.6mm" right="8.6mm" bottom="-14.2mm" top="-1.8mm" />
</CongestedRegion>

<CongestedRegion probabilityOfFailure="0.2%" left="31.0mm" right="31.6mm" bottom="45.8mm" top="47.0mm" width="0.6mm" height="1.2mm">
    <NearbyComponent name="J_OFF" edgeDistance="0.355mm" directions="right,bottom" freeSpaceOnRight=">5.0mm" freeSpaceBelow=">5.0mm" left="32.0mm" right="36.0mm" bottom="44.3mm" top="45.8mm" />
    <NearbyComponent name="C_USB_ESD" edgeDistance="0.93mm" directions="left,top" freeSpaceOnLeft=">5.0mm" freeSpaceAbove=">5.0mm" left="27.8mm" right="30.2mm" bottom="47.5mm" top="48.5mm" />
    <NearbyComponent name="U_USB_ESD" edgeDistance="2.309mm" directions="top" freeSpaceOnLeft="3.1mm" freeSpaceOnRight=">5.0mm" freeSpaceAbove=">5.0mm" left="31.3mm" right="34.7mm" bottom="49.3mm" top="51.7mm" />
    <NearbyComponent name="R_ILIM" edgeDistance="3.967mm" directions="left,bottom" freeSpaceOnLeft="0.8mm" freeSpaceBelow=">5.0mm" left="25.3mm" right="27.7mm" bottom="42.5mm" top="43.5mm" />
    <NearbyComponent name="R_CC1" edgeDistance="4.491mm" directions="left,top" freeSpaceOnLeft="1.5mm" freeSpaceAbove="2.3mm" left="25.8mm" right="28.2mm" bottom="50.5mm" top="51.5mm" />
</CongestedRegion>

<CongestedRegion probabilityOfFailure="0.2%" left="-37.7mm" right="-36.0mm" bottom="16.4mm" top="17.1mm" width="1.6mm" height="0.6mm">
    <NearbyComponent name="J_LCD" edgeDistance="0mm" overlapDepth="0mm" directions="right,bottom,top" freeSpaceOnRight=">5.0mm" left="-36.0mm" right="-31.6mm" bottom="13.1mm" top="26.9mm" />
</CongestedRegion>

<CongestedRegion probabilityOfFailure="0.2%" left="-6.4mm" right="-5.6mm" bottom="0.5mm" top="1.5mm" width="0.8mm" height="1.0mm">
    <NearbyComponent name="R_RESET" edgeDistance="0mm" overlapDepth="0.85mm" directions="left,right,bottom,top" regionWithinComponent left="-7.2mm" right="-4.8mm" bottom="0.5mm" top="1.5mm" />
    <NearbyComponent name="U_KEYS" edgeDistance="2.317mm" directions="bottom" freeSpaceOnLeft=">5.0mm" freeSpaceOnRight=">5.0mm" freeSpaceBelow="0.8mm" left="-8.6mm" right="8.6mm" bottom="-14.2mm" top="-1.8mm" />
</CongestedRegion>

<CongestedRegion probabilityOfFailure="0.2%" left="15.1mm" right="15.9mm" bottom="46.5mm" top="47.5mm" width="0.9mm" height="0.9mm">
    <NearbyComponent name="R_FB_HI" edgeDistance="0mm" overlapDepth="0.85mm" directions="left,right,bottom,top" regionWithinComponent left="14.3mm" right="16.7mm" bottom="46.5mm" top="47.5mm" />
    <NearbyComponent name="R_FB_LO" edgeDistance="1.05mm" directions="bottom" freeSpaceOnLeft=">5.0mm" freeSpaceOnRight="4.0mm" freeSpaceBelow="1.8mm" left="14.3mm" right="16.7mm" bottom="44.5mm" top="45.5mm" />
    <NearbyComponent name="C_BOOST_IN" edgeDistance="1.399mm" directions="left,top" freeSpaceOnLeft="0.7mm" freeSpaceAbove=">5.0mm" left="11.8mm" right="14.6mm" bottom="48.8mm" top="50.2mm" />
    <NearbyComponent name="R_TIMER" edgeDistance="1.85mm" directions="right" freeSpaceOnRight=">5.0mm" freeSpaceAbove=">5.0mm" freeSpaceBelow="2.6mm" left="17.8mm" right="20.2mm" bottom="46.5mm" top="47.5mm" />
    <NearbyComponent name="C_FEEDFORWARD" edgeDistance="2.05mm" directions="top" freeSpaceOnLeft="1.1mm" freeSpaceOnRight=">5.0mm" freeSpaceAbove=">5.0mm" left="15.8mm" right="18.2mm" bottom="49.5mm" top="50.5mm" />
    <NearbyComponent name="U_CHARGE" edgeDistance="2.843mm" directions="right,bottom" freeSpaceOnRight="0.6mm" freeSpaceBelow="2.9mm" left="17.1mm" right="20.9mm" bottom="40.1mm" top="43.9mm" />
    <NearbyComponent name="C_BAT" edgeDistance="3.825mm" directions="bottom" freeSpaceOnLeft="4.5mm" freeSpaceOnRight="1.1mm" freeSpaceBelow="0.8mm" left="13.1mm" right="15.9mm" bottom="41.3mm" top="42.7mm" />
    <NearbyComponent name="U_BOOST" edgeDistance="4.119mm" directions="left,top" freeSpaceOnLeft="1.5mm" freeSpaceAbove=">5.0mm" left="9.0mm" right="11.0mm" bottom="48.4mm" top="49.6mm" />
    <NearbyComponent name="C_USB" edgeDistance="4.942mm" directions="right,bottom" freeSpaceOnRight=">5.0mm" freeSpaceBelow="0.7mm" left="20.8mm" right="23.2mm" bottom="44.6mm" top="45.6mm" />
</CongestedRegion>

<CongestedRegion probabilityOfFailure="0.1%" left="9.3mm" right="14.5mm" bottom="50.2mm" top="52.5mm" width="5.1mm" height="2.3mm">
    <NearbyComponent name="C_BOOST_IN" edgeDistance="0mm" directions="bottom" freeSpaceOnLeft="0.7mm" freeSpaceOnRight="1.1mm" freeSpaceBelow="1.3mm" left="11.8mm" right="14.6mm" bottom="48.8mm" top="50.2mm" />
    <NearbyComponent name="R_EN" edgeDistance="0mm" directions="top" freeSpaceOnLeft=">5.0mm" freeSpaceOnRight=">5.0mm" freeSpaceAbove=">5.0mm" left="11.3mm" right="13.7mm" bottom="52.5mm" top="53.5mm" />
    <NearbyComponent name="U_BOOST" edgeDistance="0.55mm" directions="bottom" freeSpaceOnLeft="1.5mm" freeSpaceOnRight="0.7mm" freeSpaceBelow=">5.0mm" left="9.0mm" right="11.0mm" bottom="48.4mm" top="49.6mm" />
    <NearbyComponent name="C_FEEDFORWARD" edgeDistance="1.3mm" directions="right" freeSpaceOnRight=">5.0mm" freeSpaceAbove=">5.0mm" freeSpaceBelow="2.0mm" left="15.8mm" right="18.2mm" bottom="49.5mm" top="50.5mm" />
    <NearbyComponent name="L_BOOST" edgeDistance="1.877mm" directions="left,bottom" freeSpaceOnLeft=">5.0mm" freeSpaceBelow="0.8mm" left="4.5mm" right="7.5mm" bottom="47.9mm" top="50.1mm" />
    <NearbyComponent name="R_FB_HI" edgeDistance="2.725mm" directions="bottom" freeSpaceOnLeft=">5.0mm" freeSpaceOnRight="1.0mm" freeSpaceBelow="1.0mm" left="14.3mm" right="16.7mm" bottom="46.5mm" top="47.5mm" />
    <NearbyComponent name="C_BOOST_OUT1" edgeDistance="3.177mm" directions="left,bottom" freeSpaceOnLeft=">5.0mm" freeSpaceBelow="1.5mm" left="4.5mm" right="8.5mm" bottom="45.4mm" top="47.1mm" />
    <NearbyComponent name="R_TIMER" edgeDistance="4.28mm" directions="right,bottom" freeSpaceOnRight=">5.0mm" freeSpaceBelow="2.6mm" left="17.8mm" right="20.2mm" bottom="46.5mm" top="47.5mm" />
    <NearbyComponent name="R_FB_LO" edgeDistance="4.725mm" directions="bottom" freeSpaceOnLeft=">5.0mm" freeSpaceOnRight="4.0mm" freeSpaceBelow="1.8mm" left="14.3mm" right="16.7mm" bottom="44.5mm" top="45.5mm" />
</CongestedRegion>

<CongestedRegion probabilityOfFailure="0.1%" left="30.1mm" right="34.2mm" bottom="15.5mm" top="16.8mm" width="4.1mm" height="1.4mm">
    <NearbyComponent name="U_GAUGE" edgeDistance="0mm" overlapDepth="0mm" directions="top" freeSpaceOnLeft=">5.0mm" freeSpaceOnRight=">5.0mm" freeSpaceAbove=">5.0mm" left="31.1mm" right="32.9mm" bottom="16.8mm" top="19.2mm" />
    <NearbyComponent name="R_ALERT_PULL" edgeDistance="0mm" directions="bottom" freeSpaceOnLeft="0.5mm" freeSpaceOnRight=">5.0mm" freeSpaceBelow=">5.0mm" left="31.8mm" right="34.2mm" bottom="14.5mm" top="15.5mm" />
    <NearbyComponent name="C_GAUGE" edgeDistance="0.5mm" directions="bottom" freeSpaceOnLeft=">5.0mm" freeSpaceOnRight="0.5mm" freeSpaceBelow=">5.0mm" left="28.8mm" right="31.2mm" bottom="14.0mm" top="15.0mm" />
</CongestedRegion>

<CongestedRegion probabilityOfFailure="0.1%" left="18.6mm" right="21.6mm" bottom="40.3mm" top="44.6mm" width="3.0mm" height="4.3mm">
    <NearbyComponent name="U_CHARGE" edgeDistance="0mm" overlapDepth="2.35mm" directions="left,bottom" freeSpaceOnLeft="1.1mm" freeSpaceBelow="2.9mm" left="17.1mm" right="20.9mm" bottom="40.1mm" top="43.9mm" />
    <NearbyComponent name="C_SYS" edgeDistance="0mm" directions="right" freeSpaceOnRight="0.8mm" freeSpaceAbove=">5.0mm" freeSpaceBelow="4.0mm" left="21.6mm" right="24.4mm" bottom="41.2mm" top="42.6mm" />
    <NearbyComponent name="C_USB" edgeDistance="0mm" directions="top" freeSpaceOnLeft="4.0mm" freeSpaceOnRight=">5.0mm" freeSpaceAbove="4.9mm" left="20.8mm" right="23.2mm" bottom="44.6mm" top="45.6mm" />
    <NearbyComponent name="R_FB_LO" edgeDistance="1.85mm" directions="left" freeSpaceOnLeft=">5.0mm" freeSpaceAbove="1.0mm" freeSpaceBelow="1.8mm" left="14.3mm" right="16.7mm" bottom="44.5mm" top="45.5mm" />
    <NearbyComponent name="R_TIMER" edgeDistance="1.9mm" directions="top" freeSpaceOnLeft="1.0mm" freeSpaceOnRight=">5.0mm" freeSpaceAbove=">5.0mm" left="17.8mm" right="20.2mm" bottom="46.5mm" top="47.5mm" />
    <NearbyComponent name="C_BAT" edgeDistance="2.65mm" directions="left" freeSpaceOnLeft="4.5mm" freeSpaceAbove="1.8mm" freeSpaceBelow="0.8mm" left="13.1mm" right="15.9mm" bottom="41.3mm" top="42.7mm" />
    <NearbyComponent name="R_FB_HI" edgeDistance="2.652mm" directions="left,top" freeSpaceOnLeft=">5.0mm" freeSpaceAbove=">5.0mm" left="14.3mm" right="16.7mm" bottom="46.5mm" top="47.5mm" />
    <NearbyComponent name="J_PI" edgeDistance="3.155mm" directions="bottom" freeSpaceOnLeft=">5.0mm" freeSpaceOnRight=">5.0mm" freeSpaceBelow="2.4mm" left="-25.0mm" right="25.0mm" bottom="32.8mm" top="37.2mm" />
    <NearbyComponent name="R_ISET" edgeDistance="3.35mm" directions="left" freeSpaceOnLeft=">5.0mm" freeSpaceAbove="0.8mm" freeSpaceBelow="2.4mm" left="12.8mm" right="15.2mm" bottom="39.5mm" top="40.5mm" />
    <NearbyComponent name="R_ILIM" edgeDistance="3.7mm" directions="right" freeSpaceOnRight=">5.0mm" freeSpaceAbove=">5.0mm" freeSpaceBelow=">5.0mm" left="25.3mm" right="27.7mm" bottom="42.5mm" top="43.5mm" />
    <NearbyComponent name="C_FEEDFORWARD" edgeDistance="4.912mm" directions="left,top" freeSpaceOnLeft="1.1mm" freeSpaceAbove=">5.0mm" left="15.8mm" right="18.2mm" bottom="49.5mm" top="50.5mm" />
</CongestedRegion>

<CongestedRegion probabilityOfFailure="0.1%" left="32.6mm" right="34.2mm" bottom="17.3mm" top="18.7mm" width="1.6mm" height="1.5mm">
    <NearbyComponent name="U_GAUGE" edgeDistance="0mm" overlapDepth="0.29mm" directions="left,bottom,top" freeSpaceOnLeft=">5.0mm" left="31.1mm" right="32.9mm" bottom="16.8mm" top="19.2mm" />
    <NearbyComponent name="R_ALERT_PULL" edgeDistance="1.8mm" directions="bottom" freeSpaceOnLeft="0.5mm" freeSpaceOnRight=">5.0mm" freeSpaceBelow=">5.0mm" left="31.8mm" right="34.2mm" bottom="14.5mm" top="15.5mm" />
    <NearbyComponent name="C_GAUGE" edgeDistance="2.68mm" directions="left,bottom" freeSpaceOnLeft=">5.0mm" freeSpaceBelow=">5.0mm" left="28.8mm" right="31.2mm" bottom="14.0mm" top="15.0mm" />
</CongestedRegion>

<CongestedRegion probabilityOfFailure="0.1%" left="-37.8mm" right="-36.3mm" bottom="-3.5mm" top="-2.5mm" width="1.5mm" height="1.0mm">
    <NearbyComponent name="C_LCD_OUT" edgeDistance="0mm" directions="left" freeSpaceOnLeft=">5.0mm" freeSpaceAbove=">5.0mm" freeSpaceBelow=">5.0mm" left="-40.2mm" right="-37.8mm" bottom="-3.5mm" top="-2.5mm" />
    <NearbyComponent name="U_LCD_PWR" edgeDistance="0.673mm" directions="right,top" freeSpaceOnRight=">5.0mm" freeSpaceAbove=">5.0mm" left="-36.3mm" right="-33.7mm" bottom="-1.9mm" top="1.9mm" />
</CongestedRegion>

<CongestedRegion probabilityOfFailure="0.1%" left="-36.0mm" right="-34.1mm" bottom="13.1mm" top="14.4mm" width="2.0mm" height="1.3mm">
    <NearbyComponent name="J_LCD" edgeDistance="0mm" overlapDepth="1.315mm" directions="left,right,bottom,top" regionWithinComponent left="-36.0mm" right="-31.6mm" bottom="13.1mm" top="26.9mm" />
</CongestedRegion>

<CongestedRegion probabilityOfFailure="0.1%" left="4.5mm" right="9.0mm" bottom="43.9mm" top="45.4mm" width="4.5mm" height="1.5mm">
    <NearbyComponent name="C_BOOST_OUT1" edgeDistance="0mm" directions="top" freeSpaceOnLeft=">5.0mm" freeSpaceOnRight=">5.0mm" freeSpaceAbove=">5.0mm" left="4.5mm" right="8.5mm" bottom="45.4mm" top="47.1mm" />
    <NearbyComponent name="C_BOOST_OUT2" edgeDistance="0mm" directions="bottom" freeSpaceOnLeft=">5.0mm" freeSpaceOnRight="4.5mm" freeSpaceBelow="5.0mm" left="4.5mm" right="8.5mm" bottom="42.1mm" top="43.9mm" />
    <NearbyComponent name="L_BOOST" edgeDistance="2.525mm" directions="top" freeSpaceOnLeft=">5.0mm" freeSpaceOnRight="1.5mm" freeSpaceAbove=">5.0mm" left="4.5mm" right="7.5mm" bottom="47.9mm" top="50.1mm" />
    <NearbyComponent name="U_BOOST" edgeDistance="2.975mm" directions="top" freeSpaceOnLeft="1.5mm" freeSpaceOnRight="0.7mm" freeSpaceAbove=">5.0mm" left="9.0mm" right="11.0mm" bottom="48.4mm" top="49.6mm" />
    <NearbyComponent name="C_BAT" edgeDistance="4.265mm" directions="right,bottom" freeSpaceOnRight="1.1mm" freeSpaceBelow="0.8mm" left="13.1mm" right="15.9mm" bottom="41.3mm" top="42.7mm" />
    <NearbyComponent name="C_BOOST_IN" edgeDistance="4.424mm" directions="right,top" freeSpaceOnRight="1.1mm" freeSpaceAbove=">5.0mm" left="11.8mm" right="14.6mm" bottom="48.8mm" top="50.2mm" />
</CongestedRegion>

<CongestedRegion probabilityOfFailure="0.1%" left="7.5mm" right="9.0mm" bottom="48.4mm" top="50.8mm" width="1.5mm" height="2.5mm">
    <NearbyComponent name="U_BOOST" edgeDistance="0mm" overlapDepth="0mm" directions="right" freeSpaceOnRight="0.7mm" freeSpaceAbove=">5.0mm" freeSpaceBelow=">5.0mm" left="9.0mm" right="11.0mm" bottom="48.4mm" top="49.6mm" />
    <NearbyComponent name="L_BOOST" edgeDistance="0mm" directions="left" freeSpaceOnLeft=">5.0mm" freeSpaceAbove=">5.0mm" freeSpaceBelow="0.8mm" left="4.5mm" right="7.5mm" bottom="47.9mm" top="50.1mm" />
    <NearbyComponent name="C_BOOST_OUT1" edgeDistance="1.225mm" directions="bottom" freeSpaceOnLeft=">5.0mm" freeSpaceOnRight=">5.0mm" freeSpaceBelow="1.5mm" left="4.5mm" right="8.5mm" bottom="45.4mm" top="47.1mm" />
    <NearbyComponent name="C_BOOST_IN" edgeDistance="2.825mm" directions="right" freeSpaceOnRight="1.1mm" freeSpaceAbove=">5.0mm" freeSpaceBelow="1.3mm" left="11.8mm" right="14.6mm" bottom="48.8mm" top="50.2mm" />
    <NearbyComponent name="R_EN" edgeDistance="2.88mm" directions="right,top" freeSpaceOnRight=">5.0mm" freeSpaceAbove=">5.0mm" left="11.3mm" right="13.7mm" bottom="52.5mm" top="53.5mm" />
    <NearbyComponent name="C_BOOST_OUT2" edgeDistance="4.475mm" directions="bottom" freeSpaceOnLeft=">5.0mm" freeSpaceOnRight="4.5mm" freeSpaceBelow="5.0mm" left="4.5mm" right="8.5mm" bottom="42.1mm" top="43.9mm" />
</CongestedRegion>

<CongestedRegion probabilityOfFailure="0.1%" left="12.8mm" right="17.8mm" bottom="37.2mm" top="38.6mm" width="5.0mm" height="1.4mm">
    <NearbyComponent name="J_PI" edgeDistance="0mm" directions="bottom" freeSpaceOnLeft=">5.0mm" freeSpaceOnRight=">5.0mm" freeSpaceBelow="2.4mm" left="-25.0mm" right="25.0mm" bottom="32.8mm" top="37.2mm" />
    <NearbyComponent name="R_ISET" edgeDistance="0.95mm" directions="top" freeSpaceOnLeft=">5.0mm" freeSpaceOnRight="1.8mm" freeSpaceAbove="0.8mm" left="12.8mm" right="15.2mm" bottom="39.5mm" top="40.5mm" />
    <NearbyComponent name="U_CHARGE" edgeDistance="1.5mm" directions="top" freeSpaceOnLeft="1.1mm" freeSpaceOnRight="0.6mm" freeSpaceAbove="0.7mm" left="17.1mm" right="20.9mm" bottom="40.1mm" top="43.9mm" />
    <NearbyComponent name="C_BAT" edgeDistance="2.725mm" directions="top" freeSpaceOnLeft="4.5mm" freeSpaceOnRight="1.1mm" freeSpaceAbove="1.8mm" left="13.1mm" right="15.9mm" bottom="41.3mm" top="42.7mm" />
    <NearbyComponent name="C_SYS" edgeDistance="4.616mm" directions="right,top" freeSpaceOnRight="0.8mm" freeSpaceAbove=">5.0mm" left="21.6mm" right="24.4mm" bottom="41.2mm" top="42.6mm" />
</CongestedRegion>

<CongestedRegion probabilityOfFailure="0.1%" left="12.8mm" right="15.9mm" bottom="40.5mm" top="41.3mm" width="3.1mm" height="0.8mm">
    <NearbyComponent name="C_BAT" edgeDistance="0mm" directions="top" freeSpaceOnLeft="4.5mm" freeSpaceOnRight="1.1mm" freeSpaceAbove="1.8mm" left="13.1mm" right="15.9mm" bottom="41.3mm" top="42.7mm" />
    <NearbyComponent name="R_ISET" edgeDistance="0mm" directions="bottom" freeSpaceOnLeft=">5.0mm" freeSpaceOnRight="1.8mm" freeSpaceBelow="2.4mm" left="12.8mm" right="15.2mm" bottom="39.5mm" top="40.5mm" />
    <NearbyComponent name="U_CHARGE" edgeDistance="1.15mm" directions="right" freeSpaceOnRight="0.6mm" freeSpaceAbove="0.7mm" freeSpaceBelow="2.9mm" left="17.1mm" right="20.9mm" bottom="40.1mm" top="43.9mm" />
    <NearbyComponent name="R_FB_LO" edgeDistance="3.225mm" directions="top" freeSpaceOnLeft=">5.0mm" freeSpaceOnRight="4.0mm" freeSpaceAbove="1.0mm" left="14.3mm" right="16.7mm" bottom="44.5mm" top="45.5mm" />
    <NearbyComponent name="J_PI" edgeDistance="3.305mm" directions="bottom" freeSpaceOnLeft=">5.0mm" freeSpaceOnRight=">5.0mm" freeSpaceBelow="2.4mm" left="-25.0mm" right="25.0mm" bottom="32.8mm" top="37.2mm" />
    <NearbyComponent name="C_BOOST_OUT2" edgeDistance="4.329mm" directions="left,top" freeSpaceOnLeft=">5.0mm" freeSpaceAbove="1.5mm" left="4.5mm" right="8.5mm" bottom="42.1mm" top="43.9mm" />
</CongestedRegion>

<CongestedRegion probabilityOfFailure="0.1%" left="15.9mm" right="18.6mm" bottom="40.3mm" top="42.7mm" width="2.6mm" height="2.4mm">
    <NearbyComponent name="U_CHARGE" edgeDistance="0mm" overlapDepth="1.5mm" directions="right,bottom,top" freeSpaceOnRight="0.6mm" left="17.1mm" right="20.9mm" bottom="40.1mm" top="43.9mm" />
    <NearbyComponent name="C_BAT" edgeDistance="0mm" directions="left" freeSpaceOnLeft="4.5mm" freeSpaceAbove="1.8mm" freeSpaceBelow="0.8mm" left="13.1mm" right="15.9mm" bottom="41.3mm" top="42.7mm" />
    <NearbyComponent name="R_ISET" edgeDistance="0.7mm" directions="left" freeSpaceOnLeft=">5.0mm" freeSpaceAbove="0.8mm" freeSpaceBelow="2.4mm" left="12.8mm" right="15.2mm" bottom="39.5mm" top="40.5mm" />
    <NearbyComponent name="R_FB_LO" edgeDistance="1.825mm" directions="top" freeSpaceOnLeft=">5.0mm" freeSpaceOnRight="4.0mm" freeSpaceAbove="1.0mm" left="14.3mm" right="16.7mm" bottom="44.5mm" top="45.5mm" />
    <NearbyComponent name="C_USB" edgeDistance="2.923mm" directions="right,top" freeSpaceOnRight=">5.0mm" freeSpaceAbove="4.9mm" left="20.8mm" right="23.2mm" bottom="44.6mm" top="45.6mm" />
    <NearbyComponent name="C_SYS" edgeDistance="3mm" directions="right" freeSpaceOnRight="0.8mm" freeSpaceAbove=">5.0mm" freeSpaceBelow="4.0mm" left="21.6mm" right="24.4mm" bottom="41.2mm" top="42.6mm" />
    <NearbyComponent name="J_PI" edgeDistance="3.155mm" directions="bottom" freeSpaceOnLeft=">5.0mm" freeSpaceOnRight=">5.0mm" freeSpaceBelow="2.4mm" left="-25.0mm" right="25.0mm" bottom="32.8mm" top="37.2mm" />
    <NearbyComponent name="R_FB_HI" edgeDistance="3.825mm" directions="top" freeSpaceOnLeft=">5.0mm" freeSpaceOnRight="1.0mm" freeSpaceAbove=">5.0mm" left="14.3mm" right="16.7mm" bottom="46.5mm" top="47.5mm" />
    <NearbyComponent name="R_TIMER" edgeDistance="3.825mm" directions="top" freeSpaceOnLeft="1.0mm" freeSpaceOnRight=">5.0mm" freeSpaceAbove=">5.0mm" left="17.8mm" right="20.2mm" bottom="46.5mm" top="47.5mm" />
</CongestedRegion>

<CongestedRegion probabilityOfFailure="0.1%" left="17.8mm" right="23.0mm" bottom="37.2mm" top="38.9mm" width="5.3mm" height="1.8mm">
    <NearbyComponent name="J_PI" edgeDistance="0mm" directions="bottom" freeSpaceOnLeft=">5.0mm" freeSpaceOnRight=">5.0mm" freeSpaceBelow="2.4mm" left="-25.0mm" right="25.0mm" bottom="32.8mm" top="37.2mm" />
    <NearbyComponent name="U_CHARGE" edgeDistance="1.15mm" directions="top" freeSpaceOnLeft="1.1mm" freeSpaceOnRight="0.6mm" freeSpaceAbove="0.7mm" left="17.1mm" right="20.9mm" bottom="40.1mm" top="43.9mm" />
    <NearbyComponent name="C_SYS" edgeDistance="2.275mm" directions="top" freeSpaceOnLeft="0.6mm" freeSpaceOnRight="0.8mm" freeSpaceAbove=">5.0mm" left="21.6mm" right="24.4mm" bottom="41.2mm" top="42.6mm" />
    <NearbyComponent name="R_ISET" edgeDistance="2.623mm" directions="left,top" freeSpaceOnLeft=">5.0mm" freeSpaceAbove="0.8mm" left="12.8mm" right="15.2mm" bottom="39.5mm" top="40.5mm" />
    <NearbyComponent name="C_BAT" edgeDistance="3.013mm" directions="left,top" freeSpaceOnLeft="4.5mm" freeSpaceAbove="1.8mm" left="13.1mm" right="15.9mm" bottom="41.3mm" top="42.7mm" />
    <NearbyComponent name="R_ILIM" edgeDistance="4.237mm" directions="right,top" freeSpaceOnRight=">5.0mm" freeSpaceAbove=">5.0mm" left="25.3mm" right="27.7mm" bottom="42.5mm" top="43.5mm" />
</CongestedRegion>

<CongestedRegion probabilityOfFailure="0.1%" left="18.1mm" right="19.4mm" bottom="7.5mm" top="9.7mm" width="1.3mm" height="2.2mm">
    <NearbyComponent name="R_AUDIO_EN" edgeDistance="0mm" directions="bottom" freeSpaceOnLeft="1.5mm" freeSpaceOnRight=">5.0mm" freeSpaceBelow=">5.0mm" left="17.8mm" right="20.2mm" bottom="6.5mm" top="7.5mm" />
    <NearbyComponent name="C_AUDIO_BULK" edgeDistance="0.187mm" directions="right" freeSpaceOnRight=">5.0mm" freeSpaceAbove=">5.0mm" freeSpaceBelow=">5.0mm" left="19.6mm" right="22.4mm" bottom="8.3mm" top="9.7mm" />
    <NearbyComponent name="U_AUDIO" edgeDistance="0.525mm" directions="top" freeSpaceOnLeft=">5.0mm" freeSpaceOnRight="0.6mm" freeSpaceAbove="3.4mm" left="15.2mm" right="18.8mm" bottom="10.2mm" top="13.8mm" />
    <NearbyComponent name="R_AUDIO_PD" edgeDistance="1.9mm" directions="left,bottom" freeSpaceOnLeft=">5.0mm" freeSpaceBelow=">5.0mm" left="13.8mm" right="16.2mm" bottom="6.5mm" top="7.5mm" />
    <NearbyComponent name="C_AUDIO_HF" edgeDistance="2.35mm" directions="right,top" freeSpaceOnRight=">5.0mm" freeSpaceAbove="4.3mm" left="19.4mm" right="21.9mm" bottom="12.0mm" top="13.0mm" />
</CongestedRegion>

<CongestedRegion probabilityOfFailure="0.1%" left="21.3mm" right="22.4mm" bottom="54.2mm" top="55.4mm" width="1.1mm" height="1.2mm">
    <NearbyComponent name="J_USB" edgeDistance="0mm" overlapDepth="1.125mm" directions="left,right,bottom,top" regionWithinComponent left="20.1mm" right="29.9mm" bottom="53.8mm" top="60.3mm" />
    <NearbyComponent name="R_CC2" edgeDistance="2.719mm" directions="bottom" freeSpaceOnLeft=">5.0mm" freeSpaceOnRight="1.5mm" freeSpaceBelow="4.9mm" left="21.8mm" right="24.2mm" bottom="50.5mm" top="51.5mm" />
    <NearbyComponent name="R_CC1" edgeDistance="4.334mm" directions="right,bottom" freeSpaceOnRight="3.1mm" freeSpaceBelow=">5.0mm" left="25.8mm" right="28.2mm" bottom="50.5mm" top="51.5mm" />
    <NearbyComponent name="C_FEEDFORWARD" edgeDistance="4.81mm" directions="left,bottom" freeSpaceOnLeft="1.1mm" freeSpaceBelow="2.0mm" left="15.8mm" right="18.2mm" bottom="49.5mm" top="50.5mm" />
</CongestedRegion>

<CongestedRegion probabilityOfFailure="0.1%" left="21.6mm" right="23.3mm" bottom="40.3mm" top="41.2mm" width="1.8mm" height="0.9mm">
    <NearbyComponent name="C_SYS" edgeDistance="0mm" directions="top" freeSpaceOnLeft="0.6mm" freeSpaceOnRight="0.8mm" freeSpaceAbove=">5.0mm" left="21.6mm" right="24.4mm" bottom="41.2mm" top="42.6mm" />
    <NearbyComponent name="U_CHARGE" edgeDistance="0.65mm" directions="left" freeSpaceOnLeft="1.1mm" freeSpaceAbove="0.7mm" freeSpaceBelow="2.9mm" left="17.1mm" right="20.9mm" bottom="40.1mm" top="43.9mm" />
    <NearbyComponent name="R_ILIM" edgeDistance="2.358mm" directions="right,top" freeSpaceOnRight=">5.0mm" freeSpaceAbove=">5.0mm" left="25.3mm" right="27.7mm" bottom="42.5mm" top="43.5mm" />
    <NearbyComponent name="J_PI" edgeDistance="3.155mm" directions="bottom" freeSpaceOnLeft=">5.0mm" freeSpaceOnRight=">5.0mm" freeSpaceBelow="2.4mm" left="-25.0mm" right="25.0mm" bottom="32.8mm" top="37.2mm" />
    <NearbyComponent name="C_USB" edgeDistance="3.425mm" directions="top" freeSpaceOnLeft="4.0mm" freeSpaceOnRight=">5.0mm" freeSpaceAbove="4.9mm" left="20.8mm" right="23.2mm" bottom="44.6mm" top="45.6mm" />
</CongestedRegion>

<CongestedRegion probabilityOfFailure="0.1%" left="23.0mm" right="26.3mm" bottom="37.2mm" top="38.3mm" width="3.3mm" height="1.1mm">
    <NearbyComponent name="J_PI" edgeDistance="0mm" directions="bottom" freeSpaceOnLeft=">5.0mm" freeSpaceOnRight=">5.0mm" freeSpaceBelow="2.4mm" left="-25.0mm" right="25.0mm" bottom="32.8mm" top="37.2mm" />
    <NearbyComponent name="U_CHARGE" edgeDistance="2.779mm" directions="left,top" freeSpaceOnLeft="1.1mm" freeSpaceAbove="0.7mm" left="17.1mm" right="20.9mm" bottom="40.1mm" top="43.9mm" />
    <NearbyComponent name="C_SYS" edgeDistance="2.925mm" directions="top" freeSpaceOnLeft="0.6mm" freeSpaceOnRight="0.8mm" freeSpaceAbove=">5.0mm" left="21.6mm" right="24.4mm" bottom="41.2mm" top="42.6mm" />
    <NearbyComponent name="R_ILIM" edgeDistance="4.25mm" directions="top" freeSpaceOnLeft="0.8mm" freeSpaceOnRight=">5.0mm" freeSpaceAbove=">5.0mm" left="25.3mm" right="27.7mm" bottom="42.5mm" top="43.5mm" />
</CongestedRegion>

<CongestedRegion probabilityOfFailure="0.1%" left="25.0mm" right="26.3mm" bottom="35.1mm" top="37.2mm" width="1.3mm" height="2.1mm">
    <NearbyComponent name="J_PI" edgeDistance="0mm" directions="left" freeSpaceOnLeft=">5.0mm" freeSpaceAbove="2.4mm" freeSpaceBelow="2.4mm" left="-25.0mm" right="25.0mm" bottom="32.8mm" top="37.2mm" />
    <NearbyComponent name="C_SYS" edgeDistance="4.075mm" directions="left,top" freeSpaceOnLeft="0.6mm" freeSpaceAbove=">5.0mm" left="21.6mm" right="24.4mm" bottom="41.2mm" top="42.6mm" />
    <NearbyComponent name="R_CHG_PULL" edgeDistance="4.63mm" directions="bottom" freeSpaceOnLeft=">5.0mm" freeSpaceOnRight=">5.0mm" freeSpaceBelow=">5.0mm" left="23.8mm" right="26.2mm" bottom="29.5mm" top="30.5mm" />
</CongestedRegion>

<CongestedRegion probabilityOfFailure="0.1%" left="25.3mm" right="26.2mm" bottom="31.0mm" top="32.8mm" width="0.9mm" height="1.8mm">
    <NearbyComponent name="J_PI" edgeDistance="0.295mm" directions="left,top" freeSpaceOnLeft=">5.0mm" freeSpaceAbove="2.4mm" left="-25.0mm" right="25.0mm" bottom="32.8mm" top="37.2mm" />
    <NearbyComponent name="R_CHG_PULL" edgeDistance="0.55mm" directions="bottom" freeSpaceOnLeft=">5.0mm" freeSpaceOnRight=">5.0mm" freeSpaceBelow=">5.0mm" left="23.8mm" right="26.2mm" bottom="29.5mm" top="30.5mm" />
    <NearbyComponent name="R_GOOD_PULL" edgeDistance="3.55mm" directions="bottom" freeSpaceOnLeft=">5.0mm" freeSpaceOnRight=">5.0mm" freeSpaceBelow=">5.0mm" left="23.8mm" right="26.2mm" bottom="26.5mm" top="27.5mm" />
</CongestedRegion>

<CongestedRegion probabilityOfFailure="0.1%" left="32.4mm" right="33.6mm" bottom="49.3mm" top="51.8mm" width="1.2mm" height="2.5mm">
    <NearbyComponent name="U_USB_ESD" edgeDistance="0mm" overlapDepth="1.226mm" directions="left,right,bottom" freeSpaceBelow="3.5mm" left="31.3mm" right="34.7mm" bottom="49.3mm" top="51.7mm" />
    <NearbyComponent name="C_USB_ESD" edgeDistance="2.308mm" directions="left,bottom" freeSpaceOnLeft=">5.0mm" freeSpaceBelow=">5.0mm" left="27.8mm" right="30.2mm" bottom="47.5mm" top="48.5mm" />
    <NearbyComponent name="J_USB" edgeDistance="3.172mm" directions="left,top" freeSpaceOnLeft=">5.0mm" freeSpaceAbove=">5.0mm" left="20.1mm" right="29.9mm" bottom="53.8mm" top="60.3mm" />
    <NearbyComponent name="J_OFF" edgeDistance="3.534mm" directions="bottom" freeSpaceOnLeft=">5.0mm" freeSpaceOnRight=">5.0mm" freeSpaceBelow=">5.0mm" left="32.0mm" right="36.0mm" bottom="44.3mm" top="45.8mm" />
    <NearbyComponent name="R_CC1" edgeDistance="4.162mm" directions="left" freeSpaceOnLeft="1.5mm" freeSpaceAbove="2.3mm" freeSpaceBelow=">5.0mm" left="25.8mm" right="28.2mm" bottom="50.5mm" top="51.5mm" />
</CongestedRegion>

<CongestedRegion probabilityOfFailure="0.1%" left="21.4mm" right="22.4mm" bottom="8.3mm" top="9.7mm" width="1.0mm" height="1.4mm">
    <NearbyComponent name="C_AUDIO_BULK" edgeDistance="0mm" overlapDepth="1.025mm" directions="left,right,bottom,top" regionWithinComponent left="19.6mm" right="22.4mm" bottom="8.3mm" top="9.7mm" />
    <NearbyComponent name="R_AUDIO_EN" edgeDistance="1.436mm" directions="left,bottom" freeSpaceOnLeft="1.5mm" freeSpaceBelow=">5.0mm" left="17.8mm" right="20.2mm" bottom="6.5mm" top="7.5mm" />
    <NearbyComponent name="C_AUDIO_HF" edgeDistance="2.325mm" directions="top" freeSpaceOnLeft="0.6mm" freeSpaceOnRight=">5.0mm" freeSpaceAbove="4.3mm" left="19.4mm" right="21.9mm" bottom="12.0mm" top="13.0mm" />
    <NearbyComponent name="U_AUDIO" edgeDistance="2.648mm" directions="left,top" freeSpaceOnLeft=">5.0mm" freeSpaceAbove="3.4mm" left="15.2mm" right="18.8mm" bottom="10.2mm" top="13.8mm" />
</CongestedRegion>

<CongestedRegion probabilityOfFailure="0.1%" left="14.9mm" right="15.9mm" bottom="41.3mm" top="42.7mm" width="1.0mm" height="1.4mm">
    <NearbyComponent name="C_BAT" edgeDistance="0mm" overlapDepth="1.025mm" directions="left,bottom,top" freeSpaceOnLeft="4.5mm" left="13.1mm" right="15.9mm" bottom="41.3mm" top="42.7mm" />
    <NearbyComponent name="R_ISET" edgeDistance="0.825mm" directions="bottom" freeSpaceOnLeft=">5.0mm" freeSpaceOnRight="1.8mm" freeSpaceBelow="2.4mm" left="12.8mm" right="15.2mm" bottom="39.5mm" top="40.5mm" />
    <NearbyComponent name="U_CHARGE" edgeDistance="1.15mm" directions="right" freeSpaceOnRight="0.6mm" freeSpaceAbove="0.7mm" freeSpaceBelow="2.9mm" left="17.1mm" right="20.9mm" bottom="40.1mm" top="43.9mm" />
    <NearbyComponent name="R_FB_LO" edgeDistance="1.825mm" directions="top" freeSpaceOnLeft=">5.0mm" freeSpaceOnRight="4.0mm" freeSpaceAbove="1.0mm" left="14.3mm" right="16.7mm" bottom="44.5mm" top="45.5mm" />
    <NearbyComponent name="R_FB_HI" edgeDistance="3.825mm" directions="top" freeSpaceOnLeft=">5.0mm" freeSpaceOnRight="1.0mm" freeSpaceAbove=">5.0mm" left="14.3mm" right="16.7mm" bottom="46.5mm" top="47.5mm" />
    <NearbyComponent name="J_PI" edgeDistance="4.13mm" directions="bottom" freeSpaceOnLeft=">5.0mm" freeSpaceOnRight=">5.0mm" freeSpaceBelow="2.4mm" left="-25.0mm" right="25.0mm" bottom="32.8mm" top="37.2mm" />
    <NearbyComponent name="R_TIMER" edgeDistance="4.249mm" directions="right,top" freeSpaceOnRight=">5.0mm" freeSpaceAbove=">5.0mm" left="17.8mm" right="20.2mm" bottom="46.5mm" top="47.5mm" />
</CongestedRegion>

<CongestedRegion probabilityOfFailure="0.1%" left="23.4mm" right="24.4mm" bottom="41.2mm" top="42.6mm" width="1.0mm" height="1.4mm">
    <NearbyComponent name="C_SYS" edgeDistance="0mm" overlapDepth="1.025mm" directions="left,right,top" freeSpaceAbove=">5.0mm" left="21.6mm" right="24.4mm" bottom="41.2mm" top="42.6mm" />
    <NearbyComponent name="R_ILIM" edgeDistance="0.85mm" directions="right" freeSpaceOnRight=">5.0mm" freeSpaceAbove=">5.0mm" freeSpaceBelow=">5.0mm" left="25.3mm" right="27.7mm" bottom="42.5mm" top="43.5mm" />
    <NearbyComponent name="C_USB" edgeDistance="2.033mm" directions="left,top" freeSpaceOnLeft="4.0mm" freeSpaceAbove="4.9mm" left="20.8mm" right="23.2mm" bottom="44.6mm" top="45.6mm" />
    <NearbyComponent name="U_CHARGE" edgeDistance="2.475mm" directions="left" freeSpaceOnLeft="1.1mm" freeSpaceAbove="0.7mm" freeSpaceBelow="2.9mm" left="17.1mm" right="20.9mm" bottom="40.1mm" top="43.9mm" />
    <NearbyComponent name="J_PI" edgeDistance="4.03mm" directions="bottom" freeSpaceOnLeft=">5.0mm" freeSpaceOnRight=">5.0mm" freeSpaceBelow="2.4mm" left="-25.0mm" right="25.0mm" bottom="32.8mm" top="37.2mm" />
</CongestedRegion>

<CongestedRegion probabilityOfFailure="0.1%" left="11.8mm" right="12.8mm" bottom="48.8mm" top="50.2mm" width="1.0mm" height="1.4mm">
    <NearbyComponent name="C_BOOST_IN" edgeDistance="0mm" overlapDepth="1.025mm" directions="left,right,bottom,top" regionWithinComponent left="11.8mm" right="14.6mm" bottom="48.8mm" top="50.2mm" />
    <NearbyComponent name="U_BOOST" edgeDistance="0.725mm" directions="left" freeSpaceOnLeft="1.5mm" freeSpaceAbove=">5.0mm" freeSpaceBelow=">5.0mm" left="9.0mm" right="11.0mm" bottom="48.4mm" top="49.6mm" />
    <NearbyComponent name="R_FB_HI" edgeDistance="1.983mm" directions="right,bottom" freeSpaceOnRight="1.0mm" freeSpaceBelow="1.0mm" left="14.3mm" right="16.7mm" bottom="46.5mm" top="47.5mm" />
    <NearbyComponent name="R_EN" edgeDistance="2.325mm" directions="top" freeSpaceOnLeft=">5.0mm" freeSpaceOnRight=">5.0mm" freeSpaceAbove=">5.0mm" left="11.3mm" right="13.7mm" bottom="52.5mm" top="53.5mm" />
    <NearbyComponent name="C_FEEDFORWARD" edgeDistance="2.975mm" directions="right" freeSpaceOnRight=">5.0mm" freeSpaceAbove=">5.0mm" freeSpaceBelow="2.0mm" left="15.8mm" right="18.2mm" bottom="49.5mm" top="50.5mm" />
    <NearbyComponent name="R_FB_LO" edgeDistance="3.637mm" directions="right,bottom" freeSpaceOnRight="4.0mm" freeSpaceBelow="1.8mm" left="14.3mm" right="16.7mm" bottom="44.5mm" top="45.5mm" />
    <NearbyComponent name="C_BOOST_OUT1" edgeDistance="3.656mm" directions="left,bottom" freeSpaceOnLeft=">5.0mm" freeSpaceBelow="1.5mm" left="4.5mm" right="8.5mm" bottom="45.4mm" top="47.1mm" />
    <NearbyComponent name="L_BOOST" edgeDistance="4.325mm" directions="left" freeSpaceOnLeft=">5.0mm" freeSpaceAbove=">5.0mm" freeSpaceBelow="0.8mm" left="4.5mm" right="7.5mm" bottom="47.9mm" top="50.1mm" />
</CongestedRegion>

<CongestedRegion probabilityOfFailure="0.1%" left="7.4mm" right="8.5mm" bottom="42.1mm" top="43.9mm" width="1.1mm" height="1.8mm">
    <NearbyComponent name="C_BOOST_OUT2" edgeDistance="0mm" overlapDepth="1.125mm" directions="left,right,bottom,top" regionWithinComponent left="4.5mm" right="8.5mm" bottom="42.1mm" top="43.9mm" />
    <NearbyComponent name="C_BOOST_OUT1" edgeDistance="1.5mm" directions="top" freeSpaceOnLeft=">5.0mm" freeSpaceOnRight=">5.0mm" freeSpaceAbove=">5.0mm" left="4.5mm" right="8.5mm" bottom="45.4mm" top="47.1mm" />
    <NearbyComponent name="L_BOOST" edgeDistance="4.025mm" directions="top" freeSpaceOnLeft=">5.0mm" freeSpaceOnRight="1.5mm" freeSpaceAbove=">5.0mm" left="4.5mm" right="7.5mm" bottom="47.9mm" top="50.1mm" />
    <NearbyComponent name="U_BOOST" edgeDistance="4.495mm" directions="right,top" freeSpaceOnRight="0.7mm" freeSpaceAbove=">5.0mm" left="9.0mm" right="11.0mm" bottom="48.4mm" top="49.6mm" />
    <NearbyComponent name="C_BAT" edgeDistance="4.55mm" directions="right" freeSpaceOnRight="1.1mm" freeSpaceAbove="1.8mm" freeSpaceBelow="0.8mm" left="13.1mm" right="15.9mm" bottom="41.3mm" top="42.7mm" />
    <NearbyComponent name="R_ISET" edgeDistance="4.559mm" directions="right,bottom" freeSpaceOnRight="1.8mm" freeSpaceBelow="2.4mm" left="12.8mm" right="15.2mm" bottom="39.5mm" top="40.5mm" />
    <NearbyComponent name="J_PI" edgeDistance="4.955mm" directions="bottom" freeSpaceOnLeft=">5.0mm" freeSpaceOnRight=">5.0mm" freeSpaceBelow="2.4mm" left="-25.0mm" right="25.0mm" bottom="32.8mm" top="37.2mm" />
</CongestedRegion>

<CongestedRegion probabilityOfFailure="0.1%" left="4.5mm" right="5.6mm" bottom="42.1mm" top="43.9mm" width="1.1mm" height="1.8mm">
    <NearbyComponent name="C_BOOST_OUT2" edgeDistance="0mm" overlapDepth="1.125mm" directions="left,right,bottom,top" regionWithinComponent left="4.5mm" right="8.5mm" bottom="42.1mm" top="43.9mm" />
    <NearbyComponent name="C_BOOST_OUT1" edgeDistance="1.5mm" directions="top" freeSpaceOnLeft=">5.0mm" freeSpaceOnRight=">5.0mm" freeSpaceAbove=">5.0mm" left="4.5mm" right="8.5mm" bottom="45.4mm" top="47.1mm" />
    <NearbyComponent name="L_BOOST" edgeDistance="4.025mm" directions="top" freeSpaceOnLeft=">5.0mm" freeSpaceOnRight="1.5mm" freeSpaceAbove=">5.0mm" left="4.5mm" right="7.5mm" bottom="47.9mm" top="50.1mm" />
    <NearbyComponent name="J_PI" edgeDistance="4.955mm" directions="bottom" freeSpaceOnLeft=">5.0mm" freeSpaceOnRight=">5.0mm" freeSpaceBelow="2.4mm" left="-25.0mm" right="25.0mm" bottom="32.8mm" top="37.2mm" />
</CongestedRegion>

<CongestedRegion probabilityOfFailure="0.1%" left="-34.1mm" right="-31.6mm" bottom="24.9mm" top="26.9mm" width="2.5mm" height="2.0mm">
    <NearbyComponent name="J_LCD" edgeDistance="0mm" overlapDepth="2mm" directions="left,right,bottom,top" regionWithinComponent left="-36.0mm" right="-31.6mm" bottom="13.1mm" top="26.9mm" />
</CongestedRegion>

<CongestedRegion probabilityOfFailure="0.1%" left="13.1mm" right="14.9mm" bottom="35.4mm" top="37.2mm" width="1.8mm" height="1.8mm">
    <NearbyComponent name="J_PI" edgeDistance="0mm" overlapDepth="1.8mm" directions="left,right,bottom,top" regionWithinComponent left="-25.0mm" right="25.0mm" bottom="32.8mm" top="37.2mm" />
    <NearbyComponent name="R_ISET" edgeDistance="2.355mm" directions="top" freeSpaceOnLeft=">5.0mm" freeSpaceOnRight="1.8mm" freeSpaceAbove="0.8mm" left="12.8mm" right="15.2mm" bottom="39.5mm" top="40.5mm" />
    <NearbyComponent name="U_CHARGE" edgeDistance="3.647mm" directions="right,top" freeSpaceOnRight="0.6mm" freeSpaceAbove="0.7mm" left="17.1mm" right="20.9mm" bottom="40.1mm" top="43.9mm" />
    <NearbyComponent name="C_BAT" edgeDistance="4.13mm" directions="top" freeSpaceOnLeft="4.5mm" freeSpaceOnRight="1.1mm" freeSpaceAbove="1.8mm" left="13.1mm" right="15.9mm" bottom="41.3mm" top="42.7mm" />
</CongestedRegion>

<CongestedRegion probabilityOfFailure="0.1%" left="8.0mm" right="9.8mm" bottom="32.8mm" top="34.6mm" width="1.8mm" height="1.8mm">
    <NearbyComponent name="J_PI" edgeDistance="0mm" overlapDepth="1.8mm" directions="left,right,bottom,top" regionWithinComponent left="-25.0mm" right="25.0mm" bottom="32.8mm" top="37.2mm" />
</CongestedRegion>

<CongestedRegion probabilityOfFailure="0.1%" left="0.4mm" right="2.2mm" bottom="32.8mm" top="34.6mm" width="1.8mm" height="1.8mm">
    <NearbyComponent name="J_PI" edgeDistance="0mm" overlapDepth="1.8mm" directions="left,right,bottom,top" regionWithinComponent left="-25.0mm" right="25.0mm" bottom="32.8mm" top="37.2mm" />
</CongestedRegion>

<CongestedRegion probabilityOfFailure="0.1%" left="-7.3mm" right="-5.5mm" bottom="35.4mm" top="37.2mm" width="1.8mm" height="1.8mm">
    <NearbyComponent name="J_PI" edgeDistance="0mm" overlapDepth="1.8mm" directions="left,right,bottom,top" regionWithinComponent left="-25.0mm" right="25.0mm" bottom="32.8mm" top="37.2mm" />
</CongestedRegion>

<CongestedRegion probabilityOfFailure="0.1%" left="-12.3mm" right="-10.5mm" bottom="32.8mm" top="34.6mm" width="1.8mm" height="1.8mm">
    <NearbyComponent name="J_PI" edgeDistance="0mm" overlapDepth="1.8mm" directions="left,right,bottom,top" regionWithinComponent left="-25.0mm" right="25.0mm" bottom="32.8mm" top="37.2mm" />
</CongestedRegion>

<CongestedRegion probabilityOfFailure="0.1%" left="-17.4mm" right="-15.6mm" bottom="32.8mm" top="34.6mm" width="1.8mm" height="1.8mm">
    <NearbyComponent name="J_PI" edgeDistance="0mm" overlapDepth="1.8mm" directions="left,right,bottom,top" regionWithinComponent left="-25.0mm" right="25.0mm" bottom="32.8mm" top="37.2mm" />
</CongestedRegion>

<CongestedRegion probabilityOfFailure="0.1%" left="-25.0mm" right="-23.2mm" bottom="35.4mm" top="37.2mm" width="1.8mm" height="1.8mm">
    <NearbyComponent name="J_PI" edgeDistance="0mm" overlapDepth="1.8mm" directions="left,right,bottom,top" regionWithinComponent left="-25.0mm" right="25.0mm" bottom="32.8mm" top="37.2mm" />
</CongestedRegion>

<CongestedRegion probabilityOfFailure="0.1%" left="20.1mm" right="21.3mm" bottom="54.2mm" top="56.2mm" width="1.2mm" height="2.0mm">
    <NearbyComponent name="J_USB" edgeDistance="0mm" overlapDepth="1.2mm" directions="right,bottom,top" freeSpaceOnRight=">5.0mm" left="20.1mm" right="29.9mm" bottom="53.8mm" top="60.3mm" />
    <NearbyComponent name="R_CC2" edgeDistance="2.765mm" directions="right,bottom" freeSpaceOnRight="1.5mm" freeSpaceBelow="4.9mm" left="21.8mm" right="24.2mm" bottom="50.5mm" top="51.5mm" />
    <NearbyComponent name="C_FEEDFORWARD" edgeDistance="4.154mm" directions="left,bottom" freeSpaceOnLeft="1.1mm" freeSpaceBelow="2.0mm" left="15.8mm" right="18.2mm" bottom="49.5mm" top="50.5mm" />
</CongestedRegion>

<CongestedRegion probabilityOfFailure="0.1%" left="28.7mm" right="29.9mm" bottom="54.2mm" top="56.2mm" width="1.2mm" height="2.0mm">
    <NearbyComponent name="J_USB" edgeDistance="0mm" overlapDepth="1.2mm" directions="left,right,bottom,top" regionWithinComponent left="20.1mm" right="29.9mm" bottom="53.8mm" top="60.3mm" />
    <NearbyComponent name="R_CC1" edgeDistance="2.765mm" directions="left,bottom" freeSpaceOnLeft="1.5mm" freeSpaceBelow=">5.0mm" left="25.8mm" right="28.2mm" bottom="50.5mm" top="51.5mm" />
    <NearbyComponent name="U_USB_ESD" edgeDistance="2.841mm" directions="right,bottom" freeSpaceOnRight=">5.0mm" freeSpaceBelow="3.5mm" left="31.3mm" right="34.7mm" bottom="49.3mm" top="51.7mm" />
</CongestedRegion>

<CongestedRegion probabilityOfFailure="0.1%" left="-8.8mm" right="-7.3mm" bottom="46.3mm" top="47.8mm" width="1.5mm" height="1.5mm">
    <NearbyComponent name="TP_3V3" edgeDistance="0mm" overlapDepth="1.5mm" directions="left,right,bottom,top" containedWithinBounds left="-8.8mm" right="-7.3mm" bottom="46.3mm" top="47.8mm" />
    <NearbyComponent name="TP_5V" edgeDistance="4.5mm" directions="left" freeSpaceOnLeft="4.5mm" freeSpaceAbove=">5.0mm" freeSpaceBelow=">5.0mm" left="-14.8mm" right="-13.3mm" bottom="46.3mm" top="47.8mm" />
</CongestedRegion>

<CongestedRegion probabilityOfFailure="0.1%" left="-5.5mm" right="-4.9mm" bottom="-17.3mm" top="-16.7mm" width="0.7mm" height="0.6mm">
    <NearbyComponent name="C_KEYS_BULK" edgeDistance="0.05mm" directions="left" freeSpaceOnLeft=">5.0mm" freeSpaceAbove="2.1mm" freeSpaceBelow=">5.0mm" left="-8.4mm" right="-5.6mm" bottom="-17.7mm" top="-16.3mm" />
    <NearbyComponent name="U_KEYS" edgeDistance="2.467mm" directions="top" freeSpaceOnLeft=">5.0mm" freeSpaceOnRight=">5.0mm" freeSpaceAbove="2.3mm" left="-8.6mm" right="8.6mm" bottom="-14.2mm" top="-1.8mm" />
</CongestedRegion>

<CongestedRegion probabilityOfFailure="0.1%" left="37.3mm" right="37.9mm" bottom="43.2mm" top="43.8mm" width="0.7mm" height="0.7mm">
    <NearbyComponent name="J_OFF" edgeDistance="1.325mm" directions="left,top" freeSpaceOnLeft=">5.0mm" freeSpaceAbove="3.5mm" left="32.0mm" right="36.0mm" bottom="44.3mm" top="45.8mm" />
</CongestedRegion>

<CongestedRegion probabilityOfFailure="0.1%" left="18.5mm" right="19.1mm" bottom="9.7mm" top="10.3mm" width="0.6mm" height="0.6mm">
    <NearbyComponent name="U_AUDIO" edgeDistance="0mm" overlapDepth="0.125mm" directions="left,top" freeSpaceOnLeft=">5.0mm" freeSpaceAbove="3.4mm" left="15.2mm" right="18.8mm" bottom="10.2mm" top="13.8mm" />
    <NearbyComponent name="C_AUDIO_BULK" edgeDistance="0.45mm" directions="right" freeSpaceOnRight=">5.0mm" freeSpaceAbove=">5.0mm" freeSpaceBelow=">5.0mm" left="19.6mm" right="22.4mm" bottom="8.3mm" top="9.7mm" />
    <NearbyComponent name="C_AUDIO_HF" edgeDistance="1.726mm" directions="right,top" freeSpaceOnRight=">5.0mm" freeSpaceAbove="4.3mm" left="19.4mm" right="21.9mm" bottom="12.0mm" top="13.0mm" />
    <NearbyComponent name="R_AUDIO_EN" edgeDistance="2.2mm" directions="bottom" freeSpaceOnLeft="1.5mm" freeSpaceOnRight=">5.0mm" freeSpaceBelow=">5.0mm" left="17.8mm" right="20.2mm" bottom="6.5mm" top="7.5mm" />
    <NearbyComponent name="R_AUDIO_PD" edgeDistance="3.147mm" directions="left,bottom" freeSpaceOnLeft=">5.0mm" freeSpaceBelow=">5.0mm" left="13.8mm" right="16.2mm" bottom="6.5mm" top="7.5mm" />
</CongestedRegion>

<CongestedRegion probabilityOfFailure="0.1%" left="20.4mm" right="21.0mm" bottom="6.7mm" top="7.3mm" width="0.6mm" height="0.7mm">
    <NearbyComponent name="R_AUDIO_EN" edgeDistance="0.15mm" directions="left" freeSpaceOnLeft="1.5mm" freeSpaceAbove="0.8mm" freeSpaceBelow=">5.0mm" left="17.8mm" right="20.2mm" bottom="6.5mm" top="7.5mm" />
    <NearbyComponent name="C_AUDIO_BULK" edgeDistance="0.975mm" directions="top" freeSpaceOnLeft=">5.0mm" freeSpaceOnRight=">5.0mm" freeSpaceAbove=">5.0mm" left="19.6mm" right="22.4mm" bottom="8.3mm" top="9.7mm" />
    <NearbyComponent name="U_AUDIO" edgeDistance="3.278mm" directions="left,top" freeSpaceOnLeft=">5.0mm" freeSpaceAbove="3.4mm" left="15.2mm" right="18.8mm" bottom="10.2mm" top="13.8mm" />
    <NearbyComponent name="R_AUDIO_PD" edgeDistance="4.15mm" directions="left" freeSpaceOnLeft=">5.0mm" freeSpaceAbove="2.7mm" freeSpaceBelow=">5.0mm" left="13.8mm" right="16.2mm" bottom="6.5mm" top="7.5mm" />
    <NearbyComponent name="C_AUDIO_HF" edgeDistance="4.7mm" directions="top" freeSpaceOnLeft="0.6mm" freeSpaceOnRight=">5.0mm" freeSpaceAbove="4.3mm" left="19.4mm" right="21.9mm" bottom="12.0mm" top="13.0mm" />
</CongestedRegion>

<CongestedRegion probabilityOfFailure="0.1%" left="22.0mm" right="22.7mm" bottom="12.2mm" top="12.8mm" width="0.6mm" height="0.6mm">
    <NearbyComponent name="C_AUDIO_HF" edgeDistance="0.15mm" directions="left" freeSpaceOnLeft="0.6mm" freeSpaceAbove="4.3mm" freeSpaceBelow="2.3mm" left="19.4mm" right="21.9mm" bottom="12.0mm" top="13.0mm" />
    <NearbyComponent name="C_AUDIO_BULK" edgeDistance="2.475mm" directions="bottom" freeSpaceOnLeft=">5.0mm" freeSpaceOnRight=">5.0mm" freeSpaceBelow=">5.0mm" left="19.6mm" right="22.4mm" bottom="8.3mm" top="9.7mm" />
    <NearbyComponent name="U_AUDIO" edgeDistance="3.225mm" directions="left" freeSpaceOnLeft=">5.0mm" freeSpaceAbove="3.4mm" freeSpaceBelow="2.7mm" left="15.2mm" right="18.8mm" bottom="10.2mm" top="13.8mm" />
    <NearbyComponent name="J_SPEAKER" edgeDistance="4.858mm" directions="left,top" freeSpaceOnLeft=">5.0mm" freeSpaceAbove=">5.0mm" left="16.0mm" right="20.0mm" bottom="17.3mm" top="18.8mm" />
</CongestedRegion>

<CongestedRegion probabilityOfFailure="0.1%" left="22.7mm" right="23.3mm" bottom="39.6mm" top="40.2mm" width="0.6mm" height="0.7mm">
    <NearbyComponent name="C_SYS" edgeDistance="0.975mm" directions="top" freeSpaceOnLeft="0.6mm" freeSpaceOnRight="0.8mm" freeSpaceAbove=">5.0mm" left="21.6mm" right="24.4mm" bottom="41.2mm" top="42.6mm" />
    <NearbyComponent name="U_CHARGE" edgeDistance="1.75mm" directions="left" freeSpaceOnLeft="1.1mm" freeSpaceAbove="0.7mm" freeSpaceBelow="2.9mm" left="17.1mm" right="20.9mm" bottom="40.1mm" top="43.9mm" />
    <NearbyComponent name="J_PI" edgeDistance="2.405mm" directions="bottom" freeSpaceOnLeft=">5.0mm" freeSpaceOnRight=">5.0mm" freeSpaceBelow="2.4mm" left="-25.0mm" right="25.0mm" bottom="32.8mm" top="37.2mm" />
    <NearbyComponent name="R_ILIM" edgeDistance="3.015mm" directions="right,top" freeSpaceOnRight=">5.0mm" freeSpaceAbove=">5.0mm" left="25.3mm" right="27.7mm" bottom="42.5mm" top="43.5mm" />
    <NearbyComponent name="C_USB" edgeDistance="4.4mm" directions="top" freeSpaceOnLeft="4.0mm" freeSpaceOnRight=">5.0mm" freeSpaceAbove="4.9mm" left="20.8mm" right="23.2mm" bottom="44.6mm" top="45.6mm" />
</CongestedRegion>

<CongestedRegion probabilityOfFailure="0.1%" left="19.5mm" right="20.1mm" bottom="48.0mm" top="48.6mm" width="0.6mm" height="0.7mm">
    <NearbyComponent name="R_TIMER" edgeDistance="0.5mm" directions="bottom" freeSpaceOnLeft="1.0mm" freeSpaceOnRight=">5.0mm" freeSpaceBelow="2.6mm" left="17.8mm" right="20.2mm" bottom="46.5mm" top="47.5mm" />
    <NearbyComponent name="C_FEEDFORWARD" edgeDistance="1.561mm" directions="left,top" freeSpaceOnLeft="1.1mm" freeSpaceAbove=">5.0mm" left="15.8mm" right="18.2mm" bottom="49.5mm" top="50.5mm" />
    <NearbyComponent name="C_USB" edgeDistance="2.48mm" directions="right,bottom" freeSpaceOnRight=">5.0mm" freeSpaceBelow="0.7mm" left="20.8mm" right="23.2mm" bottom="44.6mm" top="45.6mm" />
    <NearbyComponent name="R_CC2" edgeDistance="2.5mm" directions="right,top" freeSpaceOnRight="1.5mm" freeSpaceAbove="2.3mm" left="21.8mm" right="24.2mm" bottom="50.5mm" top="51.5mm" />
    <NearbyComponent name="R_FB_HI" edgeDistance="2.82mm" directions="left,bottom" freeSpaceOnLeft=">5.0mm" freeSpaceBelow="1.0mm" left="14.3mm" right="16.7mm" bottom="46.5mm" top="47.5mm" />
    <NearbyComponent name="R_FB_LO" edgeDistance="3.735mm" directions="left,bottom" freeSpaceOnLeft=">5.0mm" freeSpaceBelow="1.8mm" left="14.3mm" right="16.7mm" bottom="44.5mm" top="45.5mm" />
    <NearbyComponent name="U_CHARGE" edgeDistance="4.05mm" directions="bottom" freeSpaceOnLeft="1.1mm" freeSpaceOnRight="0.6mm" freeSpaceBelow="2.9mm" left="17.1mm" right="20.9mm" bottom="40.1mm" top="43.9mm" />
    <NearbyComponent name="C_BOOST_IN" edgeDistance="4.878mm" directions="left,top" freeSpaceOnLeft="0.7mm" freeSpaceAbove=">5.0mm" left="11.8mm" right="14.6mm" bottom="48.8mm" top="50.2mm" />
</CongestedRegion>

<CongestedRegion probabilityOfFailure="0.1%" left="23.8mm" right="24.4mm" bottom="44.8mm" top="45.4mm" width="0.6mm" height="0.7mm">
    <NearbyComponent name="C_USB" edgeDistance="0.55mm" directions="left" freeSpaceOnLeft="4.0mm" freeSpaceAbove="4.9mm" freeSpaceBelow="0.7mm" left="20.8mm" right="23.2mm" bottom="44.6mm" top="45.6mm" />
    <NearbyComponent name="R_ILIM" edgeDistance="1.553mm" directions="right,bottom" freeSpaceOnRight=">5.0mm" freeSpaceBelow=">5.0mm" left="25.3mm" right="27.7mm" bottom="42.5mm" top="43.5mm" />
    <NearbyComponent name="C_SYS" edgeDistance="2.175mm" directions="bottom" freeSpaceOnLeft="0.6mm" freeSpaceOnRight="0.8mm" freeSpaceBelow="4.0mm" left="21.6mm" right="24.4mm" bottom="41.2mm" top="42.6mm" />
    <NearbyComponent name="U_CHARGE" edgeDistance="2.974mm" directions="left,bottom" freeSpaceOnLeft="1.1mm" freeSpaceBelow="2.9mm" left="17.1mm" right="20.9mm" bottom="40.1mm" top="43.9mm" />
    <NearbyComponent name="R_TIMER" edgeDistance="3.717mm" directions="left,top" freeSpaceOnLeft="1.0mm" freeSpaceAbove=">5.0mm" left="17.8mm" right="20.2mm" bottom="46.5mm" top="47.5mm" />
    <NearbyComponent name="C_USB_ESD" edgeDistance="3.954mm" directions="right,top" freeSpaceOnRight=">5.0mm" freeSpaceAbove=">5.0mm" left="27.8mm" right="30.2mm" bottom="47.5mm" top="48.5mm" />
</CongestedRegion>

<CongestedRegion probabilityOfFailure="0.1%" left="24.8mm" right="25.4mm" bottom="41.6mm" top="42.2mm" width="0.6mm" height="0.7mm">
    <NearbyComponent name="R_ILIM" edgeDistance="0.3mm" directions="top" freeSpaceOnLeft="0.8mm" freeSpaceOnRight=">5.0mm" freeSpaceAbove=">5.0mm" left="25.3mm" right="27.7mm" bottom="42.5mm" top="43.5mm" />
    <NearbyComponent name="C_SYS" edgeDistance="0.35mm" directions="left" freeSpaceOnLeft="0.6mm" freeSpaceAbove=">5.0mm" freeSpaceBelow="4.0mm" left="21.6mm" right="24.4mm" bottom="41.2mm" top="42.6mm" />
    <NearbyComponent name="C_USB" edgeDistance="2.857mm" directions="left,top" freeSpaceOnLeft="4.0mm" freeSpaceAbove="4.9mm" left="20.8mm" right="23.2mm" bottom="44.6mm" top="45.6mm" />
    <NearbyComponent name="U_CHARGE" edgeDistance="3.85mm" directions="left" freeSpaceOnLeft="1.1mm" freeSpaceAbove="0.7mm" freeSpaceBelow="2.9mm" left="17.1mm" right="20.9mm" bottom="40.1mm" top="43.9mm" />
    <NearbyComponent name="J_PI" edgeDistance="4.405mm" directions="bottom" freeSpaceOnLeft=">5.0mm" freeSpaceOnRight=">5.0mm" freeSpaceBelow="2.4mm" left="-25.0mm" right="25.0mm" bottom="32.8mm" top="37.2mm" />
</CongestedRegion>

<CongestedRegion probabilityOfFailure="0.1%" left="27.7mm" right="28.3mm" bottom="14.2mm" top="14.8mm" width="0.6mm" height="0.6mm">
    <NearbyComponent name="C_GAUGE" edgeDistance="0.45mm" directions="right" freeSpaceOnRight="0.5mm" freeSpaceAbove="1.9mm" freeSpaceBelow=">5.0mm" left="28.8mm" right="31.2mm" bottom="14.0mm" top="15.0mm" />
    <NearbyComponent name="U_GAUGE" edgeDistance="3.443mm" directions="right,top" freeSpaceOnRight=">5.0mm" freeSpaceAbove=">5.0mm" left="31.1mm" right="32.9mm" bottom="16.8mm" top="19.2mm" />
    <NearbyComponent name="R_ALERT_PULL" edgeDistance="3.45mm" directions="right" freeSpaceOnRight=">5.0mm" freeSpaceAbove=">5.0mm" freeSpaceBelow=">5.0mm" left="31.8mm" right="34.2mm" bottom="14.5mm" top="15.5mm" />
</CongestedRegion>

<CongestedRegion probabilityOfFailure="0.1%" left="28.9mm" right="29.5mm" bottom="15.8mm" top="16.4mm" width="0.6mm" height="0.6mm">
    <NearbyComponent name="C_GAUGE" edgeDistance="0.8mm" directions="bottom" freeSpaceOnLeft=">5.0mm" freeSpaceOnRight="0.5mm" freeSpaceBelow=">5.0mm" left="28.8mm" right="31.2mm" bottom="14.0mm" top="15.0mm" />
    <NearbyComponent name="U_GAUGE" edgeDistance="1.641mm" directions="right,top" freeSpaceOnRight=">5.0mm" freeSpaceAbove=">5.0mm" left="31.1mm" right="32.9mm" bottom="16.8mm" top="19.2mm" />
    <NearbyComponent name="R_ALERT_PULL" edgeDistance="2.27mm" directions="right,bottom" freeSpaceOnRight=">5.0mm" freeSpaceBelow=">5.0mm" left="31.8mm" right="34.2mm" bottom="14.5mm" top="15.5mm" />
</CongestedRegion>

<CongestedRegion probabilityOfFailure="0.1%" left="24.9mm" right="25.6mm" bottom="55.4mm" top="56.1mm" width="0.6mm" height="0.7mm">
    <NearbyComponent name="J_USB" edgeDistance="0mm" overlapDepth="0.65mm" directions="left,right,bottom,top" regionWithinComponent left="20.1mm" right="29.9mm" bottom="53.8mm" top="60.3mm" />
    <NearbyComponent name="R_CC1" edgeDistance="3.955mm" directions="right,bottom" freeSpaceOnRight="3.1mm" freeSpaceBelow=">5.0mm" left="25.8mm" right="28.2mm" bottom="50.5mm" top="51.5mm" />
    <NearbyComponent name="R_CC2" edgeDistance="4.012mm" directions="left,bottom" freeSpaceOnLeft=">5.0mm" freeSpaceBelow="4.9mm" left="21.8mm" right="24.2mm" bottom="50.5mm" top="51.5mm" />
</CongestedRegion>

<CongestedRegion probabilityOfFailure="0.1%" left="23.9mm" right="24.6mm" bottom="55.4mm" top="56.1mm" width="0.6mm" height="0.7mm">
    <NearbyComponent name="J_USB" edgeDistance="0mm" overlapDepth="0.65mm" directions="left,right,bottom,top" regionWithinComponent left="20.1mm" right="29.9mm" bottom="53.8mm" top="60.3mm" />
    <NearbyComponent name="R_CC2" edgeDistance="3.95mm" directions="bottom" freeSpaceOnLeft=">5.0mm" freeSpaceOnRight="1.5mm" freeSpaceBelow="4.9mm" left="21.8mm" right="24.2mm" bottom="50.5mm" top="51.5mm" />
    <NearbyComponent name="R_CC1" edgeDistance="4.128mm" directions="right,bottom" freeSpaceOnRight="3.1mm" freeSpaceBelow=">5.0mm" left="25.8mm" right="28.2mm" bottom="50.5mm" top="51.5mm" />
</CongestedRegion>

<CongestedRegion probabilityOfFailure="0.1%" left="30.2mm" right="30.8mm" bottom="51.1mm" top="51.8mm" width="0.6mm" height="0.7mm">
    <NearbyComponent name="U_USB_ESD" edgeDistance="0.49mm" directions="right" freeSpaceOnRight=">5.0mm" freeSpaceAbove=">5.0mm" freeSpaceBelow="3.5mm" left="31.3mm" right="34.7mm" bottom="49.3mm" top="51.7mm" />
    <NearbyComponent name="R_CC1" edgeDistance="1.95mm" directions="left" freeSpaceOnLeft="1.5mm" freeSpaceAbove="2.3mm" freeSpaceBelow=">5.0mm" left="25.8mm" right="28.2mm" bottom="50.5mm" top="51.5mm" />
    <NearbyComponent name="J_USB" edgeDistance="2.017mm" directions="left,top" freeSpaceOnLeft=">5.0mm" freeSpaceAbove=">5.0mm" left="20.1mm" right="29.9mm" bottom="53.8mm" top="60.3mm" />
    <NearbyComponent name="C_USB_ESD" edgeDistance="2.65mm" directions="bottom" freeSpaceOnLeft=">5.0mm" freeSpaceOnRight=">5.0mm" freeSpaceBelow=">5.0mm" left="27.8mm" right="30.2mm" bottom="47.5mm" top="48.5mm" />
</CongestedRegion>

<CongestedRegion probabilityOfFailure="0.1%" left="24.4mm" right="25.1mm" bottom="52.3mm" top="52.9mm" width="0.6mm" height="0.7mm">
    <NearbyComponent name="R_CC2" edgeDistance="0.825mm" directions="left,bottom" freeSpaceOnLeft=">5.0mm" freeSpaceBelow="4.9mm" left="21.8mm" right="24.2mm" bottom="50.5mm" top="51.5mm" />
    <NearbyComponent name="J_USB" edgeDistance="0.851mm" directions="top" freeSpaceOnLeft=">5.0mm" freeSpaceOnRight=">5.0mm" freeSpaceAbove=">5.0mm" left="20.1mm" right="29.9mm" bottom="53.8mm" top="60.3mm" />
    <NearbyComponent name="R_CC1" edgeDistance="1.063mm" directions="right,bottom" freeSpaceOnRight="3.1mm" freeSpaceBelow=">5.0mm" left="25.8mm" right="28.2mm" bottom="50.5mm" top="51.5mm" />
    <NearbyComponent name="C_USB_ESD" edgeDistance="4.662mm" directions="right,bottom" freeSpaceOnRight=">5.0mm" freeSpaceBelow=">5.0mm" left="27.8mm" right="30.2mm" bottom="47.5mm" top="48.5mm" />
</CongestedRegion>

<CongestedRegion probabilityOfFailure="0.1%" left="25.4mm" right="26.1mm" bottom="52.3mm" top="52.9mm" width="0.6mm" height="0.7mm">
    <NearbyComponent name="R_CC1" edgeDistance="0.8mm" directions="bottom" freeSpaceOnLeft="1.5mm" freeSpaceOnRight="3.1mm" freeSpaceBelow=">5.0mm" left="25.8mm" right="28.2mm" bottom="50.5mm" top="51.5mm" />
    <NearbyComponent name="J_USB" edgeDistance="0.851mm" directions="top" freeSpaceOnLeft=">5.0mm" freeSpaceOnRight=">5.0mm" freeSpaceAbove=">5.0mm" left="20.1mm" right="29.9mm" bottom="53.8mm" top="60.3mm" />
    <NearbyComponent name="R_CC2" edgeDistance="1.442mm" directions="left,bottom" freeSpaceOnLeft=">5.0mm" freeSpaceBelow="4.9mm" left="21.8mm" right="24.2mm" bottom="50.5mm" top="51.5mm" />
    <NearbyComponent name="C_USB_ESD" edgeDistance="4.163mm" directions="right,bottom" freeSpaceOnRight=">5.0mm" freeSpaceBelow=">5.0mm" left="27.8mm" right="30.2mm" bottom="47.5mm" top="48.5mm" />
</CongestedRegion>

<CongestedRegion probabilityOfFailure="0.1%" left="27.1mm" right="27.7mm" bottom="52.0mm" top="52.6mm" width="0.6mm" height="0.7mm">
    <NearbyComponent name="R_CC1" edgeDistance="0.5mm" directions="bottom" freeSpaceOnLeft="1.5mm" freeSpaceOnRight="3.1mm" freeSpaceBelow=">5.0mm" left="25.8mm" right="28.2mm" bottom="50.5mm" top="51.5mm" />
    <NearbyComponent name="J_USB" edgeDistance="1.151mm" directions="top" freeSpaceOnLeft=">5.0mm" freeSpaceOnRight=">5.0mm" freeSpaceAbove=">5.0mm" left="20.1mm" right="29.9mm" bottom="53.8mm" top="60.3mm" />
    <NearbyComponent name="R_CC2" edgeDistance="2.893mm" directions="left,bottom" freeSpaceOnLeft=">5.0mm" freeSpaceBelow="4.9mm" left="21.8mm" right="24.2mm" bottom="50.5mm" top="51.5mm" />
    <NearbyComponent name="C_USB_ESD" edgeDistance="3.5mm" directions="right,bottom" freeSpaceOnRight=">5.0mm" freeSpaceBelow=">5.0mm" left="27.8mm" right="30.2mm" bottom="47.5mm" top="48.5mm" />
    <NearbyComponent name="U_USB_ESD" edgeDistance="3.599mm" directions="right,bottom" freeSpaceOnRight=">5.0mm" freeSpaceBelow="3.5mm" left="31.3mm" right="34.7mm" bottom="49.3mm" top="51.7mm" />
</CongestedRegion>

<CongestedRegion probabilityOfFailure="0.1%" left="30.2mm" right="30.9mm" bottom="50.2mm" top="50.8mm" width="0.6mm" height="0.7mm">
    <NearbyComponent name="U_USB_ESD" edgeDistance="0.44mm" directions="right" freeSpaceOnRight=">5.0mm" freeSpaceAbove=">5.0mm" freeSpaceBelow="3.5mm" left="31.3mm" right="34.7mm" bottom="49.3mm" top="51.7mm" />
    <NearbyComponent name="C_USB_ESD" edgeDistance="1.7mm" directions="left,bottom" freeSpaceOnLeft=">5.0mm" freeSpaceBelow=">5.0mm" left="27.8mm" right="30.2mm" bottom="47.5mm" top="48.5mm" />
    <NearbyComponent name="R_CC1" edgeDistance="2mm" directions="left" freeSpaceOnLeft="1.5mm" freeSpaceAbove="2.3mm" freeSpaceBelow=">5.0mm" left="25.8mm" right="28.2mm" bottom="50.5mm" top="51.5mm" />
    <NearbyComponent name="J_USB" edgeDistance="2.966mm" directions="left,top" freeSpaceOnLeft=">5.0mm" freeSpaceAbove=">5.0mm" left="20.1mm" right="29.9mm" bottom="53.8mm" top="60.3mm" />
    <NearbyComponent name="J_OFF" edgeDistance="4.561mm" directions="right,bottom" freeSpaceOnRight=">5.0mm" freeSpaceBelow=">5.0mm" left="32.0mm" right="36.0mm" bottom="44.3mm" top="45.8mm" />
</CongestedRegion>

<CongestedRegion probabilityOfFailure="0.1%" left="-37.0mm" right="-36.4mm" bottom="-4.8mm" top="-4.2mm" width="0.7mm" height="0.7mm">
    <NearbyComponent name="C_LCD_OUT" edgeDistance="1.026mm" directions="left,top" freeSpaceOnLeft=">5.0mm" freeSpaceAbove=">5.0mm" left="-40.2mm" right="-37.8mm" bottom="-3.5mm" top="-2.5mm" />
    <NearbyComponent name="U_LCD_PWR" edgeDistance="2.325mm" directions="right,top" freeSpaceOnRight=">5.0mm" freeSpaceAbove=">5.0mm" left="-36.3mm" right="-33.7mm" bottom="-1.9mm" top="1.9mm" />
</CongestedRegion>

<CongestedRegion probabilityOfFailure="0.1%" left="-36.0mm" right="-35.4mm" bottom="14.4mm" top="15.0mm" width="0.7mm" height="0.6mm">
    <NearbyComponent name="J_LCD" edgeDistance="0mm" overlapDepth="0.65mm" directions="left,right,bottom,top" regionWithinComponent left="-36.0mm" right="-31.6mm" bottom="13.1mm" top="26.9mm" />
</CongestedRegion>

<CongestedRegion probabilityOfFailure="0.1%" left="5.8mm" right="6.5mm" bottom="-14.8mm" top="-14.2mm" width="0.7mm" height="0.6mm">
    <NearbyComponent name="U_KEYS" edgeDistance="0mm" overlapDepth="0.033mm" directions="left,right,top" freeSpaceAbove="2.3mm" left="-8.6mm" right="8.6mm" bottom="-14.2mm" top="-1.8mm" />
    <NearbyComponent name="C_KEYS" edgeDistance="1.881mm" directions="left,bottom" freeSpaceOnLeft=">5.0mm" freeSpaceBelow=">5.0mm" left="1.5mm" right="4.0mm" bottom="-16.0mm" top="-15.0mm" />
</CongestedRegion>

<CongestedRegion probabilityOfFailure="0.1%" left="-1.6mm" right="-0.9mm" bottom="-4.9mm" top="-4.3mm" width="0.6mm" height="0.7mm">
    <NearbyComponent name="U_KEYS" edgeDistance="0mm" overlapDepth="0.65mm" directions="left,right,bottom,top" regionWithinComponent left="-8.6mm" right="8.6mm" bottom="-14.2mm" top="-1.8mm" />
</CongestedRegion>

<CongestedRegion probabilityOfFailure="0.1%" left="19.9mm" right="20.5mm" bottom="39.2mm" top="39.8mm" width="0.6mm" height="0.7mm">
    <NearbyComponent name="U_CHARGE" edgeDistance="0.25mm" directions="top" freeSpaceOnLeft="1.1mm" freeSpaceOnRight="0.6mm" freeSpaceAbove="0.7mm" left="17.1mm" right="20.9mm" bottom="40.1mm" top="43.9mm" />
    <NearbyComponent name="C_SYS" edgeDistance="1.73mm" directions="right,top" freeSpaceOnRight="0.8mm" freeSpaceAbove=">5.0mm" left="21.6mm" right="24.4mm" bottom="41.2mm" top="42.6mm" />
    <NearbyComponent name="J_PI" edgeDistance="2.005mm" directions="bottom" freeSpaceOnLeft=">5.0mm" freeSpaceOnRight=">5.0mm" freeSpaceBelow="2.4mm" left="-25.0mm" right="25.0mm" bottom="32.8mm" top="37.2mm" />
    <NearbyComponent name="C_BAT" edgeDistance="4.216mm" directions="left,top" freeSpaceOnLeft="4.5mm" freeSpaceAbove="1.8mm" left="13.1mm" right="15.9mm" bottom="41.3mm" top="42.7mm" />
    <NearbyComponent name="R_ISET" edgeDistance="4.65mm" directions="left" freeSpaceOnLeft=">5.0mm" freeSpaceAbove="0.8mm" freeSpaceBelow="2.4mm" left="12.8mm" right="15.2mm" bottom="39.5mm" top="40.5mm" />
    <NearbyComponent name="C_USB" edgeDistance="4.807mm" directions="right,top" freeSpaceOnRight=">5.0mm" freeSpaceAbove="4.9mm" left="20.8mm" right="23.2mm" bottom="44.6mm" top="45.6mm" />
</CongestedRegion>

<CongestedRegion probabilityOfFailure="0.1%" left="25.3mm" right="26.0mm" bottom="30.4mm" top="31.0mm" width="0.6mm" height="0.6mm">
    <NearbyComponent name="R_CHG_PULL" edgeDistance="0mm" overlapDepth="0.1mm" directions="left,right,bottom" freeSpaceBelow=">5.0mm" left="23.8mm" right="26.2mm" bottom="29.5mm" top="30.5mm" />
    <NearbyComponent name="J_PI" edgeDistance="1.829mm" directions="left,top" freeSpaceOnLeft=">5.0mm" freeSpaceAbove="2.4mm" left="-25.0mm" right="25.0mm" bottom="32.8mm" top="37.2mm" />
    <NearbyComponent name="R_GOOD_PULL" edgeDistance="2.9mm" directions="bottom" freeSpaceOnLeft=">5.0mm" freeSpaceOnRight=">5.0mm" freeSpaceBelow=">5.0mm" left="23.8mm" right="26.2mm" bottom="26.5mm" top="27.5mm" />
</CongestedRegion>

<CongestedRegion probabilityOfFailure="0.1%" left="6.7mm" right="7.3mm" bottom="-16.1mm" top="-15.5mm" width="0.7mm" height="0.6mm">
    <NearbyComponent name="U_KEYS" edgeDistance="1.267mm" directions="top" freeSpaceOnLeft=">5.0mm" freeSpaceOnRight=">5.0mm" freeSpaceAbove="2.3mm" left="-8.6mm" right="8.6mm" bottom="-14.2mm" top="-1.8mm" />
    <NearbyComponent name="C_KEYS" edgeDistance="2.705mm" directions="left" freeSpaceOnLeft=">5.0mm" freeSpaceAbove="0.8mm" freeSpaceBelow=">5.0mm" left="1.5mm" right="4.0mm" bottom="-16.0mm" top="-15.0mm" />
</CongestedRegion>

<CongestedRegion probabilityOfFailure="0.1%" left="4.4mm" right="5.0mm" bottom="-15.8mm" top="-15.2mm" width="0.7mm" height="0.6mm">
    <NearbyComponent name="C_KEYS" edgeDistance="0.42mm" directions="left" freeSpaceOnLeft=">5.0mm" freeSpaceAbove="0.8mm" freeSpaceBelow=">5.0mm" left="1.5mm" right="4.0mm" bottom="-16.0mm" top="-15.0mm" />
    <NearbyComponent name="U_KEYS" edgeDistance="0.967mm" directions="top" freeSpaceOnLeft=">5.0mm" freeSpaceOnRight=">5.0mm" freeSpaceAbove="2.3mm" left="-8.6mm" right="8.6mm" bottom="-14.2mm" top="-1.8mm" />
</CongestedRegion>

<CongestedRegion probabilityOfFailure="0.1%" left="12.3mm" right="13.1mm" bottom="32.8mm" top="37.2mm" width="0.7mm" height="4.3mm">
    <NearbyComponent name="J_PI" edgeDistance="0mm" overlapDepth="0.74mm" directions="left,right,bottom,top" regionWithinComponent left="-25.0mm" right="25.0mm" bottom="32.8mm" top="37.2mm" />
    <NearbyComponent name="R_ISET" edgeDistance="2.355mm" directions="top" freeSpaceOnLeft=">5.0mm" freeSpaceOnRight="1.8mm" freeSpaceAbove="0.8mm" left="12.8mm" right="15.2mm" bottom="39.5mm" top="40.5mm" />
    <NearbyComponent name="C_BAT" edgeDistance="4.13mm" directions="right,top" freeSpaceOnRight="1.1mm" freeSpaceAbove="1.8mm" left="13.1mm" right="15.9mm" bottom="41.3mm" top="42.7mm" />
    <NearbyComponent name="U_CHARGE" edgeDistance="4.948mm" directions="right,top" freeSpaceOnRight="0.6mm" freeSpaceAbove="0.7mm" left="17.1mm" right="20.9mm" bottom="40.1mm" top="43.9mm" />
</CongestedRegion>

<CongestedRegion probabilityOfFailure="0.1%" left="-15.6mm" right="-14.9mm" bottom="32.8mm" top="37.2mm" width="0.7mm" height="4.3mm">
    <NearbyComponent name="J_PI" edgeDistance="0mm" overlapDepth="0.74mm" directions="left,right,bottom,top" regionWithinComponent left="-25.0mm" right="25.0mm" bottom="32.8mm" top="37.2mm" />
</CongestedRegion>

<CongestedRegion probabilityOfFailure="0.1%" left="4.1mm" right="7.3mm" bottom="-5.8mm" top="-5.2mm" width="3.2mm" height="0.6mm">
    <NearbyComponent name="U_KEYS" edgeDistance="0mm" overlapDepth="0.65mm" directions="left,right,bottom,top" regionWithinComponent left="-8.6mm" right="8.6mm" bottom="-14.2mm" top="-1.8mm" />
</CongestedRegion>

<CongestedRegion probabilityOfFailure="0.1%" left="17.5mm" right="18.5mm" bottom="17.3mm" top="18.8mm" width="1.0mm" height="1.5mm">
    <NearbyComponent name="J_SPEAKER" edgeDistance="0mm" overlapDepth="1.04mm" directions="left,right,bottom,top" regionWithinComponent left="16.0mm" right="20.0mm" bottom="17.3mm" top="18.8mm" />
    <NearbyComponent name="U_AUDIO" edgeDistance="3.45mm" directions="bottom" freeSpaceOnLeft=">5.0mm" freeSpaceOnRight="0.6mm" freeSpaceBelow="2.7mm" left="15.2mm" right="18.8mm" bottom="10.2mm" top="13.8mm" />
    <NearbyComponent name="C_AUDIO_HF" edgeDistance="4.37mm" directions="right,bottom" freeSpaceOnRight=">5.0mm" freeSpaceBelow="2.3mm" left="19.4mm" right="21.9mm" bottom="12.0mm" top="13.0mm" />
</CongestedRegion>

<CongestedRegion probabilityOfFailure="0.1%" left="-6.8mm" right="-4.8mm" bottom="2.4mm" top="3.1mm" width="2.0mm" height="0.7mm">
    <NearbyComponent name="R_RESET" edgeDistance="0.965mm" directions="bottom" freeSpaceOnLeft=">5.0mm" freeSpaceOnRight=">5.0mm" freeSpaceBelow="2.3mm" left="-7.2mm" right="-4.8mm" bottom="0.5mm" top="1.5mm" />
    <NearbyComponent name="U_KEYS" edgeDistance="4.232mm" directions="bottom" freeSpaceOnLeft=">5.0mm" freeSpaceOnRight=">5.0mm" freeSpaceBelow="0.8mm" left="-8.6mm" right="8.6mm" bottom="-14.2mm" top="-1.8mm" />
</CongestedRegion>

<CongestedRegion probabilityOfFailure="0.1%" left="-8.5mm" right="-6.0mm" bottom="-48.0mm" top="-47.3mm" width="2.5mm" height="0.8mm">
    <NearbyComponent name="SW_SELECT" edgeDistance="1.738mm" directions="left,bottom" freeSpaceOnLeft=">5.0mm" freeSpaceBelow=">5.0mm" left="-15.5mm" right="-8.5mm" bottom="-54.2mm" top="-49.8mm" />
    <NearbyComponent name="SW_MENU" edgeDistance="3.924mm" directions="right,top" freeSpaceOnRight=">5.0mm" freeSpaceAbove=">5.0mm" left="-3.5mm" right="3.5mm" bottom="-44.2mm" top="-39.8mm" />
</CongestedRegion>

<CongestedRegion probabilityOfFailure="0.1%" left="-30.5mm" right="-27.5mm" bottom="-27.5mm" top="-26.8mm" width="3.0mm" height="0.8mm">
    <NearbyComponent name="SW_LEFT" edgeDistance="0mm" directions="left" freeSpaceOnLeft=">5.0mm" freeSpaceAbove=">5.0mm" freeSpaceBelow=">5.0mm" left="-37.5mm" right="-30.5mm" bottom="-31.2mm" top="-26.8mm" />
</CongestedRegion>

<CongestedRegion probabilityOfFailure="0.1%" left="10.0mm" right="13.1mm" bottom="24.1mm" top="24.7mm" width="3.1mm" height="0.6mm">
    <NearbyComponent name="R_USB_EN1" edgeDistance="4.68mm" directions="left,bottom" freeSpaceOnLeft=">5.0mm" freeSpaceBelow=">5.0mm" left="6.8mm" right="9.2mm" bottom="18.5mm" top="19.5mm" />
</CongestedRegion>

<CongestedRegion probabilityOfFailure="0.1%" left="19.9mm" right="20.7mm" bottom="32.8mm" top="37.2mm" width="0.7mm" height="4.3mm">
    <NearbyComponent name="J_PI" edgeDistance="0mm" overlapDepth="0.74mm" directions="left,right,bottom,top" regionWithinComponent left="-25.0mm" right="25.0mm" bottom="32.8mm" top="37.2mm" />
    <NearbyComponent name="U_CHARGE" edgeDistance="2.905mm" directions="top" freeSpaceOnLeft="1.1mm" freeSpaceOnRight="0.6mm" freeSpaceAbove="0.7mm" left="17.1mm" right="20.9mm" bottom="40.1mm" top="43.9mm" />
    <NearbyComponent name="R_CHG_PULL" edgeDistance="3.881mm" directions="right,bottom" freeSpaceOnRight=">5.0mm" freeSpaceBelow=">5.0mm" left="23.8mm" right="26.2mm" bottom="29.5mm" top="30.5mm" />
    <NearbyComponent name="C_SYS" edgeDistance="4.126mm" directions="right,top" freeSpaceOnRight="0.8mm" freeSpaceAbove=">5.0mm" left="21.6mm" right="24.4mm" bottom="41.2mm" top="42.6mm" />
</CongestedRegion>

<CongestedRegion probabilityOfFailure="0.1%" left="34.3mm" right="35.8mm" bottom="26.2mm" top="27.3mm" width="1.5mm" height="1.0mm">
    <NearbyComponent name="J_BAT" edgeDistance="0mm" overlapDepth="1.04mm" directions="left,right,bottom,top" regionWithinComponent left="34.3mm" right="35.8mm" bottom="24.7mm" top="31.3mm" />
</CongestedRegion>

<CongestedRegion probabilityOfFailure="0.1%" left="-4.9mm" right="-3.2mm" bottom="-15.6mm" top="-14.9mm" width="1.7mm" height="0.7mm">
    <NearbyComponent name="U_KEYS" edgeDistance="0.667mm" directions="top" freeSpaceOnLeft=">5.0mm" freeSpaceOnRight=">5.0mm" freeSpaceAbove="2.3mm" left="-8.6mm" right="8.6mm" bottom="-14.2mm" top="-1.8mm" />
    <NearbyComponent name="C_KEYS_BULK" edgeDistance="0.997mm" directions="left,bottom" freeSpaceOnLeft=">5.0mm" freeSpaceBelow=">5.0mm" left="-8.4mm" right="-5.6mm" bottom="-17.7mm" top="-16.3mm" />
    <NearbyComponent name="C_KEYS" edgeDistance="4.69mm" directions="right" freeSpaceOnRight=">5.0mm" freeSpaceAbove="0.8mm" freeSpaceBelow=">5.0mm" left="1.5mm" right="4.0mm" bottom="-16.0mm" top="-15.0mm" />
</CongestedRegion>

<CongestedRegion probabilityOfFailure="0.1%" left="-23.2mm" right="-22.5mm" bottom="32.8mm" top="37.2mm" width="0.7mm" height="4.3mm">
    <NearbyComponent name="J_PI" edgeDistance="0mm" overlapDepth="0.74mm" directions="left,right,bottom,top" regionWithinComponent left="-25.0mm" right="25.0mm" bottom="32.8mm" top="37.2mm" />
</CongestedRegion>

<CongestedRegion probabilityOfFailure="0.1%" left="-13.1mm" right="-12.3mm" bottom="32.8mm" top="37.2mm" width="0.7mm" height="4.3mm">
    <NearbyComponent name="J_PI" edgeDistance="0mm" overlapDepth="0.74mm" directions="left,right,bottom,top" regionWithinComponent left="-25.0mm" right="25.0mm" bottom="32.8mm" top="37.2mm" />
</CongestedRegion>

<CongestedRegion probabilityOfFailure="0.1%" left="-10.5mm" right="-9.8mm" bottom="32.8mm" top="37.2mm" width="0.7mm" height="4.3mm">
    <NearbyComponent name="J_PI" edgeDistance="0mm" overlapDepth="0.74mm" directions="left,right,bottom,top" regionWithinComponent left="-25.0mm" right="25.0mm" bottom="32.8mm" top="37.2mm" />
</CongestedRegion>

<CongestedRegion probabilityOfFailure="0.1%" left="-5.5mm" right="-4.7mm" bottom="32.8mm" top="37.2mm" width="0.7mm" height="4.3mm">
    <NearbyComponent name="J_PI" edgeDistance="0mm" overlapDepth="0.74mm" directions="left,right,bottom,top" regionWithinComponent left="-25.0mm" right="25.0mm" bottom="32.8mm" top="37.2mm" />
</CongestedRegion>

<CongestedRegion probabilityOfFailure="0.1%" left="-2.9mm" right="-2.2mm" bottom="32.8mm" top="37.2mm" width="0.7mm" height="4.3mm">
    <NearbyComponent name="J_PI" edgeDistance="0mm" overlapDepth="0.74mm" directions="left,right,bottom,top" regionWithinComponent left="-25.0mm" right="25.0mm" bottom="32.8mm" top="37.2mm" />
</CongestedRegion>

<CongestedRegion probabilityOfFailure="0.1%" left="-0.4mm" right="0.4mm" bottom="32.8mm" top="37.2mm" width="0.7mm" height="4.3mm">
    <NearbyComponent name="J_PI" edgeDistance="0mm" overlapDepth="0.74mm" directions="left,right,bottom,top" regionWithinComponent left="-25.0mm" right="25.0mm" bottom="32.8mm" top="37.2mm" />
</CongestedRegion>

<CongestedRegion probabilityOfFailure="0.1%" left="2.2mm" right="2.9mm" bottom="32.8mm" top="37.2mm" width="0.7mm" height="4.3mm">
    <NearbyComponent name="J_PI" edgeDistance="0mm" overlapDepth="0.74mm" directions="left,right,bottom,top" regionWithinComponent left="-25.0mm" right="25.0mm" bottom="32.8mm" top="37.2mm" />
</CongestedRegion>

<CongestedRegion probabilityOfFailure="0.1%" left="7.2mm" right="8.0mm" bottom="32.8mm" top="37.2mm" width="0.7mm" height="4.3mm">
    <NearbyComponent name="J_PI" edgeDistance="0mm" overlapDepth="0.74mm" directions="left,right,bottom,top" regionWithinComponent left="-25.0mm" right="25.0mm" bottom="32.8mm" top="37.2mm" />
    <NearbyComponent name="C_BOOST_OUT2" edgeDistance="4.955mm" directions="top" freeSpaceOnLeft=">5.0mm" freeSpaceOnRight="4.5mm" freeSpaceAbove="1.5mm" left="4.5mm" right="8.5mm" bottom="42.1mm" top="43.9mm" />
</CongestedRegion>

<CongestedRegion probabilityOfFailure="0.1%" left="9.8mm" right="10.5mm" bottom="32.8mm" top="37.2mm" width="0.7mm" height="4.3mm">
    <NearbyComponent name="J_PI" edgeDistance="0mm" overlapDepth="0.74mm" directions="left,right,bottom,top" regionWithinComponent left="-25.0mm" right="25.0mm" bottom="32.8mm" top="37.2mm" />
    <NearbyComponent name="R_ISET" edgeDistance="3.254mm" directions="right,top" freeSpaceOnRight="1.8mm" freeSpaceAbove="0.8mm" left="12.8mm" right="15.2mm" bottom="39.5mm" top="40.5mm" />
    <NearbyComponent name="C_BAT" edgeDistance="4.851mm" directions="right,top" freeSpaceOnRight="1.1mm" freeSpaceAbove="1.8mm" left="13.1mm" right="15.9mm" bottom="41.3mm" top="42.7mm" />
</CongestedRegion>

<CongestedRegion probabilityOfFailure="0.1%" left="9.9mm" right="12.4mm" bottom="41.7mm" top="42.3mm" width="2.4mm" height="0.7mm">
    <NearbyComponent name="C_BAT" edgeDistance="0.7mm" directions="right" freeSpaceOnRight="1.1mm" freeSpaceAbove="1.8mm" freeSpaceBelow="0.8mm" left="13.1mm" right="15.9mm" bottom="41.3mm" top="42.7mm" />
    <NearbyComponent name="R_ISET" edgeDistance="1.265mm" directions="right,bottom" freeSpaceOnRight="1.8mm" freeSpaceBelow="2.4mm" left="12.8mm" right="15.2mm" bottom="39.5mm" top="40.5mm" />
    <NearbyComponent name="C_BOOST_OUT2" edgeDistance="1.4mm" directions="left" freeSpaceOnLeft=">5.0mm" freeSpaceAbove="1.5mm" freeSpaceBelow="5.0mm" left="4.5mm" right="8.5mm" bottom="42.1mm" top="43.9mm" />
    <NearbyComponent name="R_FB_LO" edgeDistance="2.907mm" directions="right,top" freeSpaceOnRight="4.0mm" freeSpaceAbove="1.0mm" left="14.3mm" right="16.7mm" bottom="44.5mm" top="45.5mm" />
    <NearbyComponent name="C_BOOST_OUT1" edgeDistance="3.356mm" directions="left,top" freeSpaceOnLeft=">5.0mm" freeSpaceAbove=">5.0mm" left="4.5mm" right="8.5mm" bottom="45.4mm" top="47.1mm" />
    <NearbyComponent name="J_PI" edgeDistance="4.505mm" directions="bottom" freeSpaceOnLeft=">5.0mm" freeSpaceOnRight=">5.0mm" freeSpaceBelow="2.4mm" left="-25.0mm" right="25.0mm" bottom="32.8mm" top="37.2mm" />
    <NearbyComponent name="R_FB_HI" edgeDistance="4.61mm" directions="right,top" freeSpaceOnRight="1.0mm" freeSpaceAbove=">5.0mm" left="14.3mm" right="16.7mm" bottom="46.5mm" top="47.5mm" />
    <NearbyComponent name="U_CHARGE" edgeDistance="4.7mm" directions="right" freeSpaceOnRight="0.6mm" freeSpaceAbove="0.7mm" freeSpaceBelow="2.9mm" left="17.1mm" right="20.9mm" bottom="40.1mm" top="43.9mm" />
</CongestedRegion>

<CongestedRegion probabilityOfFailure="0.1%" left="-36.5mm" right="-34.3mm" bottom="-27.5mm" top="-26.8mm" width="2.2mm" height="0.8mm">
    <NearbyComponent name="SW_LEFT" edgeDistance="0mm" overlapDepth="0.75mm" directions="left,right,bottom" freeSpaceBelow=">5.0mm" left="-37.5mm" right="-30.5mm" bottom="-31.2mm" top="-26.8mm" />
</CongestedRegion>

<CongestedRegion probabilityOfFailure="0.1%" left="29.8mm" right="32.9mm" bottom="21.0mm" top="21.7mm" width="3.1mm" height="0.6mm">
    <NearbyComponent name="U_GAUGE" edgeDistance="1.881mm" directions="bottom" freeSpaceOnLeft=">5.0mm" freeSpaceOnRight=">5.0mm" freeSpaceBelow="1.4mm" left="31.1mm" right="32.9mm" bottom="16.8mm" top="19.2mm" />
    <NearbyComponent name="J_BAT" edgeDistance="3.296mm" directions="right,top" freeSpaceOnRight=">5.0mm" freeSpaceAbove=">5.0mm" left="34.3mm" right="35.8mm" bottom="24.7mm" top="31.3mm" />
</CongestedRegion>

<CongestedRegion probabilityOfFailure="0.1%" left="-33.7mm" right="-31.5mm" bottom="-27.5mm" top="-26.8mm" width="2.2mm" height="0.8mm">
    <NearbyComponent name="SW_LEFT" edgeDistance="0mm" overlapDepth="0.75mm" directions="left,right,bottom" freeSpaceBelow=">5.0mm" left="-37.5mm" right="-30.5mm" bottom="-31.2mm" top="-26.8mm" />
</CongestedRegion>

<CongestedRegion probabilityOfFailure="0.1%" left="20.7mm" right="22.5mm" bottom="34.6mm" top="35.4mm" width="1.8mm" height="0.7mm">
    <NearbyComponent name="J_PI" edgeDistance="0mm" overlapDepth="0.74mm" directions="left,right,bottom,top" regionWithinComponent left="-25.0mm" right="25.0mm" bottom="32.8mm" top="37.2mm" />
    <NearbyComponent name="R_CHG_PULL" edgeDistance="4.349mm" directions="right,bottom" freeSpaceOnRight=">5.0mm" freeSpaceBelow=">5.0mm" left="23.8mm" right="26.2mm" bottom="29.5mm" top="30.5mm" />
    <NearbyComponent name="U_CHARGE" edgeDistance="4.705mm" directions="top" freeSpaceOnLeft="1.1mm" freeSpaceOnRight="0.6mm" freeSpaceAbove="0.7mm" left="17.1mm" right="20.9mm" bottom="40.1mm" top="43.9mm" />
</CongestedRegion>

<CongestedRegion probabilityOfFailure="0.1%" left="13.1mm" right="14.9mm" bottom="34.6mm" top="35.4mm" width="1.8mm" height="0.7mm">
    <NearbyComponent name="J_PI" edgeDistance="0mm" overlapDepth="0.74mm" directions="left,right,bottom,top" regionWithinComponent left="-25.0mm" right="25.0mm" bottom="32.8mm" top="37.2mm" />
    <NearbyComponent name="R_ISET" edgeDistance="4.155mm" directions="top" freeSpaceOnLeft=">5.0mm" freeSpaceOnRight="1.8mm" freeSpaceAbove="0.8mm" left="12.8mm" right="15.2mm" bottom="39.5mm" top="40.5mm" />
</CongestedRegion>

<CongestedRegion probabilityOfFailure="0.1%" left="5.4mm" right="7.2mm" bottom="34.6mm" top="35.4mm" width="1.8mm" height="0.7mm">
    <NearbyComponent name="J_PI" edgeDistance="0mm" overlapDepth="0.74mm" directions="left,right,bottom,top" regionWithinComponent left="-25.0mm" right="25.0mm" bottom="32.8mm" top="37.2mm" />
</CongestedRegion>

<CongestedRegion probabilityOfFailure="0.1%" left="2.9mm" right="4.7mm" bottom="34.6mm" top="35.4mm" width="1.8mm" height="0.7mm">
    <NearbyComponent name="J_PI" edgeDistance="0mm" overlapDepth="0.74mm" directions="left,right,bottom,top" regionWithinComponent left="-25.0mm" right="25.0mm" bottom="32.8mm" top="37.2mm" />
</CongestedRegion>

<CongestedRegion probabilityOfFailure="0.1%" left="-2.2mm" right="-0.4mm" bottom="34.6mm" top="35.4mm" width="1.8mm" height="0.7mm">
    <NearbyComponent name="J_PI" edgeDistance="0mm" overlapDepth="0.74mm" directions="left,right,bottom,top" regionWithinComponent left="-25.0mm" right="25.0mm" bottom="32.8mm" top="37.2mm" />
</CongestedRegion>

<CongestedRegion probabilityOfFailure="0.1%" left="-4.7mm" right="-2.9mm" bottom="34.6mm" top="35.4mm" width="1.8mm" height="0.7mm">
    <NearbyComponent name="J_PI" edgeDistance="0mm" overlapDepth="0.74mm" directions="left,right,bottom,top" regionWithinComponent left="-25.0mm" right="25.0mm" bottom="32.8mm" top="37.2mm" />
</CongestedRegion>

<CongestedRegion probabilityOfFailure="0.1%" left="-9.8mm" right="-8.0mm" bottom="34.6mm" top="35.4mm" width="1.8mm" height="0.7mm">
    <NearbyComponent name="J_PI" edgeDistance="0mm" overlapDepth="0.74mm" directions="left,right,bottom,top" regionWithinComponent left="-25.0mm" right="25.0mm" bottom="32.8mm" top="37.2mm" />
</CongestedRegion>

<CongestedRegion probabilityOfFailure="0.1%" left="-14.9mm" right="-13.1mm" bottom="34.6mm" top="35.4mm" width="1.8mm" height="0.7mm">
    <NearbyComponent name="J_PI" edgeDistance="0mm" overlapDepth="0.74mm" directions="left,right,bottom,top" regionWithinComponent left="-25.0mm" right="25.0mm" bottom="32.8mm" top="37.2mm" />
</CongestedRegion>
